ISO-10303-21;
HEADER;
FILE_DESCRIPTION(('ViewDefinition[DesignTransferView]'),'2;1');
FILE_NAME('s04-activity.ifc','2026-10-07T13:07:39+08:00',(''),(''),'IfcOpenShell 0.8.5-post1','Bonsai 0.8.5-post1','Nobody');
FILE_SCHEMA(('IFC4'));
ENDSEC;
DATA;
#1=IFCPROJECT('3iYvkzRhL8df7c_C1TUzft',$,'My Project',$,$,$,$,(#10,#22),#5);
#2=IFCSIUNIT(*,.LENGTHUNIT.,$,.METRE.);
#3=IFCSIUNIT(*,.AREAUNIT.,$,.SQUARE_METRE.);
#4=IFCSIUNIT(*,.VOLUMEUNIT.,$,.CUBIC_METRE.);
#5=IFCUNITASSIGNMENT((#4,#2,#3));
#6=IFCCARTESIANPOINT((0.,0.,0.));
#7=IFCDIRECTION((0.,0.,1.));
#8=IFCDIRECTION((1.,0.,0.));
#9=IFCAXIS2PLACEMENT3D(#6,#7,#8);
#10=IFCGEOMETRICREPRESENTATIONCONTEXT($,'Model',3,1.0000000000000001E-05,#9,$);
#11=IFCGEOMETRICREPRESENTATIONSUBCONTEXT('Body','Model',*,*,*,*,#10,$,.MODEL_VIEW.,$);
#12=IFCGEOMETRICREPRESENTATIONSUBCONTEXT('Axis','Model',*,*,*,*,#10,$,.GRAPH_VIEW.,$);
#13=IFCGEOMETRICREPRESENTATIONSUBCONTEXT('Box','Model',*,*,*,*,#10,$,.MODEL_VIEW.,$);
#14=IFCGEOMETRICREPRESENTATIONSUBCONTEXT('Annotation','Model',*,*,*,*,#10,$,.SECTION_VIEW.,$);
#15=IFCGEOMETRICREPRESENTATIONSUBCONTEXT('Annotation','Model',*,*,*,*,#10,$,.ELEVATION_VIEW.,$);
#16=IFCGEOMETRICREPRESENTATIONSUBCONTEXT('Annotation','Model',*,*,*,*,#10,$,.MODEL_VIEW.,$);
#17=IFCGEOMETRICREPRESENTATIONSUBCONTEXT('Annotation','Model',*,*,*,*,#10,$,.PLAN_VIEW.,$);
#18=IFCGEOMETRICREPRESENTATIONSUBCONTEXT('Profile','Model',*,*,*,*,#10,$,.ELEVATION_VIEW.,$);
#19=IFCCARTESIANPOINT((0.,0.));
#20=IFCDIRECTION((1.,0.));
#21=IFCAXIS2PLACEMENT2D(#19,#20);
#22=IFCGEOMETRICREPRESENTATIONCONTEXT($,'Plan',2,1.0000000000000001E-05,#21,$);
#23=IFCGEOMETRICREPRESENTATIONSUBCONTEXT('Axis','Plan',*,*,*,*,#22,$,.GRAPH_VIEW.,$);
#24=IFCGEOMETRICREPRESENTATIONSUBCONTEXT('Body','Plan',*,*,*,*,#22,$,.PLAN_VIEW.,$);
#25=IFCGEOMETRICREPRESENTATIONSUBCONTEXT('Annotation','Plan',*,*,*,*,#22,$,.PLAN_VIEW.,$);
#26=IFCGEOMETRICREPRESENTATIONSUBCONTEXT('Annotation','Plan',*,*,*,*,#22,$,.REFLECTED_PLAN_VIEW.,$);
#27=IFCSITE('1wdUQ8rJXBkeqWbEh5osA5',$,'My Site',$,$,#50,$,$,$,$,$,$,$,$);
#33=IFCBUILDING('1eKC4jMOLE6R8P33TFbIvx',$,'My Building',$,$,#56,$,$,$,$,$,$);
#39=IFCBUILDINGSTOREY('3zxdDipUbDiB2m_nq1Jgqk',$,'2F',$,$,#6198,$,$,$,$);
#45=IFCRELAGGREGATES('3BIjqrRXH8PBFZWZShACDB',$,$,$,#1,(#27));
#46=IFCCARTESIANPOINT((0.,0.,0.));
#47=IFCDIRECTION((0.,0.,1.));
#48=IFCDIRECTION((1.,0.,0.));
#49=IFCAXIS2PLACEMENT3D(#46,#47,#48);
#50=IFCLOCALPLACEMENT($,#49);
#51=IFCRELAGGREGATES('0h_pJkNPj9ggz3zHbRuU6o',$,$,$,#27,(#33));
#52=IFCCARTESIANPOINT((0.,0.,0.));
#53=IFCDIRECTION((0.,0.,1.));
#54=IFCDIRECTION((1.,0.,0.));
#55=IFCAXIS2PLACEMENT3D(#52,#53,#54);
#56=IFCLOCALPLACEMENT(#50,#55);
#57=IFCRELAGGREGATES('0$OuwkLZb2nRk2EmsxFMGZ',$,$,$,#33,(#63,#39,#12499));
#63=IFCBUILDINGSTOREY('0LbcPWEob2$PAkiXPhHwDV',$,'GF',$,$,#79,$,$,$,$);
#75=IFCCARTESIANPOINT((0.,0.,0.));
#76=IFCDIRECTION((0.,0.,1.));
#77=IFCDIRECTION((1.,0.,0.));
#78=IFCAXIS2PLACEMENT3D(#75,#76,#77);
#79=IFCLOCALPLACEMENT(#56,#78);
#80=IFCWALLTYPE('2zXyJwHRXC9QDKjh0RkFNb',$,'WALL',$,$,(#85),$,$,$,.SOLIDWALL.);
#81=IFCMATERIAL('Unknown',$,$);
#82=IFCMATERIALLAYERSET((#84),$,$);
#83=IFCRELASSOCIATESMATERIAL('2bq9bC$ob0SheOY6HYFEe8',$,$,$,(#80),#82);
#84=IFCMATERIALLAYER(#81,0.10000000000000001,$,$,$,$,$);
#85=IFCPROPERTYSET('1tSO4Lydb2Swtmo_Vv8bhn',$,'EPset_Parametric',$,(#86));
#86=IFCPROPERTYSINGLEVALUE('LayerSetDirection',$,IFCLABEL('AXIS2'),$);
#1140=IFCWALL('3i0o1t64bAHfuJAzG7upF1',$,'Wall',$,$,#2656,#1148,$,$);
#1141=IFCRELCONTAINEDINSPATIALSTRUCTURE('3yE3cXPoT6ihZ7UaGXeMIu',$,$,$,(#2859,#2124,#3539,#1796,#2663,#1140,#13496,#13388,#14200,#13410,#13432,#14255,#12635,#4615,#1721,#13634,#13273,#13295,#13361,#13766,#13570,#13953,#5026,#3932,#1771,#13592,#1696,#13251,#2387,#14052,#2149,#5893,#13224,#13686,#2292,#1821,#3117,#1746,#14126,#1671,#2362,#12700,#6084,#13613,#12812,#14393),#63);
#1142=IFCRELDEFINESBYTYPE('06wmJMJc5Fv9R6sLW6zUE2',$,$,$,(#1140,#1796,#1671,#1721,#2292,#1771,#1696,#1821,#2387,#1746,#2124,#2149,#2362),#80);
#1143=IFCMATERIALLAYERSETUSAGE(#82,.AXIS2.,.POSITIVE.,0.,$);
#1144=IFCRELASSOCIATESMATERIAL('0iES_D_Yf8Ruuk0KQ6U3Rr',$,$,$,(#1140),#1143);
#1148=IFCPRODUCTDEFINITIONSHAPE($,$,(#2651,#2648));
#1164=IFCPROPERTYSET('0sbA1j5OjCtw4cEHVmENET',$,'EPset_Parametric',$,(#1166));
#1165=IFCRELDEFINESBYPROPERTIES('0N23oNM4v6QgyFdatekLTA',$,$,$,(#1140),#1164);
#1166=IFCPROPERTYSINGLEVALUE('Engine',$,IFCLABEL('Bonsai.DumbLayer2'),$);
#1671=IFCWALL('0pblnESW5D4e$hb2mmcdnS',$,'Wall',$,$,#1682,#1677,$,$);
#1672=IFCMATERIALLAYERSETUSAGE(#82,.AXIS2.,.POSITIVE.,0.,$);
#1673=IFCRELASSOCIATESMATERIAL('2kseimmH924A6ZZOSq4kBC',$,$,$,(#1671),#1672);
#1677=IFCPRODUCTDEFINITIONSHAPE($,$,(#2611,#2608));
#1678=IFCCARTESIANPOINT((4.2266049385070801,-2.5901062488555908,0.));
#1679=IFCDIRECTION((0.,0.,1.));
#1680=IFCDIRECTION((7.5497901264043109E-08,0.99999999999999711,0.));
#1681=IFCAXIS2PLACEMENT3D(#1678,#1679,#1680);
#1682=IFCLOCALPLACEMENT(#79,#1681);
#1693=IFCPROPERTYSET('1HOonRKJr02gwNMJl$9Wk_',$,'EPset_Parametric',$,(#1695));
#1694=IFCRELDEFINESBYPROPERTIES('39ZsSk2orCqhs3RXnw$0Ma',$,$,$,(#1671),#1693);
#1695=IFCPROPERTYSINGLEVALUE('Engine',$,IFCLABEL('Bonsai.DumbLayer2'),$);
#1696=IFCWALL('03pF8q1RH6eRE4Cn8siltu',$,'Wall',$,$,#1955,#1702,$,$);
#1697=IFCMATERIALLAYERSETUSAGE(#82,.AXIS2.,.POSITIVE.,0.,$);
#1698=IFCRELASSOCIATESMATERIAL('2cVKo1IQbAswjLb2Y06r$y',$,$,$,(#1696),#1697);
#1702=IFCPRODUCTDEFINITIONSHAPE($,$,(#2000,#1997));
#1718=IFCPROPERTYSET('0fNGtyxH133Oe6jke3ggl6',$,'EPset_Parametric',$,(#1720));
#1719=IFCRELDEFINESBYPROPERTIES('3zmrT3GxvEIvDmtVunjH36',$,$,$,(#1696),#1718);
#1720=IFCPROPERTYSINGLEVALUE('Engine',$,IFCLABEL('Bonsai.DumbLayer2'),$);
#1721=IFCWALL('1CEmdQ7wbCsPA_lnDOLvVc',$,'Wall',$,$,#1987,#1727,$,$);
#1722=IFCMATERIALLAYERSETUSAGE(#82,.AXIS2.,.POSITIVE.,0.,$);
#1723=IFCRELASSOCIATESMATERIAL('0K$Cu1smT2qRkQ7BLJmRU3',$,$,$,(#1721),#1722);
#1727=IFCPRODUCTDEFINITIONSHAPE($,$,(#2027,#2024));
#1743=IFCPROPERTYSET('15SR5G5rv9cuDlfXvvi834',$,'EPset_Parametric',$,(#1745));
#1744=IFCRELDEFINESBYPROPERTIES('3IKsTBaebCABLwEDVxMCgd',$,$,$,(#1721),#1743);
#1745=IFCPROPERTYSINGLEVALUE('Engine',$,IFCLABEL('Bonsai.DumbLayer2'),$);
#1746=IFCWALL('2mpkr$8Hr8Y83hrjQNelU8',$,'Wall',$,$,#1757,#1752,$,$);
#1747=IFCMATERIALLAYERSETUSAGE(#82,.AXIS2.,.POSITIVE.,0.,$);
#1748=IFCRELASSOCIATESMATERIAL('3ksHiykjbEcPmAVOz1j5D9',$,$,$,(#1746),#1747);
#1752=IFCPRODUCTDEFINITIONSHAPE($,$,(#2538,#2535));
#1753=IFCCARTESIANPOINT((0.77660548686981201,5.0398941040039062,0.));
#1754=IFCDIRECTION((0.,0.,1.));
#1755=IFCDIRECTION((-0.99999999999992428,3.8941436741876494E-07,0.));
#1756=IFCAXIS2PLACEMENT3D(#1753,#1754,#1755);
#1757=IFCLOCALPLACEMENT(#79,#1756);
#1768=IFCPROPERTYSET('1mQjqKYZP0GfTomeg5VucA',$,'EPset_Parametric',$,(#1770));
#1769=IFCRELDEFINESBYPROPERTIES('0nobCa1eL2QQpFJ_YRpQt5',$,$,$,(#1746),#1768);
#1770=IFCPROPERTYSINGLEVALUE('Engine',$,IFCLABEL('Bonsai.DumbLayer2'),$);
#1771=IFCWALL('2Aijg9j_nCpe3wbQgezD9a',$,'Wall',$,$,#2046,#1777,$,$);
#1772=IFCMATERIALLAYERSETUSAGE(#82,.AXIS2.,.POSITIVE.,0.,$);
#1773=IFCRELASSOCIATESMATERIAL('3jHotUpFr4RgS7bH1t3KuF',$,$,$,(#1771),#1772);
#1777=IFCPRODUCTDEFINITIONSHAPE($,$,(#2253,#2250));
#1793=IFCPROPERTYSET('3_Bo_rhcf9Y87wmWr$N0Y_',$,'EPset_Parametric',$,(#1795));
#1794=IFCRELDEFINESBYPROPERTIES('13szW3wVL3$8yE3iW_gg0m',$,$,$,(#1771),#1793);
#1795=IFCPROPERTYSINGLEVALUE('Engine',$,IFCLABEL('Bonsai.DumbLayer2'),$);
#1796=IFCWALL('0qyPW7lTj69erVUDzFRgAM',$,'Wall',$,$,#2078,#1802,$,$);
#1797=IFCMATERIALLAYERSETUSAGE(#82,.AXIS2.,.POSITIVE.,0.,$);
#1798=IFCRELASSOCIATESMATERIAL('3An_mEkIb7BhZ7BzIH26uH',$,$,$,(#1796),#1797);
#1802=IFCPRODUCTDEFINITIONSHAPE($,$,(#2123,#2120));
#1818=IFCPROPERTYSET('0SifvhzgjCpuhyVHIbHqH9',$,'EPset_Parametric',$,(#1820));
#1819=IFCRELDEFINESBYPROPERTIES('0m$2VaH_D8LQC4oTIvYVAS',$,$,$,(#1796),#1818);
#1820=IFCPROPERTYSINGLEVALUE('Engine',$,IFCLABEL('Bonsai.DumbLayer2'),$);
#1821=IFCWALL('0Kxuxv2cbFOOdB$SFSiuWR',$,'Wall',$,$,#2110,#1827,$,$);
#1822=IFCMATERIALLAYERSETUSAGE(#82,.AXIS2.,.POSITIVE.,0.,$);
#1823=IFCRELASSOCIATESMATERIAL('3No7UFVQD4kQibq32vGe8G',$,$,$,(#1821),#1822);
#1827=IFCPRODUCTDEFINITIONSHAPE($,$,(#2638,#2635));
#1843=IFCPROPERTYSET('27UjbunTX4Ow9HX9J7YnjN',$,'EPset_Parametric',$,(#1845));
#1844=IFCRELDEFINESBYPROPERTIES('3pxHhRY$j0yPKaumlmvGMW',$,$,$,(#1821),#1843);
#1845=IFCPROPERTYSINGLEVALUE('Engine',$,IFCLABEL('Bonsai.DumbLayer2'),$);
#1937=IFCRELCONNECTSPATHELEMENTS('13FA4NOdf1IxWYsln9$210',$,$,$,$,#1696,#1671,(),(),.ATEND.,.ATSTART.);
#1951=IFCCARTESIANPOINT((4.2266056255380287,6.5098943710327468,0.));
#1952=IFCDIRECTION((0.,0.,1.));
#1953=IFCDIRECTION((-0.99999999999998868,-1.5099580252808492E-07,0.));
#1954=IFCAXIS2PLACEMENT3D(#1951,#1952,#1953);
#1955=IFCLOCALPLACEMENT(#79,#1954);
#1969=IFCRELCONNECTSPATHELEMENTS('2yEoK6mXPBvAia7hRS6v65',$,$,$,$,#1721,#1696,(),(),.ATEND.,.ATSTART.);
#1983=IFCCARTESIANPOINT((0.77660536766052579,6.5098938500971899,0.));
#1984=IFCDIRECTION((0.,0.,1.));
#1985=IFCDIRECTION((7.5497901264043123E-08,-0.99999999999999722,0.));
#1986=IFCAXIS2PLACEMENT3D(#1983,#1984,#1985);
#1987=IFCLOCALPLACEMENT(#79,#1986);
#1988=IFCCARTESIANPOINTLIST2D(((0.,0.),(0.10000002264937295,0.10000000000000001),(3.3500002654273326,0.10000000000000001),(3.4500002578775426,0.)));
#1989=IFCINDEXEDPOLYCURVE(#1988,(IFCLINEINDEX((1,2,3,4,1))),$);
#1990=IFCARBITRARYCLOSEDPROFILEDEF(.AREA.,$,#1989);
#1991=IFCCARTESIANPOINT((0.,0.,0.));
#1992=IFCDIRECTION((0.,0.,1.));
#1993=IFCDIRECTION((1.,0.,0.));
#1994=IFCAXIS2PLACEMENT3D(#1991,#1992,#1993);
#1995=IFCDIRECTION((0.,0.,1.));
#1996=IFCEXTRUDEDAREASOLID(#1990,#1994,#1995,3.);
#1997=IFCSHAPEREPRESENTATION(#11,'Body','SweptSolid',(#1996));
#1998=IFCCARTESIANPOINTLIST2D(((0.,0.),(3.4500002578775426,0.)));
#1999=IFCINDEXEDPOLYCURVE(#1998,$,$);
#2000=IFCSHAPEREPRESENTATION(#23,'Axis','Curve2D',(#1999));
#2001=IFCRELCONNECTSPATHELEMENTS('3NOEnEoYL8f9xPBxxdhjUC',$,$,$,$,#1746,#1721,(),(),.ATEND.,.ATSTART.);
#2015=IFCCARTESIANPOINTLIST2D(((0.,0.),(0.099999992450210171,0.10000000000000001),(1.569999792584521,0.10000000000000001),(1.4699997460932834,0.)));
#2016=IFCINDEXEDPOLYCURVE(#2015,(IFCLINEINDEX((1,2,3,4,1))),$);
#2017=IFCARBITRARYCLOSEDPROFILEDEF(.AREA.,$,#2016);
#2018=IFCCARTESIANPOINT((0.,0.,0.));
#2019=IFCDIRECTION((0.,0.,1.));
#2020=IFCDIRECTION((1.,0.,0.));
#2021=IFCAXIS2PLACEMENT3D(#2018,#2019,#2020);
#2022=IFCDIRECTION((0.,0.,1.));
#2023=IFCEXTRUDEDAREASOLID(#2017,#2021,#2022,3.);
#2024=IFCSHAPEREPRESENTATION(#11,'Body','SweptSolid',(#2023));
#2025=IFCCARTESIANPOINTLIST2D(((0.,0.),(1.4699997460932834,0.)));
#2026=IFCINDEXEDPOLYCURVE(#2025,$,$);
#2027=IFCSHAPEREPRESENTATION(#23,'Axis','Curve2D',(#2026));
#2028=IFCRELCONNECTSPATHELEMENTS('1A2vw5omD4muB4gFGU6NtE',$,$,$,$,#1771,#1746,(),(),.ATEND.,.ATSTART.);
#2042=IFCCARTESIANPOINT((-2.7833943367005083,5.0398954903189859,0.));
#2043=IFCDIRECTION((0.,0.,1.));
#2044=IFCDIRECTION((7.5497901264043123E-08,-0.99999999999999722,0.));
#2045=IFCAXIS2PLACEMENT3D(#2042,#2043,#2044);
#2046=IFCLOCALPLACEMENT(#79,#2045);
#2060=IFCRELCONNECTSPATHELEMENTS('1yP5E4$$9CyvvDoNbGFll7',$,$,$,$,#1796,#1771,(),(),.ATEND.,.ATSTART.);
#2074=IFCCARTESIANPOINT((-2.7833939478862768,-0.11010503768920898,0.));
#2075=IFCDIRECTION((0.,0.,1.));
#2076=IFCDIRECTION((1.,0.,0.));
#2077=IFCAXIS2PLACEMENT3D(#2074,#2075,#2076);
#2078=IFCLOCALPLACEMENT(#79,#2077);
#2092=IFCRELCONNECTSPATHELEMENTS('0l$bzDBzr3k8q75Dce58B2',$,$,$,$,#1821,#1796,(),(),.ATEND.,.ATSTART.);
#2106=IFCCARTESIANPOINT((0.21660614103791298,-0.11010503768920897,0.));
#2107=IFCDIRECTION((0.,0.,1.));
#2108=IFCDIRECTION((0.004031842021419439,-0.99999187209192575,0.));
#2109=IFCAXIS2PLACEMENT3D(#2106,#2107,#2108);
#2110=IFCLOCALPLACEMENT(#79,#2109);
#2111=IFCCARTESIANPOINTLIST2D(((0.,0.),(0.099999992450210171,0.10000000000000001),(3.0995977142423907,0.10000000000000001),(3.0000000889241898,0.)));
#2112=IFCINDEXEDPOLYCURVE(#2111,(IFCLINEINDEX((1,2,3,4,1))),$);
#2113=IFCARBITRARYCLOSEDPROFILEDEF(.AREA.,$,#2112);
#2114=IFCCARTESIANPOINT((0.,0.,0.));
#2115=IFCDIRECTION((0.,0.,1.));
#2116=IFCDIRECTION((1.,0.,0.));
#2117=IFCAXIS2PLACEMENT3D(#2114,#2115,#2116);
#2118=IFCDIRECTION((0.,0.,1.));
#2119=IFCEXTRUDEDAREASOLID(#2113,#2117,#2118,3.);
#2120=IFCSHAPEREPRESENTATION(#11,'Body','SweptSolid',(#2119));
#2121=IFCCARTESIANPOINTLIST2D(((0.,0.),(3.0000000889241898,0.)));
#2122=IFCINDEXEDPOLYCURVE(#2121,$,$);
#2123=IFCSHAPEREPRESENTATION(#23,'Axis','Curve2D',(#2122));
#2124=IFCWALL('2t5VUa_O91zQnymkKbEM_R',$,'Wall',$,$,#2135,#2130,$,$);
#2125=IFCMATERIALLAYERSETUSAGE(#82,.AXIS2.,.POSITIVE.,0.,$);
#2126=IFCRELASSOCIATESMATERIAL('3nXC6DGhf5eh3H7dD87hMM',$,$,$,(#2124),#2125);
#2130=IFCPRODUCTDEFINITIONSHAPE($,$,(#2226,#2223));
#2131=IFCCARTESIANPOINT((0.31620374321937561,-0.010105020366609097,0.));
#2132=IFCDIRECTION((0.,0.,1.));
#2133=IFCDIRECTION((7.5497901264043109E-08,0.99999999999999711,0.));
#2134=IFCAXIS2PLACEMENT3D(#2131,#2132,#2133);
#2135=IFCLOCALPLACEMENT(#79,#2134);
#2146=IFCPROPERTYSET('2EIEFCimb6uRNjyy3H9FIr',$,'EPset_Parametric',$,(#2148));
#2147=IFCRELDEFINESBYPROPERTIES('1ZtZAdBh9819$EisEww_lD',$,$,$,(#2124),#2146);
#2148=IFCPROPERTYSINGLEVALUE('Engine',$,IFCLABEL('Bonsai.DumbLayer2'),$);
#2149=IFCWALL('3JPKpwIvL6evsO4u42$RT$',$,'Wall',$,$,#2160,#2155,$,$);
#2150=IFCMATERIALLAYERSETUSAGE(#82,.AXIS2.,.POSITIVE.,0.,$);
#2151=IFCRELASSOCIATESMATERIAL('2TaNWDMirBWxub9Kkbv5PJ',$,$,$,(#2149),#2150);
#2155=IFCPRODUCTDEFINITIONSHAPE($,$,(#2240,#2237));
#2156=IFCCARTESIANPOINT((0.31620395183563232,2.639894962310791,0.));
#2157=IFCDIRECTION((0.,0.,1.));
#2158=IFCDIRECTION((-0.99999999999998868,-1.5099580252808492E-07,0.));
#2159=IFCAXIS2PLACEMENT3D(#2156,#2157,#2158);
#2160=IFCLOCALPLACEMENT(#79,#2159);
#2171=IFCPROPERTYSET('2GUZFy1$14WfSkkdhhwEUV',$,'EPset_Parametric',$,(#2173));
#2172=IFCRELDEFINESBYPROPERTIES('0KJ2JknIT0Q8XmQHK3O$BZ',$,$,$,(#2149),#2171);
#2173=IFCPROPERTYSINGLEVALUE('Engine',$,IFCLABEL('Bonsai.DumbLayer2'),$);
#2200=IFCRELCONNECTSPATHELEMENTS('35izYkBTbB2eFW1c27oNRU',$,$,$,$,#2149,#2124,(),(),.ATEND.,.ATSTART.);
#2214=IFCCARTESIANPOINTLIST2D(((0.,0.),(0.,0.10000000000000001),(2.5499999600280336,0.10000000000000001),(2.6499999826774068,0.)));
#2215=IFCINDEXEDPOLYCURVE(#2214,(IFCLINEINDEX((1,2,3,4,1))),$);
#2216=IFCARBITRARYCLOSEDPROFILEDEF(.AREA.,$,#2215);
#2217=IFCCARTESIANPOINT((0.,0.,0.));
#2218=IFCDIRECTION((0.,0.,1.));
#2219=IFCDIRECTION((1.,0.,0.));
#2220=IFCAXIS2PLACEMENT3D(#2217,#2218,#2219);
#2221=IFCDIRECTION((0.,0.,1.));
#2222=IFCEXTRUDEDAREASOLID(#2216,#2220,#2221,3.);
#2223=IFCSHAPEREPRESENTATION(#11,'Body','SweptSolid',(#2222));
#2224=IFCCARTESIANPOINTLIST2D(((0.,0.),(2.6499999826774068,0.)));
#2225=IFCINDEXEDPOLYCURVE(#2224,$,$);
#2226=IFCSHAPEREPRESENTATION(#23,'Axis','Curve2D',(#2225));
#2227=IFCRELCONNECTSPATHELEMENTS('3Lj0uVRxXC7varVzy7nLJe',$,$,$,$,#2149,#1771,(),(),.ATPATH.,.ATEND.);
#2228=IFCCARTESIANPOINTLIST2D(((0.,0.),(0.10000002264937295,0.10000000000000001),(2.999598106344108,0.10000000000000001),(2.9995980987943178,0.)));
#2229=IFCINDEXEDPOLYCURVE(#2228,(IFCLINEINDEX((1,2,3,4,1))),$);
#2230=IFCARBITRARYCLOSEDPROFILEDEF(.AREA.,$,#2229);
#2231=IFCCARTESIANPOINT((0.,0.,0.));
#2232=IFCDIRECTION((0.,0.,1.));
#2233=IFCDIRECTION((1.,0.,0.));
#2234=IFCAXIS2PLACEMENT3D(#2231,#2232,#2233);
#2235=IFCDIRECTION((0.,0.,1.));
#2236=IFCEXTRUDEDAREASOLID(#2230,#2234,#2235,3.);
#2237=IFCSHAPEREPRESENTATION(#11,'Body','SweptSolid',(#2236));
#2238=IFCCARTESIANPOINTLIST2D(((0.,0.),(3.0995980987943179,0.)));
#2239=IFCINDEXEDPOLYCURVE(#2238,$,$);
#2240=IFCSHAPEREPRESENTATION(#23,'Axis','Curve2D',(#2239));
#2241=IFCCARTESIANPOINTLIST2D(((0.,0.),(0.1000000464912377,0.10000000000000001),(5.0500005355579987,0.10000000000000001),(5.1500005280082091,0.)));
#2242=IFCINDEXEDPOLYCURVE(#2241,(IFCLINEINDEX((1,2,3,4,1))),$);
#2243=IFCARBITRARYCLOSEDPROFILEDEF(.AREA.,$,#2242);
#2244=IFCCARTESIANPOINT((0.,0.,0.));
#2245=IFCDIRECTION((0.,0.,1.));
#2246=IFCDIRECTION((1.,0.,0.));
#2247=IFCAXIS2PLACEMENT3D(#2244,#2245,#2246);
#2248=IFCDIRECTION((0.,0.,1.));
#2249=IFCEXTRUDEDAREASOLID(#2243,#2247,#2248,3.);
#2250=IFCSHAPEREPRESENTATION(#11,'Body','SweptSolid',(#2249));
#2251=IFCCARTESIANPOINTLIST2D(((0.,0.),(5.1500005280082091,0.)));
#2252=IFCINDEXEDPOLYCURVE(#2251,$,$);
#2253=IFCSHAPEREPRESENTATION(#23,'Axis','Curve2D',(#2252));
#2292=IFCWALL('2qg7GCucv0_QN45tUQLgq2',$,'Wall',$,$,#2334,#2298,$,$);
#2293=IFCMATERIALLAYERSETUSAGE(#82,.AXIS2.,.POSITIVE.,0.,$);
#2294=IFCRELASSOCIATESMATERIAL('1bR$NTAlb2AA7DzQ4zJmAy',$,$,$,(#2292),#2293);
#2298=IFCPRODUCTDEFINITIONSHAPE($,$,(#2501,#2498));
#2314=IFCPROPERTYSET('1Z6ZMMW2X3vBzHpwKD6wNZ',$,'EPset_Parametric',$,(#2316));
#2315=IFCRELDEFINESBYPROPERTIES('2LdxCWCXz1UQKen7W6t0Fn',$,$,$,(#2292),#2314);
#2316=IFCPROPERTYSINGLEVALUE('Engine',$,IFCLABEL('Bonsai.DumbLayer2'),$);
#2330=IFCCARTESIANPOINT((-1.177161693572998,2.639894962310791,0.));
#2331=IFCDIRECTION((0.,0.,1.));
#2332=IFCDIRECTION((1.9470718370939353E-07,0.99999999999998113,0.));
#2333=IFCAXIS2PLACEMENT3D(#2330,#2331,#2332);
#2334=IFCLOCALPLACEMENT(#79,#2333);
#2335=IFCRELCONNECTSPATHELEMENTS('2tQo_yEBH9Sw5o7Dk8nopf',$,$,$,$,#2292,#1746,(),(),.ATPATH.,.ATEND.);
#2362=IFCWALL('0vvGctSZXDyQr$6SRFy0J4',$,'Wall',$,$,#2525,#2368,$,$);
#2363=IFCMATERIALLAYERSETUSAGE(#82,.AXIS2.,.POSITIVE.,0.,$);
#2364=IFCRELASSOCIATESMATERIAL('0wUG2$e0LBnwyVThvpRdEf',$,$,$,(#2362),#2363);
#2368=IFCPRODUCTDEFINITIONSHAPE($,$,(#2570,#2567));
#2384=IFCPROPERTYSET('3TKIilg_j4a9ro8$RuTTl1',$,'EPset_Parametric',$,(#2386));
#2385=IFCRELDEFINESBYPROPERTIES('1PoNYncDz9Ehe_9Xt4iIxu',$,$,$,(#2362),#2384);
#2386=IFCPROPERTYSINGLEVALUE('Engine',$,IFCLABEL('Bonsai.DumbLayer2'),$);
#2387=IFCWALL('0RyVz1kPX13A_Bzguof3sQ',$,'Wall',$,$,#2557,#2393,$,$);
#2388=IFCMATERIALLAYERSETUSAGE(#82,.AXIS2.,.POSITIVE.,0.,$);
#2389=IFCRELASSOCIATESMATERIAL('3Mss4zUr596845Y9cYGMUn',$,$,$,(#2387),#2388);
#2393=IFCPRODUCTDEFINITIONSHAPE($,$,(#2552,#2549));
#2409=IFCPROPERTYSET('0zcO54bXv1CxzleYZVZjTG',$,'EPset_Parametric',$,(#2411));
#2410=IFCRELDEFINESBYPROPERTIES('2Ed4Adul90mRyFP80dN8Q3',$,$,$,(#2387),#2409);
#2411=IFCPROPERTYSINGLEVALUE('Engine',$,IFCLABEL('Bonsai.DumbLayer2'),$);
#2470=IFCRELCONNECTSPATHELEMENTS('3qbDpQhtL7vhGr1eGDhIkU',$,$,$,$,#2387,#2292,(),(),.ATPATH.,.ATEND.);
#2489=IFCCARTESIANPOINTLIST2D(((0.,0.),(0.,0.10000000000000001),(2.2999999219887055,0.10000000000000001),(2.2999999025179871,0.)));
#2490=IFCINDEXEDPOLYCURVE(#2489,(IFCLINEINDEX((1,2,3,4,1))),$);
#2491=IFCARBITRARYCLOSEDPROFILEDEF(.AREA.,$,#2490);
#2492=IFCCARTESIANPOINT((0.,0.,0.));
#2493=IFCDIRECTION((0.,0.,1.));
#2494=IFCDIRECTION((1.,0.,0.));
#2495=IFCAXIS2PLACEMENT3D(#2492,#2493,#2494);
#2496=IFCDIRECTION((0.,0.,1.));
#2497=IFCEXTRUDEDAREASOLID(#2491,#2495,#2496,3.);
#2498=IFCSHAPEREPRESENTATION(#11,'Body','SweptSolid',(#2497));
#2499=IFCCARTESIANPOINTLIST2D(((0.,0.),(2.3999999025179894,0.)));
#2500=IFCINDEXEDPOLYCURVE(#2499,$,$);
#2501=IFCSHAPEREPRESENTATION(#23,'Axis','Curve2D',(#2500));
#2507=IFCRELCONNECTSPATHELEMENTS('1dap5k0195g96Vibn7iHj9',$,$,$,$,#2362,#1746,(),(),.ATPATH.,.ATSTART.);
#2521=IFCCARTESIANPOINT((0.77660548685356434,5.0398941040039062,0.));
#2522=IFCDIRECTION((0.,0.,1.));
#2523=IFCDIRECTION((1.9470718370939353E-07,-0.99999999999998113,0.));
#2524=IFCAXIS2PLACEMENT3D(#2521,#2522,#2523);
#2525=IFCLOCALPLACEMENT(#79,#2524);
#2526=IFCCARTESIANPOINTLIST2D(((0.,0.),(-0.10000004649123767,0.10000000000000001),(3.4599997688519615,0.10000000000000001),(3.5599998153431991,0.)));
#2527=IFCINDEXEDPOLYCURVE(#2526,(IFCLINEINDEX((1,2,3,4,1))),$);
#2528=IFCARBITRARYCLOSEDPROFILEDEF(.AREA.,$,#2527);
#2529=IFCCARTESIANPOINT((0.,0.,0.));
#2530=IFCDIRECTION((0.,0.,1.));
#2531=IFCDIRECTION((1.,0.,0.));
#2532=IFCAXIS2PLACEMENT3D(#2529,#2530,#2531);
#2533=IFCDIRECTION((0.,0.,1.));
#2534=IFCEXTRUDEDAREASOLID(#2528,#2532,#2533,3.);
#2535=IFCSHAPEREPRESENTATION(#11,'Body','SweptSolid',(#2534));
#2536=IFCCARTESIANPOINTLIST2D(((0.,0.),(3.5599998153431991,0.)));
#2537=IFCINDEXEDPOLYCURVE(#2536,$,$);
#2538=IFCSHAPEREPRESENTATION(#23,'Axis','Curve2D',(#2537));
#2539=IFCRELCONNECTSPATHELEMENTS('1a4Mp6X8b90QJ0kHX8OZwy',$,$,$,$,#2387,#2362,(),(),.ATEND.,.ATSTART.);
#2540=IFCCARTESIANPOINTLIST2D(((0.,0.),(-0.10000005841217217,0.10000000000000001),(1.9537672700245363,0.10000000000000001),(1.9537672894952547,0.)));
#2541=IFCINDEXEDPOLYCURVE(#2540,(IFCLINEINDEX((1,2,3,4,1))),$);
#2542=IFCARBITRARYCLOSEDPROFILEDEF(.AREA.,$,#2541);
#2543=IFCCARTESIANPOINT((0.,0.,0.));
#2544=IFCDIRECTION((0.,0.,1.));
#2545=IFCDIRECTION((1.,0.,0.));
#2546=IFCAXIS2PLACEMENT3D(#2543,#2544,#2545);
#2547=IFCDIRECTION((0.,0.,1.));
#2548=IFCEXTRUDEDAREASOLID(#2542,#2546,#2547,3.);
#2549=IFCSHAPEREPRESENTATION(#11,'Body','SweptSolid',(#2548));
#2550=IFCCARTESIANPOINTLIST2D(((0.,0.),(1.9537672894952547,0.)));
#2551=IFCINDEXEDPOLYCURVE(#2550,$,$);
#2552=IFCSHAPEREPRESENTATION(#23,'Axis','Curve2D',(#2551));
#2553=IFCCARTESIANPOINT((0.77660577503644768,3.5598106384276682,0.));
#2554=IFCDIRECTION((0.,0.,1.));
#2555=IFCDIRECTION((-0.99999999999992428,3.8941436741876494E-07,0.));
#2556=IFCAXIS2PLACEMENT3D(#2553,#2554,#2555);
#2557=IFCLOCALPLACEMENT(#79,#2556);
#2558=IFCCARTESIANPOINTLIST2D(((0.10000000000001708,0.),(0.10000005841217219,0.10000000000000001),(1.5800835239884383,0.10000000000000001),(1.480083465576266,0.)));
#2559=IFCINDEXEDPOLYCURVE(#2558,(IFCLINEINDEX((1,2,3,4,1))),$);
#2560=IFCARBITRARYCLOSEDPROFILEDEF(.AREA.,$,#2559);
#2561=IFCCARTESIANPOINT((0.,0.,0.));
#2562=IFCDIRECTION((0.,0.,1.));
#2563=IFCDIRECTION((1.,0.,0.));
#2564=IFCAXIS2PLACEMENT3D(#2561,#2562,#2563);
#2565=IFCDIRECTION((0.,0.,1.));
#2566=IFCEXTRUDEDAREASOLID(#2560,#2564,#2565,3.);
#2567=IFCSHAPEREPRESENTATION(#11,'Body','SweptSolid',(#2566));
#2568=IFCCARTESIANPOINTLIST2D(((0.,0.),(1.480083465576266,0.)));
#2569=IFCINDEXEDPOLYCURVE(#2568,$,$);
#2570=IFCSHAPEREPRESENTATION(#23,'Axis','Curve2D',(#2569));
#2598=IFCRELCONNECTSPATHELEMENTS('0oYNkHDrv6D8YYu9RTqs10',$,$,$,$,#1671,#1140,(),(),.ATEND.,.ATSTART.);
#2599=IFCCARTESIANPOINTLIST2D(((0.,0.),(0.099999992450210157,0.10000000000000001),(9.0000005972389889,0.10000000000000001),(9.1000006198883625,0.)));
#2600=IFCINDEXEDPOLYCURVE(#2599,(IFCLINEINDEX((1,2,3,4,1))),$);
#2601=IFCARBITRARYCLOSEDPROFILEDEF(.AREA.,$,#2600);
#2602=IFCCARTESIANPOINT((0.,0.,0.));
#2603=IFCDIRECTION((0.,0.,1.));
#2604=IFCDIRECTION((1.,0.,0.));
#2605=IFCAXIS2PLACEMENT3D(#2602,#2603,#2604);
#2606=IFCDIRECTION((0.,0.,1.));
#2607=IFCEXTRUDEDAREASOLID(#2601,#2605,#2606,3.);
#2608=IFCSHAPEREPRESENTATION(#11,'Body','SweptSolid',(#2607));
#2609=IFCCARTESIANPOINTLIST2D(((0.,0.),(9.1000006198883625,0.)));
#2610=IFCINDEXEDPOLYCURVE(#2609,$,$);
#2611=IFCSHAPEREPRESENTATION(#23,'Axis','Curve2D',(#2610));
#2625=IFCRELCONNECTSPATHELEMENTS('250SPN_z1FEQsHVa$p8sUt',$,$,$,$,#1821,#1140,(),(),.ATSTART.,.ATEND.);
#2626=IFCCARTESIANPOINTLIST2D(((0.,0.),(-0.099597625318201044,0.10000000000000001),(2.3804237432338864,0.10000000000000001),(2.4800213685520873,0.)));
#2627=IFCINDEXEDPOLYCURVE(#2626,(IFCLINEINDEX((1,2,3,4,1))),$);
#2628=IFCARBITRARYCLOSEDPROFILEDEF(.AREA.,$,#2627);
#2629=IFCCARTESIANPOINT((0.,0.,0.));
#2630=IFCDIRECTION((0.,0.,1.));
#2631=IFCDIRECTION((1.,0.,0.));
#2632=IFCAXIS2PLACEMENT3D(#2629,#2630,#2631);
#2633=IFCDIRECTION((0.,0.,1.));
#2634=IFCEXTRUDEDAREASOLID(#2628,#2632,#2633,3.);
#2635=IFCSHAPEREPRESENTATION(#11,'Body','SweptSolid',(#2634));
#2636=IFCCARTESIANPOINTLIST2D(((0.,0.),(2.4800213685520873,0.)));
#2637=IFCINDEXEDPOLYCURVE(#2636,$,$);
#2638=IFCSHAPEREPRESENTATION(#23,'Axis','Curve2D',(#2637));
#2639=IFCCARTESIANPOINTLIST2D(((0.,0.),(0.099597625318201072,0.10000000000000001),(3.8999997506512107,0.10000000000000001),(3.9999997431014207,0.)));
#2640=IFCINDEXEDPOLYCURVE(#2639,(IFCLINEINDEX((1,2,3,4,1))),$);
#2641=IFCARBITRARYCLOSEDPROFILEDEF(.AREA.,$,#2640);
#2642=IFCCARTESIANPOINT((0.,0.,0.));
#2643=IFCDIRECTION((0.,0.,1.));
#2644=IFCDIRECTION((1.,0.,0.));
#2645=IFCAXIS2PLACEMENT3D(#2642,#2643,#2644);
#2646=IFCDIRECTION((0.,0.,1.));
#2647=IFCEXTRUDEDAREASOLID(#2641,#2645,#2646,3.);
#2648=IFCSHAPEREPRESENTATION(#11,'Body','SweptSolid',(#2647));
#2649=IFCCARTESIANPOINTLIST2D(((0.,0.),(3.9999997431014207,0.)));
#2650=IFCINDEXEDPOLYCURVE(#2649,$,$);
#2651=IFCSHAPEREPRESENTATION(#23,'Axis','Curve2D',(#2650));
#2652=IFCCARTESIANPOINT((0.22660519540565943,-2.5901062488555908,0.));
#2653=IFCDIRECTION((0.,0.,1.));
#2654=IFCDIRECTION((1.,0.,0.));
#2655=IFCAXIS2PLACEMENT3D(#2652,#2653,#2654);
#2656=IFCLOCALPLACEMENT(#79,#2655);
#2657=IFCSLABTYPE('2InY8vUKf9JfeouN4F_ZQ4',$,'Slab',$,$,(#2661),$,$,$,.FLOOR.);
#2658=IFCMATERIALLAYERSET((#2660),$,$);
#2659=IFCRELASSOCIATESMATERIAL('337vI5QLH0quvVlXA84$$1',$,$,$,(#2657),#2658);
#2660=IFCMATERIALLAYER(#81,0.10000000000000001,$,$,$,$,$);
#2661=IFCPROPERTYSET('0nGiJUBIX9MuMOV5DCp1y9',$,'EPset_Parametric',$,(#2662));
#2662=IFCPROPERTYSINGLEVALUE('LayerSetDirection',$,IFCLABEL('AXIS3'),$);
#2663=IFCSLAB('0NVvdPhtj0L8PPtGkeKpZg',$,'Slab',$,$,#2671,#2678,$,$);
#2664=IFCRELDEFINESBYTYPE('11vzf2c$L6m9TocaY2tAqS',$,$,$,(#6199,#2663,#12521,#12586),#2657);
#2665=IFCMATERIALLAYERSETUSAGE(#2658,.AXIS3.,.POSITIVE.,-0.10000000149011612,$);
#2666=IFCRELASSOCIATESMATERIAL('1CHcRJ$Oz1zwIlLijSq1kI',$,$,$,(#2663),#2665);
#2667=IFCCARTESIANPOINT((4.2266049385070801,-2.5901062488555908,0.));
#2668=IFCDIRECTION((0.,0.,1.));
#2669=IFCDIRECTION((1.,0.,0.));
#2670=IFCAXIS2PLACEMENT3D(#2667,#2668,#2669);
#2671=IFCLOCALPLACEMENT(#79,#2670);
#2672=IFCCARTESIANPOINTLIST2D(((0.,0.),(4.76837158203125E-07,9.1000003814697266),(-3.4499995708465576,9.1000003814697266),(-3.4499993324279785,7.630000114440918),(-7.0099992752075195,7.6300020217895508),(-7.0099987983703613,2.4800012111663818),(-4.0099987983703613,2.4800012111663818),(-3.9999997615814209,0.),(0.,0.)));
#2673=IFCINDEXEDPOLYCURVE(#2672,$,$);
#2674=IFCDIRECTION((0.,0.,1.));
#2675=IFCARBITRARYCLOSEDPROFILEDEF(.AREA.,$,#2673);
#2676=IFCEXTRUDEDAREASOLID(#2675,#2685,#2674,0.10000000000000001);
#2677=IFCSHAPEREPRESENTATION(#11,'Body','SweptSolid',(#2676));
#2678=IFCPRODUCTDEFINITIONSHAPE($,$,(#2677));
#2679=IFCPROPERTYSET('39OEIhhAXDsBwFT0WMyxuz',$,'EPset_Parametric',$,(#2681));
#2680=IFCRELDEFINESBYPROPERTIES('3L83KUTdLBqQBHFI9ygDXk',$,$,$,(#2663),#2679);
#2681=IFCPROPERTYSINGLEVALUE('Engine',$,IFCLABEL('Bonsai.DumbLayer3'),$);
#2682=IFCCARTESIANPOINT((-0.,-0.,-0.10000000149011612));
#2683=IFCDIRECTION((0.,0.,1.));
#2684=IFCDIRECTION((1.,0.,0.));
#2685=IFCAXIS2PLACEMENT3D(#2682,#2683,#2684);
#2686=IFCDOORTYPE('3syr8kpL9949yV9ovg_UJ8',$,'Main-GF',$,$,(#2687),(#2696,#2774,#2793),$,$,.DOOR.,.SINGLE_SWING_LEFT.,$,$);
#2687=IFCPROPERTYSET('3CPtyFYG5FCwQTnL_xT0DI',$,'BBIM_Door',$,(#2688));
#2688=IFCPROPERTYSINGLEVALUE('Data',$,IFCTEXT('{"door_type": "SINGLE_SWING_LEFT", "overall_height": 2.0, "overall_width": 0.8999999761581421, "lining_properties": {"lining_depth": 0.05000000074505806, "lining_thickness": 0.05000000074505806, "lining_offset": 0.0, "lining_to_panel_offset_x": 0.02500000037252903, "lining_to_panel_offset_y": 0.02500000037252903, "transom_thickness": 0.0, "casing_thickness": 0.07500000298023224, "casing_depth": 0.004999999888241291, "threshold_thickness": 0.02500000037252903, "threshold_depth": 0.10000000149011612, "threshold_offset": 0.0}, "panel_properties": {"panel_depth": 0.03500000014901161, "panel_width_ratio": 1.0}}'),$);
#2689=IFCCARTESIANPOINTLIST3D(((0.,0.,0.),(0.89999997615814209,0.,0.),(0.89999997615814209,0.,2.),(0.,0.,2.)));
#2690=IFCINDEXEDPOLYCURVE(#2689,(IFCLINEINDEX((1,2,3,4,1))),$);
#2691=IFCSHAPEREPRESENTATION(#18,'Profile','Curve3D',(#2690));
#2692=IFCCARTESIANPOINT((0.,0.,0.));
#2693=IFCDIRECTION((1.,0.,0.));
#2694=IFCDIRECTION((0.,0.,1.));
#2695=IFCAXIS2PLACEMENT3D(#2692,#2694,#2693);
#2696=IFCREPRESENTATIONMAP(#2695,#2691);
#2697=IFCCARTESIANPOINTLIST2D(((0.,0.),(0.,2.),(0.89999997615814209,2.),(0.89999997615814209,0.),(0.87499997578561306,0.),(0.87499997578561306,1.974999999627471),(0.02500000037252903,1.974999999627471),(0.02500000037252903,0.)));
#2698=IFCINDEXEDPOLYCURVE(#2697,(IFCLINEINDEX((1,2,3,4,5,6,7,8,1))),$);
#2699=IFCARBITRARYCLOSEDPROFILEDEF(.AREA.,$,#2698);
#2700=IFCCARTESIANPOINT((0.,0.02500000037252903,0.));
#2701=IFCDIRECTION((0.,-1.,0.));
#2702=IFCDIRECTION((1.,0.,0.));
#2703=IFCAXIS2PLACEMENT3D(#2700,#2701,#2702);
#2704=IFCDIRECTION((0.,0.,-1.));
#2705=IFCEXTRUDEDAREASOLID(#2699,#2703,#2704,0.02500000037252903);
#2706=IFCCARTESIANPOINTLIST2D(((0.,0.),(0.,2.),(0.89999997615814209,2.),(0.89999997615814209,0.),(0.84999997541308403,0.),(0.84999997541308403,1.9499999992549419),(0.05000000074505806,1.9499999992549419),(0.05000000074505806,0.)));
#2707=IFCINDEXEDPOLYCURVE(#2706,(IFCLINEINDEX((1,2,3,4,5,6,7,8,1))),$);
#2708=IFCARBITRARYCLOSEDPROFILEDEF(.AREA.,$,#2707);
#2709=IFCCARTESIANPOINT((0.,0.,0.));
#2710=IFCDIRECTION((0.,-1.,0.));
#2711=IFCDIRECTION((1.,0.,0.));
#2712=IFCAXIS2PLACEMENT3D(#2709,#2710,#2711);
#2713=IFCDIRECTION((0.,0.,-1.));
#2714=IFCEXTRUDEDAREASOLID(#2708,#2712,#2713,0.02500000037252903);
#2715=IFCCARTESIANPOINTLIST2D(((0.,0.),(0.79999997466802597,0.),(0.79999997466802597,0.10000000149011612),(0.,0.10000000149011612)));
#2716=IFCINDEXEDPOLYCURVE(#2715,(IFCLINEINDEX((1,2,3,4,1))),$);
#2717=IFCARBITRARYCLOSEDPROFILEDEF(.AREA.,$,#2716);
#2718=IFCCARTESIANPOINT((0.05000000074505806,0.,0.));
#2719=IFCDIRECTION((0.,0.,1.));
#2720=IFCDIRECTION((1.,0.,0.));
#2721=IFCAXIS2PLACEMENT3D(#2718,#2719,#2720);
#2722=IFCDIRECTION((0.,0.,1.));
#2723=IFCEXTRUDEDAREASOLID(#2717,#2721,#2722,0.02500000037252903);
#2724=IFCCARTESIANPOINTLIST2D(((0.,0.),(0.,2.0250000022351742),(0.94999998062849045,2.0250000022351742),(0.94999998062849045,0.),(0.87499997764825821,0.),(0.87499997764825821,1.9499999992549419),(0.075000002980232239,1.9499999992549419),(0.075000002980232239,0.)));
#2725=IFCINDEXEDPOLYCURVE(#2724,(IFCLINEINDEX((1,2,3,4,5,6,7,8,1))),$);
#2726=IFCARBITRARYCLOSEDPROFILEDEF(.AREA.,$,#2725);
#2727=IFCCARTESIANPOINT((-0.025000002235174179,-0.004999999888241291,0.));
#2728=IFCDIRECTION((0.,-1.,0.));
#2729=IFCDIRECTION((1.,0.,0.));
#2730=IFCAXIS2PLACEMENT3D(#2727,#2728,#2729);
#2731=IFCDIRECTION((0.,0.,-1.));
#2732=IFCEXTRUDEDAREASOLID(#2726,#2730,#2731,0.004999999888241291);
#2733=IFCCARTESIANPOINTLIST2D(((0.,0.),(0.,2.0250000022351742),(0.94999998062849045,2.0250000022351742),(0.94999998062849045,0.),(0.89999997802078724,0.),(0.89999997802078724,1.974999999627471),(0.050000002607703209,1.974999999627471),(0.050000002607703209,0.)));
#2734=IFCINDEXEDPOLYCURVE(#2733,(IFCLINEINDEX((1,2,3,4,5,6,7,8,1))),$);
#2735=IFCARBITRARYCLOSEDPROFILEDEF(.AREA.,$,#2734);
#2736=IFCCARTESIANPOINT((-0.025000002235174179,0.05000000074505806,0.));
#2737=IFCDIRECTION((0.,-1.,0.));
#2738=IFCDIRECTION((1.,0.,0.));
#2739=IFCAXIS2PLACEMENT3D(#2736,#2737,#2738);
#2740=IFCDIRECTION((0.,0.,-1.));
#2741=IFCEXTRUDEDAREASOLID(#2735,#2739,#2740,0.004999999888241291);
#2742=IFCCARTESIANPOINTLIST2D(((0.,0.),(0.84999997541308403,0.),(0.84999997541308403,0.035000000149011612),(0.,0.035000000149011612)));
#2743=IFCINDEXEDPOLYCURVE(#2742,(IFCLINEINDEX((1,2,3,4,1))),$);
#2744=IFCARBITRARYCLOSEDPROFILEDEF(.AREA.,$,#2743);
#2745=IFCCARTESIANPOINT((0.02500000037252903,0.02500000037252903,0.02500000037252903));
#2746=IFCDIRECTION((0.,0.,1.));
#2747=IFCDIRECTION((1.,0.,0.));
#2748=IFCAXIS2PLACEMENT3D(#2745,#2746,#2747);
#2749=IFCDIRECTION((0.,0.,1.));
#2750=IFCEXTRUDEDAREASOLID(#2744,#2748,#2749,1.9499999992549419);
#2751=IFCCARTESIANPOINTLIST2D(((0.,0.),(0.,-0.040000000000000001),(-0.11999999999999988,-0.040000000000000001),(-0.11999999999999988,-0.02),(-0.020000000000000018,-0.02),(-0.020000000000000018,0.)));
#2752=IFCINDEXEDPOLYCURVE(#2751,(IFCLINEINDEX((1,2,3,4,5,6,1))),$);
#2753=IFCARBITRARYCLOSEDPROFILEDEF(.AREA.,$,#2752);
#2754=IFCCARTESIANPOINT((0.82499997578561302,0.02500000037252903,1.015000000372529));
#2755=IFCDIRECTION((0.,0.,1.));
#2756=IFCDIRECTION((1.,0.,0.));
#2757=IFCAXIS2PLACEMENT3D(#2754,#2755,#2756);
#2758=IFCDIRECTION((0.,0.,1.));
#2759=IFCEXTRUDEDAREASOLID(#2753,#2757,#2758,0.02);
#2760=IFCEXTRUDEDAREASOLID(#2761,#2764,#2768,0.02);
#2761=IFCARBITRARYCLOSEDPROFILEDEF(.AREA.,$,#2762);
#2762=IFCINDEXEDPOLYCURVE(#2763,(IFCLINEINDEX((1,2,3,4,5,6,1))),$);
#2763=IFCCARTESIANPOINTLIST2D(((0.,0.),(0.,0.040000000000000008),(-0.11999999999999988,0.040000000000000008),(-0.11999999999999988,0.020000000000000004),(-0.020000000000000018,0.020000000000000004),(-0.020000000000000018,0.)));
#2764=IFCAXIS2PLACEMENT3D(#2765,#2766,#2767);
#2765=IFCCARTESIANPOINT((0.82499997578561302,0.060000000521540642,1.015000000372529));
#2766=IFCDIRECTION((0.,0.,1.));
#2767=IFCDIRECTION((1.,0.,0.));
#2768=IFCDIRECTION((0.,0.,1.));
#2769=IFCSHAPEREPRESENTATION(#11,'Body','SweptSolid',(#2705,#2714,#2750,#2759,#2760,#2723,#2732,#2741));
#2770=IFCCARTESIANPOINT((0.,0.,0.));
#2771=IFCDIRECTION((1.,0.,0.));
#2772=IFCDIRECTION((0.,0.,1.));
#2773=IFCAXIS2PLACEMENT3D(#2770,#2772,#2771);
#2774=IFCREPRESENTATIONMAP(#2773,#2769);
#2775=IFCCARTESIANPOINTLIST2D(((0.,0.),(0.,0.05000000074505806),(0.02500000037252903,0.05000000074505806),(0.02500000037252903,0.02500000037252903),(0.05000000074505806,0.02500000037252903),(0.05000000074505806,0.)));
#2776=IFCINDEXEDPOLYCURVE(#2775,(IFCLINEINDEX((1,2,3,4,5,6,1))),$);
#2777=IFCINDEXEDPOLYCURVE(#2778,(IFCLINEINDEX((1,2,3,4,5,6,1))),$);
#2778=IFCCARTESIANPOINTLIST2D(((0.89999997615814209,0.),(0.89999997615814209,0.05000000074505806),(0.87499997578561306,0.05000000074505806),(0.87499997578561306,0.02500000037252903),(0.84999997541308403,0.02500000037252903),(0.84999997541308403,0.)));
#2779=IFCDIRECTION((1.,0.));
#2780=IFCCARTESIANPOINT((0.060000000521540642,0.05000000074505806));
#2781=IFCAXIS2PLACEMENT2D(#2780,#2779);
#2782=IFCELLIPSE(#2781,0.81499997526407242,0.84999997541308403);
#2783=IFCCARTESIANPOINT((0.87499997578561306,0.05000000074505806));
#2784=IFCCARTESIANPOINT((0.060000000521540642,0.89999997615814209));
#2785=IFCTRIMMEDCURVE(#2782,(#2783),(#2784),.T.,.CARTESIAN.);
#2786=IFCCARTESIANPOINTLIST2D(((0.02500000037252903,0.05000000074505806),(0.060000000521540642,0.05000000074505806),(0.060000000521540642,0.89999997615814209),(0.02500000037252903,0.89999997615814209)));
#2787=IFCINDEXEDPOLYCURVE(#2786,(IFCLINEINDEX((1,2,3,4,1))),$);
#2788=IFCSHAPEREPRESENTATION(#24,'Body','Curve2D',(#2776,#2777,#2785,#2787));
#2789=IFCCARTESIANPOINT((0.,0.,0.));
#2790=IFCDIRECTION((1.,0.,0.));
#2791=IFCDIRECTION((0.,0.,1.));
#2792=IFCAXIS2PLACEMENT3D(#2789,#2791,#2790);
#2793=IFCREPRESENTATIONMAP(#2792,#2788);
#2859=IFCDOOR('0fOsqi3BL5kBO8pJSSaw6O',$,'Door',$,$,#3051,#2868,$,2.,0.89999997615814209,$,$,$);
#2860=IFCRELDEFINESBYTYPE('3YMMdNcCD7kAhd1zBfeQ7V',$,$,$,(#2859),#2686);
#2861=IFCCARTESIANPOINT((0.,0.,0.));
#2862=IFCDIRECTION((1.,0.,0.));
#2863=IFCDIRECTION((0.,1.,0.));
#2864=IFCDIRECTION((0.,0.,1.));
#2865=IFCCARTESIANTRANSFORMATIONOPERATOR3D(#2862,#2863,#2861,1.,#2864);
#2866=IFCMAPPEDITEM(#2696,#2865);
#2867=IFCSHAPEREPRESENTATION(#18,'Profile','MappedRepresentation',(#2866));
#2868=IFCPRODUCTDEFINITIONSHAPE($,$,(#2867,#2875,#2882));
#2869=IFCCARTESIANPOINT((0.,0.,0.));
#2870=IFCDIRECTION((1.,0.,0.));
#2871=IFCDIRECTION((0.,1.,0.));
#2872=IFCDIRECTION((0.,0.,1.));
#2873=IFCCARTESIANTRANSFORMATIONOPERATOR3D(#2870,#2871,#2869,1.,#2872);
#2874=IFCMAPPEDITEM(#2774,#2873);
#2875=IFCSHAPEREPRESENTATION(#11,'Body','MappedRepresentation',(#2874));
#2876=IFCCARTESIANPOINT((0.,0.,0.));
#2877=IFCDIRECTION((1.,0.,0.));
#2878=IFCDIRECTION((0.,1.,0.));
#2879=IFCDIRECTION((0.,0.,1.));
#2880=IFCCARTESIANTRANSFORMATIONOPERATOR3D(#2877,#2878,#2876,1.,#2879);
#2881=IFCMAPPEDITEM(#2793,#2880);
#2882=IFCSHAPEREPRESENTATION(#24,'Body','MappedRepresentation',(#2881));
#2883=IFCOPENINGELEMENT('2fUg6$yhnFSPHoA2xafWmT',$,'Opening',$,$,#2933,#2911,$,.OPENING.);
#2889=IFCCARTESIANPOINTLIST2D(((0.,0.),(0.89999997615814209,0.),(0.89999997615814209,2.),(0.,2.)));
#2890=IFCINDEXEDPOLYCURVE(#2889,(IFCLINEINDEX((1,2,3,4,1))),$);
#2891=IFCARBITRARYCLOSEDPROFILEDEF(.AREA.,$,#2890);
#2892=IFCCARTESIANPOINT((0.,-0.60000002384185791,0.));
#2893=IFCDIRECTION((0.,-1.,0.));
#2894=IFCDIRECTION((1.,0.,0.));
#2895=IFCAXIS2PLACEMENT3D(#2892,#2893,#2894);
#2896=IFCDIRECTION((0.,0.,-1.));
#2897=IFCEXTRUDEDAREASOLID(#2891,#2895,#2896,1.2);
#2898=IFCSHAPEREPRESENTATION(#11,'Body','SweptSolid',(#2897));
#2899=IFCCARTESIANPOINT((0.,0.,0.));
#2900=IFCDIRECTION((1.,0.,0.));
#2901=IFCDIRECTION((0.,0.,1.));
#2902=IFCAXIS2PLACEMENT3D(#2899,#2901,#2900);
#2903=IFCREPRESENTATIONMAP(#2902,#2898);
#2904=IFCCARTESIANPOINT((0.,0.,0.));
#2905=IFCDIRECTION((1.,0.,0.));
#2906=IFCDIRECTION((0.,1.,0.));
#2907=IFCDIRECTION((0.,0.,1.));
#2908=IFCCARTESIANTRANSFORMATIONOPERATOR3D(#2905,#2906,#2904,1.,#2907);
#2909=IFCMAPPEDITEM(#2903,#2908);
#2910=IFCSHAPEREPRESENTATION(#11,'Body','MappedRepresentation',(#2909));
#2911=IFCPRODUCTDEFINITIONSHAPE($,$,(#2910));
#2912=IFCRELVOIDSELEMENT('0HxjTaCTfCy9crn7arpzHV',$,$,$,#1140,#2883);
#2918=IFCRELFILLSELEMENT('0sUzQH1U9CSulpBpIA4eAK',$,$,$,#2883,#2859);
#2929=IFCCARTESIANPOINT((0.31262407839042211,4.76837158203125E-07,0.));
#2930=IFCDIRECTION((0.,0.,1.));
#2931=IFCDIRECTION((0.99999999999997158,-2.3841857910155572E-07,0.));
#2932=IFCAXIS2PLACEMENT3D(#2929,#2930,#2931);
#2933=IFCLOCALPLACEMENT(#2656,#2932);
#2939=IFCDOORTYPE('3Q4PaMMlTCOPD8$p9urICI',$,'Guest-GF',$,$,(#2940),(#2942,#2950,#3028),$,$,.DOOR.,.SINGLE_SWING_LEFT.,$,$);
#2940=IFCPROPERTYSET('2WP35Hu9XAVfcx7tT9MKge',$,'BBIM_Door',$,(#2941));
#2941=IFCPROPERTYSINGLEVALUE('Data',$,IFCTEXT('{"door_type": "SINGLE_SWING_RIGHT", "overall_height": 2.0, "overall_width": 0.8999999761581421, "lining_properties": {"lining_depth": 0.05000000074505806, "lining_thickness": 0.05000000074505806, "lining_offset": 0.0, "lining_to_panel_offset_x": 0.02500000037252903, "lining_to_panel_offset_y": 0.02500000037252903, "transom_thickness": 0.0, "casing_thickness": 0.07500000298023224, "casing_depth": 0.004999999888241291, "threshold_thickness": 0.02500000037252903, "threshold_depth": 0.10000000149011612, "threshold_offset": 0.0}, "panel_properties": {"panel_depth": 0.03500000014901161, "panel_width_ratio": 1.0}}'),$);
#2942=IFCREPRESENTATIONMAP(#2943,#3318);
#2943=IFCAXIS2PLACEMENT3D(#2944,#2945,#2946);
#2944=IFCCARTESIANPOINT((0.,0.,0.));
#2945=IFCDIRECTION((0.,0.,1.));
#2946=IFCDIRECTION((1.,0.,0.));
#2950=IFCREPRESENTATIONMAP(#2951,#3391);
#2951=IFCAXIS2PLACEMENT3D(#2952,#2953,#2954);
#2952=IFCCARTESIANPOINT((0.,0.,0.));
#2953=IFCDIRECTION((0.,0.,1.));
#2954=IFCDIRECTION((1.,0.,0.));
#3028=IFCREPRESENTATIONMAP(#3029,#3405);
#3029=IFCAXIS2PLACEMENT3D(#3030,#3031,#3032);
#3030=IFCCARTESIANPOINT((0.,0.,0.));
#3031=IFCDIRECTION((0.,0.,1.));
#3032=IFCDIRECTION((1.,0.,0.));
#3047=IFCCARTESIANPOINT((0.,0.,0.));
#3048=IFCDIRECTION((0.,0.,1.));
#3049=IFCDIRECTION((1.,0.,0.));
#3050=IFCAXIS2PLACEMENT3D(#3047,#3048,#3049);
#3051=IFCLOCALPLACEMENT(#2933,#3050);
#3117=IFCDOOR('3E45efNVr7UBY4uRdCkS7K',$,'Door',$,$,#3430,#3126,$,2.,0.89999997615814209,$,.SINGLE_SWING_RIGHT.,$);
#3118=IFCRELDEFINESBYTYPE('09BXQtSQD4f8XTwdDzQoOU',$,$,$,(#3117),#2939);
#3119=IFCCARTESIANPOINT((0.,0.,0.));
#3120=IFCDIRECTION((1.,0.,0.));
#3121=IFCDIRECTION((0.,1.,0.));
#3122=IFCDIRECTION((0.,0.,1.));
#3123=IFCCARTESIANTRANSFORMATIONOPERATOR3D(#3120,#3121,#3119,1.,#3122);
#3124=IFCMAPPEDITEM(#2942,#3123);
#3125=IFCSHAPEREPRESENTATION(#18,'Profile','MappedRepresentation',(#3124));
#3126=IFCPRODUCTDEFINITIONSHAPE($,$,(#3125,#3133,#3140));
#3127=IFCCARTESIANPOINT((0.,0.,0.));
#3128=IFCDIRECTION((1.,0.,0.));
#3129=IFCDIRECTION((0.,1.,0.));
#3130=IFCDIRECTION((0.,0.,1.));
#3131=IFCCARTESIANTRANSFORMATIONOPERATOR3D(#3128,#3129,#3127,1.,#3130);
#3132=IFCMAPPEDITEM(#2950,#3131);
#3133=IFCSHAPEREPRESENTATION(#11,'Body','MappedRepresentation',(#3132));
#3134=IFCCARTESIANPOINT((0.,0.,0.));
#3135=IFCDIRECTION((1.,0.,0.));
#3136=IFCDIRECTION((0.,1.,0.));
#3137=IFCDIRECTION((0.,0.,1.));
#3138=IFCCARTESIANTRANSFORMATIONOPERATOR3D(#3135,#3136,#3134,1.,#3137);
#3139=IFCMAPPEDITEM(#3028,#3138);
#3140=IFCSHAPEREPRESENTATION(#24,'Body','MappedRepresentation',(#3139));
#3141=IFCOPENINGELEMENT('1P34pxvj19q9_XUpjpSULu',$,'Opening',$,$,#3425,#3169,$,.OPENING.);
#3157=IFCCARTESIANPOINT((0.,0.,0.));
#3158=IFCDIRECTION((1.,0.,0.));
#3159=IFCDIRECTION((0.,0.,1.));
#3160=IFCAXIS2PLACEMENT3D(#3157,#3159,#3158);
#3161=IFCREPRESENTATIONMAP(#3160,#3415);
#3162=IFCCARTESIANPOINT((0.,0.,0.));
#3163=IFCDIRECTION((1.,0.,0.));
#3164=IFCDIRECTION((0.,1.,0.));
#3165=IFCDIRECTION((0.,0.,1.));
#3166=IFCCARTESIANTRANSFORMATIONOPERATOR3D(#3163,#3164,#3162,1.,#3165);
#3167=IFCMAPPEDITEM(#3161,#3166);
#3168=IFCSHAPEREPRESENTATION(#11,'Body','MappedRepresentation',(#3167));
#3169=IFCPRODUCTDEFINITIONSHAPE($,$,(#3168));
#3170=IFCRELVOIDSELEMENT('3fqKc79_9449WLZ40bWHMg',$,$,$,#2124,#3141);
#3176=IFCRELFILLSELEMENT('1ympEiVOX2Se_nfhVzHVla',$,$,$,#3141,#3117);
#3200=IFCCARTESIANPOINTLIST2D(((0.,0.),(0.,2.),(0.89999997615814209,2.),(0.89999997615814209,0.),(0.87499997578561306,0.),(0.87499997578561306,1.974999999627471),(0.02500000037252903,1.974999999627471),(0.02500000037252903,0.)));
#3201=IFCINDEXEDPOLYCURVE(#3200,(IFCLINEINDEX((1,2,3,4,5,6,7,8,1))),$);
#3202=IFCARBITRARYCLOSEDPROFILEDEF(.AREA.,$,#3201);
#3203=IFCCARTESIANPOINT((0.,0.02500000037252903,0.));
#3204=IFCDIRECTION((0.,-1.,0.));
#3205=IFCDIRECTION((1.,0.,0.));
#3206=IFCAXIS2PLACEMENT3D(#3203,#3204,#3205);
#3207=IFCDIRECTION((0.,0.,-1.));
#3208=IFCEXTRUDEDAREASOLID(#3202,#3206,#3207,0.02500000037252903);
#3209=IFCCARTESIANPOINTLIST2D(((0.,0.),(0.,2.),(0.89999997615814209,2.),(0.89999997615814209,0.),(0.84999997541308403,0.),(0.84999997541308403,1.9499999992549419),(0.05000000074505806,1.9499999992549419),(0.05000000074505806,0.)));
#3210=IFCINDEXEDPOLYCURVE(#3209,(IFCLINEINDEX((1,2,3,4,5,6,7,8,1))),$);
#3211=IFCARBITRARYCLOSEDPROFILEDEF(.AREA.,$,#3210);
#3212=IFCCARTESIANPOINT((0.,0.,0.));
#3213=IFCDIRECTION((0.,-1.,0.));
#3214=IFCDIRECTION((1.,0.,0.));
#3215=IFCAXIS2PLACEMENT3D(#3212,#3213,#3214);
#3216=IFCDIRECTION((0.,0.,-1.));
#3217=IFCEXTRUDEDAREASOLID(#3211,#3215,#3216,0.02500000037252903);
#3218=IFCCARTESIANPOINTLIST2D(((0.,0.),(0.79999997466802597,0.),(0.79999997466802597,0.10000000149011612),(0.,0.10000000149011612)));
#3219=IFCINDEXEDPOLYCURVE(#3218,(IFCLINEINDEX((1,2,3,4,1))),$);
#3220=IFCARBITRARYCLOSEDPROFILEDEF(.AREA.,$,#3219);
#3221=IFCCARTESIANPOINT((0.05000000074505806,0.,0.));
#3222=IFCDIRECTION((0.,0.,1.));
#3223=IFCDIRECTION((1.,0.,0.));
#3224=IFCAXIS2PLACEMENT3D(#3221,#3222,#3223);
#3225=IFCDIRECTION((0.,0.,1.));
#3226=IFCEXTRUDEDAREASOLID(#3220,#3224,#3225,0.02500000037252903);
#3227=IFCCARTESIANPOINTLIST2D(((0.,0.),(0.,2.0250000022351742),(0.94999998062849045,2.0250000022351742),(0.94999998062849045,0.),(0.87499997764825821,0.),(0.87499997764825821,1.9499999992549419),(0.075000002980232239,1.9499999992549419),(0.075000002980232239,0.)));
#3228=IFCINDEXEDPOLYCURVE(#3227,(IFCLINEINDEX((1,2,3,4,5,6,7,8,1))),$);
#3229=IFCARBITRARYCLOSEDPROFILEDEF(.AREA.,$,#3228);
#3230=IFCCARTESIANPOINT((-0.025000002235174179,-0.004999999888241291,0.));
#3231=IFCDIRECTION((0.,-1.,0.));
#3232=IFCDIRECTION((1.,0.,0.));
#3233=IFCAXIS2PLACEMENT3D(#3230,#3231,#3232);
#3234=IFCDIRECTION((0.,0.,-1.));
#3235=IFCEXTRUDEDAREASOLID(#3229,#3233,#3234,0.004999999888241291);
#3236=IFCCARTESIANPOINTLIST2D(((0.,0.),(0.,2.0250000022351742),(0.94999998062849045,2.0250000022351742),(0.94999998062849045,0.),(0.89999997802078724,0.),(0.89999997802078724,1.974999999627471),(0.050000002607703209,1.974999999627471),(0.050000002607703209,0.)));
#3237=IFCINDEXEDPOLYCURVE(#3236,(IFCLINEINDEX((1,2,3,4,5,6,7,8,1))),$);
#3238=IFCARBITRARYCLOSEDPROFILEDEF(.AREA.,$,#3237);
#3239=IFCCARTESIANPOINT((-0.025000002235174179,0.05000000074505806,0.));
#3240=IFCDIRECTION((0.,-1.,0.));
#3241=IFCDIRECTION((1.,0.,0.));
#3242=IFCAXIS2PLACEMENT3D(#3239,#3240,#3241);
#3243=IFCDIRECTION((0.,0.,-1.));
#3244=IFCEXTRUDEDAREASOLID(#3238,#3242,#3243,0.004999999888241291);
#3245=IFCCARTESIANPOINTLIST2D(((0.,0.),(0.84999997541308403,0.),(0.84999997541308403,0.035000000149011612),(0.,0.035000000149011612)));
#3246=IFCINDEXEDPOLYCURVE(#3245,(IFCLINEINDEX((1,2,3,4,1))),$);
#3247=IFCARBITRARYCLOSEDPROFILEDEF(.AREA.,$,#3246);
#3248=IFCCARTESIANPOINT((0.02500000037252903,0.02500000037252903,0.02500000037252903));
#3249=IFCDIRECTION((0.,0.,1.));
#3250=IFCDIRECTION((1.,0.,0.));
#3251=IFCAXIS2PLACEMENT3D(#3248,#3249,#3250);
#3252=IFCDIRECTION((0.,0.,1.));
#3253=IFCEXTRUDEDAREASOLID(#3247,#3251,#3252,1.9499999992549419);
#3254=IFCCARTESIANPOINTLIST2D(((0.,0.),(0.,-0.040000000000000001),(0.12,-0.040000000000000001),(0.12,-0.02),(0.02,-0.02),(0.02,0.)));
#3255=IFCINDEXEDPOLYCURVE(#3254,(IFCLINEINDEX((1,2,3,4,5,6,1))),$);
#3256=IFCARBITRARYCLOSEDPROFILEDEF(.AREA.,$,#3255);
#3257=IFCCARTESIANPOINT((0.075000000372529033,0.02500000037252903,1.015000000372529));
#3258=IFCDIRECTION((0.,0.,1.));
#3259=IFCDIRECTION((1.,0.,0.));
#3260=IFCAXIS2PLACEMENT3D(#3257,#3258,#3259);
#3261=IFCDIRECTION((0.,0.,1.));
#3262=IFCEXTRUDEDAREASOLID(#3256,#3260,#3261,0.02);
#3263=IFCEXTRUDEDAREASOLID(#3264,#3267,#3271,0.02);
#3264=IFCARBITRARYCLOSEDPROFILEDEF(.AREA.,$,#3265);
#3265=IFCINDEXEDPOLYCURVE(#3266,(IFCLINEINDEX((1,2,3,4,5,6,1))),$);
#3266=IFCCARTESIANPOINTLIST2D(((0.,0.),(0.,0.040000000000000008),(0.11999999999999998,0.040000000000000008),(0.11999999999999998,0.020000000000000004),(0.020000000000000004,0.020000000000000004),(0.020000000000000004,0.)));
#3267=IFCAXIS2PLACEMENT3D(#3268,#3269,#3270);
#3268=IFCCARTESIANPOINT((0.075000000372529033,0.060000000521540642,1.015000000372529));
#3269=IFCDIRECTION((0.,0.,1.));
#3270=IFCDIRECTION((1.,0.,0.));
#3271=IFCDIRECTION((0.,0.,1.));
#3273=IFCSHAPEREPRESENTATION(#11,'Body','SweptSolid',(#3208,#3354,#3244,#3345,#3327,#3235,#3363,#3336,#3226,#3217));
#3274=IFCSHAPEASPECT((#3273),'Lining',$,.T.,#3126);
#3275=IFCSHAPEREPRESENTATION(#11,'Body','SweptSolid',(#3262,#3263,#3253,#3381,#3382,#3372));
#3276=IFCSHAPEASPECT((#3275),'Framing',$,.T.,#3126);
#3316=IFCCARTESIANPOINTLIST3D(((0.,0.,0.),(0.89999997615814209,0.,0.),(0.89999997615814209,0.,2.),(0.,0.,2.)));
#3317=IFCINDEXEDPOLYCURVE(#3316,(IFCLINEINDEX((1,2,3,4,1))),$);
#3318=IFCSHAPEREPRESENTATION(#18,'Profile','Curve3D',(#3317));
#3319=IFCCARTESIANPOINTLIST2D(((0.,0.),(0.,2.),(0.89999997615814209,2.),(0.89999997615814209,0.),(0.87499997578561306,0.),(0.87499997578561306,1.974999999627471),(0.02500000037252903,1.974999999627471),(0.02500000037252903,0.)));
#3320=IFCINDEXEDPOLYCURVE(#3319,(IFCLINEINDEX((1,2,3,4,5,6,7,8,1))),$);
#3321=IFCARBITRARYCLOSEDPROFILEDEF(.AREA.,$,#3320);
#3322=IFCCARTESIANPOINT((0.,0.02500000037252903,0.));
#3323=IFCDIRECTION((0.,-1.,0.));
#3324=IFCDIRECTION((1.,0.,0.));
#3325=IFCAXIS2PLACEMENT3D(#3322,#3323,#3324);
#3326=IFCDIRECTION((0.,0.,-1.));
#3327=IFCEXTRUDEDAREASOLID(#3321,#3325,#3326,0.02500000037252903);
#3328=IFCCARTESIANPOINTLIST2D(((0.,0.),(0.,2.),(0.89999997615814209,2.),(0.89999997615814209,0.),(0.84999997541308403,0.),(0.84999997541308403,1.9499999992549419),(0.05000000074505806,1.9499999992549419),(0.05000000074505806,0.)));
#3329=IFCINDEXEDPOLYCURVE(#3328,(IFCLINEINDEX((1,2,3,4,5,6,7,8,1))),$);
#3330=IFCARBITRARYCLOSEDPROFILEDEF(.AREA.,$,#3329);
#3331=IFCCARTESIANPOINT((0.,0.,0.));
#3332=IFCDIRECTION((0.,-1.,0.));
#3333=IFCDIRECTION((1.,0.,0.));
#3334=IFCAXIS2PLACEMENT3D(#3331,#3332,#3333);
#3335=IFCDIRECTION((0.,0.,-1.));
#3336=IFCEXTRUDEDAREASOLID(#3330,#3334,#3335,0.02500000037252903);
#3337=IFCCARTESIANPOINTLIST2D(((0.,0.),(0.79999997466802597,0.),(0.79999997466802597,0.10000000149011612),(0.,0.10000000149011612)));
#3338=IFCINDEXEDPOLYCURVE(#3337,(IFCLINEINDEX((1,2,3,4,1))),$);
#3339=IFCARBITRARYCLOSEDPROFILEDEF(.AREA.,$,#3338);
#3340=IFCCARTESIANPOINT((0.05000000074505806,0.,0.));
#3341=IFCDIRECTION((0.,0.,1.));
#3342=IFCDIRECTION((1.,0.,0.));
#3343=IFCAXIS2PLACEMENT3D(#3340,#3341,#3342);
#3344=IFCDIRECTION((0.,0.,1.));
#3345=IFCEXTRUDEDAREASOLID(#3339,#3343,#3344,0.02500000037252903);
#3346=IFCCARTESIANPOINTLIST2D(((0.,0.),(0.,2.0250000022351742),(0.94999998062849045,2.0250000022351742),(0.94999998062849045,0.),(0.87499997764825821,0.),(0.87499997764825821,1.9499999992549419),(0.075000002980232239,1.9499999992549419),(0.075000002980232239,0.)));
#3347=IFCINDEXEDPOLYCURVE(#3346,(IFCLINEINDEX((1,2,3,4,5,6,7,8,1))),$);
#3348=IFCARBITRARYCLOSEDPROFILEDEF(.AREA.,$,#3347);
#3349=IFCCARTESIANPOINT((-0.025000002235174179,-0.004999999888241291,0.));
#3350=IFCDIRECTION((0.,-1.,0.));
#3351=IFCDIRECTION((1.,0.,0.));
#3352=IFCAXIS2PLACEMENT3D(#3349,#3350,#3351);
#3353=IFCDIRECTION((0.,0.,-1.));
#3354=IFCEXTRUDEDAREASOLID(#3348,#3352,#3353,0.004999999888241291);
#3355=IFCCARTESIANPOINTLIST2D(((0.,0.),(0.,2.0250000022351742),(0.94999998062849045,2.0250000022351742),(0.94999998062849045,0.),(0.89999997802078724,0.),(0.89999997802078724,1.974999999627471),(0.050000002607703209,1.974999999627471),(0.050000002607703209,0.)));
#3356=IFCINDEXEDPOLYCURVE(#3355,(IFCLINEINDEX((1,2,3,4,5,6,7,8,1))),$);
#3357=IFCARBITRARYCLOSEDPROFILEDEF(.AREA.,$,#3356);
#3358=IFCCARTESIANPOINT((-0.025000002235174179,0.05000000074505806,0.));
#3359=IFCDIRECTION((0.,-1.,0.));
#3360=IFCDIRECTION((1.,0.,0.));
#3361=IFCAXIS2PLACEMENT3D(#3358,#3359,#3360);
#3362=IFCDIRECTION((0.,0.,-1.));
#3363=IFCEXTRUDEDAREASOLID(#3357,#3361,#3362,0.004999999888241291);
#3364=IFCCARTESIANPOINTLIST2D(((0.,0.),(0.84999997541308403,0.),(0.84999997541308403,0.035000000149011612),(0.,0.035000000149011612)));
#3365=IFCINDEXEDPOLYCURVE(#3364,(IFCLINEINDEX((1,2,3,4,1))),$);
#3366=IFCARBITRARYCLOSEDPROFILEDEF(.AREA.,$,#3365);
#3367=IFCCARTESIANPOINT((0.02500000037252903,0.02500000037252903,0.02500000037252903));
#3368=IFCDIRECTION((0.,0.,1.));
#3369=IFCDIRECTION((1.,0.,0.));
#3370=IFCAXIS2PLACEMENT3D(#3367,#3368,#3369);
#3371=IFCDIRECTION((0.,0.,1.));
#3372=IFCEXTRUDEDAREASOLID(#3366,#3370,#3371,1.9499999992549419);
#3373=IFCCARTESIANPOINTLIST2D(((0.,0.),(0.,-0.040000000000000001),(0.12,-0.040000000000000001),(0.12,-0.02),(0.02,-0.02),(0.02,0.)));
#3374=IFCINDEXEDPOLYCURVE(#3373,(IFCLINEINDEX((1,2,3,4,5,6,1))),$);
#3375=IFCARBITRARYCLOSEDPROFILEDEF(.AREA.,$,#3374);
#3376=IFCCARTESIANPOINT((0.075000000372529033,0.02500000037252903,1.015000000372529));
#3377=IFCDIRECTION((0.,0.,1.));
#3378=IFCDIRECTION((1.,0.,0.));
#3379=IFCAXIS2PLACEMENT3D(#3376,#3377,#3378);
#3380=IFCDIRECTION((0.,0.,1.));
#3381=IFCEXTRUDEDAREASOLID(#3375,#3379,#3380,0.02);
#3382=IFCEXTRUDEDAREASOLID(#3383,#3386,#3390,0.02);
#3383=IFCARBITRARYCLOSEDPROFILEDEF(.AREA.,$,#3384);
#3384=IFCINDEXEDPOLYCURVE(#3385,(IFCLINEINDEX((1,2,3,4,5,6,1))),$);
#3385=IFCCARTESIANPOINTLIST2D(((0.,0.),(0.,0.040000000000000008),(0.11999999999999998,0.040000000000000008),(0.11999999999999998,0.020000000000000004),(0.020000000000000004,0.020000000000000004),(0.020000000000000004,0.)));
#3386=IFCAXIS2PLACEMENT3D(#3387,#3388,#3389);
#3387=IFCCARTESIANPOINT((0.075000000372529033,0.060000000521540642,1.015000000372529));
#3388=IFCDIRECTION((0.,0.,1.));
#3389=IFCDIRECTION((1.,0.,0.));
#3390=IFCDIRECTION((0.,0.,1.));
#3391=IFCSHAPEREPRESENTATION(#11,'Body','SweptSolid',(#3327,#3336,#3372,#3381,#3382,#3345,#3354,#3363));
#3392=IFCCARTESIANPOINTLIST2D(((0.,0.),(0.,0.05000000074505806),(0.02500000037252903,0.05000000074505806),(0.02500000037252903,0.02500000037252903),(0.05000000074505806,0.02500000037252903),(0.05000000074505806,0.)));
#3393=IFCINDEXEDPOLYCURVE(#3392,(IFCLINEINDEX((1,2,3,4,5,6,1))),$);
#3394=IFCINDEXEDPOLYCURVE(#3395,(IFCLINEINDEX((1,2,3,4,5,6,1))),$);
#3395=IFCCARTESIANPOINTLIST2D(((0.89999997615814209,0.),(0.89999997615814209,0.05000000074505806),(0.87499997578561306,0.05000000074505806),(0.87499997578561306,0.02500000037252903),(0.84999997541308403,0.02500000037252903),(0.84999997541308403,0.)));
#3396=IFCDIRECTION((1.,0.));
#3397=IFCCARTESIANPOINT((0.83999997563660145,0.05000000074505806));
#3398=IFCAXIS2PLACEMENT2D(#3397,#3396);
#3399=IFCELLIPSE(#3398,0.81499997526407242,0.84999997541308403);
#3400=IFCCARTESIANPOINT((0.83999997563660145,0.89999997615814209));
#3401=IFCCARTESIANPOINT((0.02500000037252903,0.05000000074505806));
#3402=IFCTRIMMEDCURVE(#3399,(#3400),(#3401),.T.,.CARTESIAN.);
#3403=IFCCARTESIANPOINTLIST2D(((0.87499997578561306,0.05000000074505806),(0.83999997563660145,0.05000000074505806),(0.83999997563660145,0.89999997615814209),(0.87499997578561306,0.89999997615814209)));
#3404=IFCINDEXEDPOLYCURVE(#3403,(IFCLINEINDEX((1,2,3,4,1))),$);
#3405=IFCSHAPEREPRESENTATION(#24,'Body','Curve2D',(#3393,#3394,#3402,#3404));
#3406=IFCCARTESIANPOINTLIST2D(((0.,0.),(0.89999997615814209,0.),(0.89999997615814209,2.),(0.,2.)));
#3407=IFCINDEXEDPOLYCURVE(#3406,(IFCLINEINDEX((1,2,3,4,1))),$);
#3408=IFCARBITRARYCLOSEDPROFILEDEF(.AREA.,$,#3407);
#3409=IFCCARTESIANPOINT((0.,-0.60000002384185791,0.));
#3410=IFCDIRECTION((0.,-1.,0.));
#3411=IFCDIRECTION((1.,0.,0.));
#3412=IFCAXIS2PLACEMENT3D(#3409,#3410,#3411);
#3413=IFCDIRECTION((0.,0.,-1.));
#3414=IFCEXTRUDEDAREASOLID(#3408,#3412,#3413,1.2);
#3415=IFCSHAPEREPRESENTATION(#11,'Body','SweptSolid',(#3414));
#3421=IFCCARTESIANPOINT((1.3804832762107304,-1.4985699459124646E-08,0.));
#3422=IFCDIRECTION((0.,0.,1.));
#3423=IFCDIRECTION((0.99999999999997147,-2.384185719961227E-07,0.));
#3424=IFCAXIS2PLACEMENT3D(#3421,#3422,#3423);
#3425=IFCLOCALPLACEMENT(#2135,#3424);
#3426=IFCCARTESIANPOINT((-6.6613381477509392E-16,0.,0.));
#3427=IFCDIRECTION((0.,0.,1.));
#3428=IFCDIRECTION((1.,5.2939559203393771E-23,0.));
#3429=IFCAXIS2PLACEMENT3D(#3426,#3427,#3428);
#3430=IFCLOCALPLACEMENT(#3425,#3429);
#3431=IFCDOORTYPE('2phYZ1CBT3C9puOlsGkOEj',$,'Bathroom-GF',$,$,(#3432),(#3434,#3442,#3520),$,$,.DOOR.,.SINGLE_SWING_LEFT.,$,$);
#3432=IFCPROPERTYSET('0ICZmmCj50newAB1drNNS3',$,'BBIM_Door',$,(#3433));
#3433=IFCPROPERTYSINGLEVALUE('Data',$,IFCTEXT('{"door_type": "DOUBLE_SWING_LEFT", "overall_height": 2.0, "overall_width": 0.6898266077041626, "lining_properties": {"lining_depth": 0.05000000074505806, "lining_thickness": 0.05000000074505806, "lining_offset": 0.0, "lining_to_panel_offset_x": 0.02500000037252903, "lining_to_panel_offset_y": 0.02500000037252903, "transom_thickness": 0.0, "casing_thickness": 0.07500000298023224, "casing_depth": 0.004999999888241291, "threshold_thickness": 0.02500000037252903, "threshold_depth": 0.10000000149011612, "threshold_offset": 0.0}, "panel_properties": {"panel_depth": 0.03500000014901161, "panel_width_ratio": 1.0}}'),$);
#3434=IFCREPRESENTATIONMAP(#3435,#3718);
#3435=IFCAXIS2PLACEMENT3D(#3436,#3437,#3438);
#3436=IFCCARTESIANPOINT((0.,0.,0.));
#3437=IFCDIRECTION((0.,0.,1.));
#3438=IFCDIRECTION((1.,0.,0.));
#3442=IFCREPRESENTATIONMAP(#3443,#3782);
#3443=IFCAXIS2PLACEMENT3D(#3444,#3445,#3446);
#3444=IFCCARTESIANPOINT((0.,0.,0.));
#3445=IFCDIRECTION((0.,0.,1.));
#3446=IFCDIRECTION((1.,0.,0.));
#3520=IFCREPRESENTATIONMAP(#3521,#3798);
#3521=IFCAXIS2PLACEMENT3D(#3522,#3523,#3524);
#3522=IFCCARTESIANPOINT((0.,0.,0.));
#3523=IFCDIRECTION((0.,0.,1.));
#3524=IFCDIRECTION((1.,0.,0.));
#3539=IFCDOOR('1hbFGs6F92rPIp2dfkTmXy',$,'Door',$,$,#3823,#3548,$,2.,0.6898266077041626,$,.DOUBLE_SWING_LEFT.,$);
#3540=IFCRELDEFINESBYTYPE('3IqIdpFez3u8I_rnqoDCF8',$,$,$,(#3539),#3431);
#3541=IFCCARTESIANPOINT((0.,0.,0.));
#3542=IFCDIRECTION((1.,0.,0.));
#3543=IFCDIRECTION((0.,1.,0.));
#3544=IFCDIRECTION((0.,0.,1.));
#3545=IFCCARTESIANTRANSFORMATIONOPERATOR3D(#3542,#3543,#3541,1.,#3544);
#3546=IFCMAPPEDITEM(#3434,#3545);
#3547=IFCSHAPEREPRESENTATION(#18,'Profile','MappedRepresentation',(#3546));
#3548=IFCPRODUCTDEFINITIONSHAPE($,$,(#3547,#3555,#3562));
#3549=IFCCARTESIANPOINT((0.,0.,0.));
#3550=IFCDIRECTION((1.,0.,0.));
#3551=IFCDIRECTION((0.,1.,0.));
#3552=IFCDIRECTION((0.,0.,1.));
#3553=IFCCARTESIANTRANSFORMATIONOPERATOR3D(#3550,#3551,#3549,1.,#3552);
#3554=IFCMAPPEDITEM(#3442,#3553);
#3555=IFCSHAPEREPRESENTATION(#11,'Body','MappedRepresentation',(#3554));
#3556=IFCCARTESIANPOINT((0.,0.,0.));
#3557=IFCDIRECTION((1.,0.,0.));
#3558=IFCDIRECTION((0.,1.,0.));
#3559=IFCDIRECTION((0.,0.,1.));
#3560=IFCCARTESIANTRANSFORMATIONOPERATOR3D(#3557,#3558,#3556,1.,#3559);
#3561=IFCMAPPEDITEM(#3520,#3560);
#3562=IFCSHAPEREPRESENTATION(#24,'Body','MappedRepresentation',(#3561));
#3563=IFCOPENINGELEMENT('2XHJcZZ4f7BgzpngvY8KAX',$,'Opening',$,$,#3818,#3591,$,.OPENING.);
#3579=IFCCARTESIANPOINT((0.,0.,0.));
#3580=IFCDIRECTION((1.,0.,0.));
#3581=IFCDIRECTION((0.,0.,1.));
#3582=IFCAXIS2PLACEMENT3D(#3579,#3581,#3580);
#3583=IFCREPRESENTATIONMAP(#3582,#3808);
#3584=IFCCARTESIANPOINT((0.,0.,0.));
#3585=IFCDIRECTION((1.,0.,0.));
#3586=IFCDIRECTION((0.,1.,0.));
#3587=IFCDIRECTION((0.,0.,1.));
#3588=IFCCARTESIANTRANSFORMATIONOPERATOR3D(#3585,#3586,#3584,1.,#3587);
#3589=IFCMAPPEDITEM(#3583,#3588);
#3590=IFCSHAPEREPRESENTATION(#11,'Body','MappedRepresentation',(#3589));
#3591=IFCPRODUCTDEFINITIONSHAPE($,$,(#3590));
#3592=IFCRELVOIDSELEMENT('0ewLPvUDP5Ng4AFXAwix0i',$,$,$,#2292,#3563);
#3598=IFCRELFILLSELEMENT('3lGJiQZYP1fvuXAwNIBkLk',$,$,$,#3563,#3539);
#3607=IFCCARTESIANPOINTLIST2D(((0.,0.),(0.,2.),(0.69628465175628662,2.),(0.69628465175628662,0.),(0.67128465138375759,0.),(0.67128465138375759,1.974999999627471),(0.02500000037252903,1.974999999627471),(0.02500000037252903,0.)));
#3608=IFCINDEXEDPOLYCURVE(#3607,(IFCLINEINDEX((1,2,3,4,5,6,7,8,1))),$);
#3609=IFCARBITRARYCLOSEDPROFILEDEF(.AREA.,$,#3608);
#3610=IFCCARTESIANPOINT((0.,0.,0.));
#3611=IFCDIRECTION((0.,-1.,0.));
#3612=IFCDIRECTION((1.,0.,0.));
#3613=IFCAXIS2PLACEMENT3D(#3610,#3611,#3612);
#3614=IFCDIRECTION((0.,0.,-1.));
#3615=IFCEXTRUDEDAREASOLID(#3609,#3613,#3614,0.05000000074505806);
#3616=IFCCARTESIANPOINTLIST2D(((0.,0.),(0.64628465101122856,0.),(0.64628465101122856,0.10000000149011612),(0.,0.10000000149011612)));
#3617=IFCINDEXEDPOLYCURVE(#3616,(IFCLINEINDEX((1,2,3,4,1))),$);
#3618=IFCARBITRARYCLOSEDPROFILEDEF(.AREA.,$,#3617);
#3619=IFCCARTESIANPOINT((0.02500000037252903,0.,0.));
#3620=IFCDIRECTION((0.,0.,1.));
#3621=IFCDIRECTION((1.,0.,0.));
#3622=IFCAXIS2PLACEMENT3D(#3619,#3620,#3621);
#3623=IFCDIRECTION((0.,0.,1.));
#3624=IFCEXTRUDEDAREASOLID(#3618,#3622,#3623,0.02500000037252903);
#3625=IFCCARTESIANPOINTLIST2D(((0.,0.),(0.,2.0250000022351742),(0.74628465622663498,2.0250000022351742),(0.74628465622663498,0.),(0.69628465361893177,0.),(0.69628465361893177,1.974999999627471),(0.050000002607703209,1.974999999627471),(0.050000002607703209,0.)));
#3626=IFCINDEXEDPOLYCURVE(#3625,(IFCLINEINDEX((1,2,3,4,5,6,7,8,1))),$);
#3627=IFCARBITRARYCLOSEDPROFILEDEF(.AREA.,$,#3626);
#3628=IFCCARTESIANPOINT((-0.025000002235174179,-0.004999999888241291,0.));
#3629=IFCDIRECTION((0.,-1.,0.));
#3630=IFCDIRECTION((1.,0.,0.));
#3631=IFCAXIS2PLACEMENT3D(#3628,#3629,#3630);
#3632=IFCDIRECTION((0.,0.,-1.));
#3633=IFCEXTRUDEDAREASOLID(#3627,#3631,#3632,0.004999999888241291);
#3634=IFCCARTESIANPOINTLIST2D(((0.,0.),(0.,2.0250000022351742),(0.74628465622663498,2.0250000022351742),(0.74628465622663498,0.),(0.69628465361893177,0.),(0.69628465361893177,1.974999999627471),(0.050000002607703209,1.974999999627471),(0.050000002607703209,0.)));
#3635=IFCINDEXEDPOLYCURVE(#3634,(IFCLINEINDEX((1,2,3,4,5,6,7,8,1))),$);
#3636=IFCARBITRARYCLOSEDPROFILEDEF(.AREA.,$,#3635);
#3637=IFCCARTESIANPOINT((-0.025000002235174179,0.05000000074505806,0.));
#3638=IFCDIRECTION((0.,-1.,0.));
#3639=IFCDIRECTION((1.,0.,0.));
#3640=IFCAXIS2PLACEMENT3D(#3637,#3638,#3639);
#3641=IFCDIRECTION((0.,0.,-1.));
#3642=IFCEXTRUDEDAREASOLID(#3636,#3640,#3641,0.004999999888241291);
#3643=IFCCARTESIANPOINTLIST2D(((0.,0.),(0.64628465101122856,0.),(0.64628465101122856,0.035000000149011612),(0.,0.035000000149011612)));
#3644=IFCINDEXEDPOLYCURVE(#3643,(IFCLINEINDEX((1,2,3,4,1))),$);
#3645=IFCARBITRARYCLOSEDPROFILEDEF(.AREA.,$,#3644);
#3646=IFCCARTESIANPOINT((0.02500000037252903,0.02500000037252903,0.02500000037252903));
#3647=IFCDIRECTION((0.,0.,1.));
#3648=IFCDIRECTION((1.,0.,0.));
#3649=IFCAXIS2PLACEMENT3D(#3646,#3647,#3648);
#3650=IFCDIRECTION((0.,0.,1.));
#3651=IFCEXTRUDEDAREASOLID(#3645,#3649,#3650,1.9499999992549419);
#3652=IFCCARTESIANPOINTLIST2D(((0.,0.),(0.,-0.040000000000000001),(-0.11999999999999988,-0.040000000000000001),(-0.11999999999999988,-0.02),(-0.020000000000000018,-0.02),(-0.020000000000000018,0.)));
#3653=IFCINDEXEDPOLYCURVE(#3652,(IFCLINEINDEX((1,2,3,4,5,6,1))),$);
#3654=IFCARBITRARYCLOSEDPROFILEDEF(.AREA.,$,#3653);
#3655=IFCCARTESIANPOINT((0.62128465138375755,0.02500000037252903,1.015000000372529));
#3656=IFCDIRECTION((0.,0.,1.));
#3657=IFCDIRECTION((1.,0.,0.));
#3658=IFCAXIS2PLACEMENT3D(#3655,#3656,#3657);
#3659=IFCDIRECTION((0.,0.,1.));
#3660=IFCEXTRUDEDAREASOLID(#3654,#3658,#3659,0.02);
#3661=IFCEXTRUDEDAREASOLID(#3662,#3665,#3669,0.02);
#3662=IFCARBITRARYCLOSEDPROFILEDEF(.AREA.,$,#3663);
#3663=IFCINDEXEDPOLYCURVE(#3664,(IFCLINEINDEX((1,2,3,4,5,6,1))),$);
#3664=IFCCARTESIANPOINTLIST2D(((0.,0.),(0.,0.040000000000000008),(-0.11999999999999988,0.040000000000000008),(-0.11999999999999988,0.020000000000000004),(-0.020000000000000018,0.020000000000000004),(-0.020000000000000018,0.)));
#3665=IFCAXIS2PLACEMENT3D(#3666,#3667,#3668);
#3666=IFCCARTESIANPOINT((0.62128465138375755,0.060000000521540642,1.015000000372529));
#3667=IFCDIRECTION((0.,0.,1.));
#3668=IFCDIRECTION((1.,0.,0.));
#3669=IFCDIRECTION((0.,0.,1.));
#3671=IFCSHAPEREPRESENTATION(#11,'Body','SweptSolid',(#3633,#3745,#3624,#3736,#3615,#3754,#3642,#3727));
#3672=IFCSHAPEASPECT((#3671),'Lining',$,.T.,#3548);
#3673=IFCSHAPEREPRESENTATION(#11,'Body','SweptSolid',(#3772,#3661,#3773,#3660,#3763,#3651));
#3674=IFCSHAPEASPECT((#3673),'Framing',$,.T.,#3548);
#3716=IFCCARTESIANPOINTLIST3D(((0.,0.,0.),(0.6898266077041626,0.,0.),(0.6898266077041626,0.,2.),(0.,0.,2.)));
#3717=IFCINDEXEDPOLYCURVE(#3716,(IFCLINEINDEX((1,2,3,4,1))),$);
#3718=IFCSHAPEREPRESENTATION(#18,'Profile','Curve3D',(#3717));
#3719=IFCCARTESIANPOINTLIST2D(((0.,0.),(0.,2.),(0.6898266077041626,2.),(0.6898266077041626,0.),(0.66482660733163357,0.),(0.66482660733163357,1.974999999627471),(0.02500000037252903,1.974999999627471),(0.02500000037252903,0.)));
#3720=IFCINDEXEDPOLYCURVE(#3719,(IFCLINEINDEX((1,2,3,4,5,6,7,8,1))),$);
#3721=IFCARBITRARYCLOSEDPROFILEDEF(.AREA.,$,#3720);
#3722=IFCCARTESIANPOINT((0.,0.,0.));
#3723=IFCDIRECTION((0.,-1.,0.));
#3724=IFCDIRECTION((1.,0.,0.));
#3725=IFCAXIS2PLACEMENT3D(#3722,#3723,#3724);
#3726=IFCDIRECTION((0.,0.,-1.));
#3727=IFCEXTRUDEDAREASOLID(#3721,#3725,#3726,0.05000000074505806);
#3728=IFCCARTESIANPOINTLIST2D(((0.,0.),(0.63982660695910454,0.),(0.63982660695910454,0.10000000149011612),(0.,0.10000000149011612)));
#3729=IFCINDEXEDPOLYCURVE(#3728,(IFCLINEINDEX((1,2,3,4,1))),$);
#3730=IFCARBITRARYCLOSEDPROFILEDEF(.AREA.,$,#3729);
#3731=IFCCARTESIANPOINT((0.02500000037252903,0.,0.));
#3732=IFCDIRECTION((0.,0.,1.));
#3733=IFCDIRECTION((1.,0.,0.));
#3734=IFCAXIS2PLACEMENT3D(#3731,#3732,#3733);
#3735=IFCDIRECTION((0.,0.,1.));
#3736=IFCEXTRUDEDAREASOLID(#3730,#3734,#3735,0.02500000037252903);
#3737=IFCCARTESIANPOINTLIST2D(((0.,0.),(0.,2.0250000022351742),(0.73982661217451096,2.0250000022351742),(0.73982661217451096,0.),(0.68982660956680775,0.),(0.68982660956680775,1.974999999627471),(0.050000002607703209,1.974999999627471),(0.050000002607703209,0.)));
#3738=IFCINDEXEDPOLYCURVE(#3737,(IFCLINEINDEX((1,2,3,4,5,6,7,8,1))),$);
#3739=IFCARBITRARYCLOSEDPROFILEDEF(.AREA.,$,#3738);
#3740=IFCCARTESIANPOINT((-0.025000002235174179,-0.004999999888241291,0.));
#3741=IFCDIRECTION((0.,-1.,0.));
#3742=IFCDIRECTION((1.,0.,0.));
#3743=IFCAXIS2PLACEMENT3D(#3740,#3741,#3742);
#3744=IFCDIRECTION((0.,0.,-1.));
#3745=IFCEXTRUDEDAREASOLID(#3739,#3743,#3744,0.004999999888241291);
#3746=IFCCARTESIANPOINTLIST2D(((0.,0.),(0.,2.0250000022351742),(0.73982661217451096,2.0250000022351742),(0.73982661217451096,0.),(0.68982660956680775,0.),(0.68982660956680775,1.974999999627471),(0.050000002607703209,1.974999999627471),(0.050000002607703209,0.)));
#3747=IFCINDEXEDPOLYCURVE(#3746,(IFCLINEINDEX((1,2,3,4,5,6,7,8,1))),$);
#3748=IFCARBITRARYCLOSEDPROFILEDEF(.AREA.,$,#3747);
#3749=IFCCARTESIANPOINT((-0.025000002235174179,0.05000000074505806,0.));
#3750=IFCDIRECTION((0.,-1.,0.));
#3751=IFCDIRECTION((1.,0.,0.));
#3752=IFCAXIS2PLACEMENT3D(#3749,#3750,#3751);
#3753=IFCDIRECTION((0.,0.,-1.));
#3754=IFCEXTRUDEDAREASOLID(#3748,#3752,#3753,0.004999999888241291);
#3755=IFCCARTESIANPOINTLIST2D(((0.,0.),(0.63982660695910454,0.),(0.63982660695910454,0.035000000149011612),(0.,0.035000000149011612)));
#3756=IFCINDEXEDPOLYCURVE(#3755,(IFCLINEINDEX((1,2,3,4,1))),$);
#3757=IFCARBITRARYCLOSEDPROFILEDEF(.AREA.,$,#3756);
#3758=IFCCARTESIANPOINT((0.02500000037252903,0.02500000037252903,0.02500000037252903));
#3759=IFCDIRECTION((0.,0.,1.));
#3760=IFCDIRECTION((1.,0.,0.));
#3761=IFCAXIS2PLACEMENT3D(#3758,#3759,#3760);
#3762=IFCDIRECTION((0.,0.,1.));
#3763=IFCEXTRUDEDAREASOLID(#3757,#3761,#3762,1.9499999992549419);
#3764=IFCCARTESIANPOINTLIST2D(((0.,0.),(0.,-0.040000000000000001),(-0.11999999999999994,-0.040000000000000001),(-0.11999999999999994,-0.02),(-0.020000000000000018,-0.02),(-0.020000000000000018,0.)));
#3765=IFCINDEXEDPOLYCURVE(#3764,(IFCLINEINDEX((1,2,3,4,5,6,1))),$);
#3766=IFCARBITRARYCLOSEDPROFILEDEF(.AREA.,$,#3765);
#3767=IFCCARTESIANPOINT((0.61482660733163352,0.02500000037252903,1.015000000372529));
#3768=IFCDIRECTION((0.,0.,1.));
#3769=IFCDIRECTION((1.,0.,0.));
#3770=IFCAXIS2PLACEMENT3D(#3767,#3768,#3769);
#3771=IFCDIRECTION((0.,0.,1.));
#3772=IFCEXTRUDEDAREASOLID(#3766,#3770,#3771,0.02);
#3773=IFCEXTRUDEDAREASOLID(#3774,#3777,#3781,0.02);
#3774=IFCARBITRARYCLOSEDPROFILEDEF(.AREA.,$,#3775);
#3775=IFCINDEXEDPOLYCURVE(#3776,(IFCLINEINDEX((1,2,3,4,5,6,1))),$);
#3776=IFCCARTESIANPOINTLIST2D(((0.,0.),(0.,0.040000000000000008),(-0.11999999999999994,0.040000000000000008),(-0.11999999999999994,0.020000000000000004),(-0.020000000000000018,0.020000000000000004),(-0.020000000000000018,0.)));
#3777=IFCAXIS2PLACEMENT3D(#3778,#3779,#3780);
#3778=IFCCARTESIANPOINT((0.61482660733163352,0.060000000521540642,1.015000000372529));
#3779=IFCDIRECTION((0.,0.,1.));
#3780=IFCDIRECTION((1.,0.,0.));
#3781=IFCDIRECTION((0.,0.,1.));
#3782=IFCSHAPEREPRESENTATION(#11,'Body','SweptSolid',(#3727,#3763,#3772,#3773,#3736,#3745,#3754));
#3783=IFCCARTESIANPOINTLIST2D(((0.,0.),(0.02500000037252903,0.),(0.02500000037252903,0.05000000074505806),(0.,0.05000000074505806)));
#3784=IFCINDEXEDPOLYCURVE(#3783,(IFCLINEINDEX((1,2,3,4,1))),$);
#3785=IFCINDEXEDPOLYCURVE(#3786,(IFCLINEINDEX((1,2,3,4,1))),$);
#3786=IFCCARTESIANPOINTLIST2D(((0.6898266077041626,0.),(0.66482660733163357,0.),(0.66482660733163357,0.05000000074505806),(0.6898266077041626,0.05000000074505806)));
#3787=IFCCARTESIANPOINTLIST2D(((0.02500000037252903,0.05000000074505806),(0.02500000037252903,-0.58982660621404648),(0.060000000521540642,-0.58982660621404648)));
#3788=IFCINDEXEDPOLYCURVE(#3787,$,$);
#3789=IFCDIRECTION((1.,0.));
#3790=IFCCARTESIANPOINT((0.060000000521540642,0.05000000074505806));
#3791=IFCAXIS2PLACEMENT2D(#3790,#3789);
#3792=IFCELLIPSE(#3791,0.60482660681009293,0.63982660695910454);
#3793=IFCCARTESIANPOINT((0.060000000521540642,-0.58982660621404648));
#3794=IFCCARTESIANPOINT((0.060000000521540642,0.6898266077041626));
#3795=IFCTRIMMEDCURVE(#3792,(#3793),(#3794),.T.,.CARTESIAN.);
#3796=IFCCARTESIANPOINTLIST2D(((0.02500000037252903,0.05000000074505806),(0.060000000521540642,0.05000000074505806),(0.060000000521540642,0.6898266077041626),(0.02500000037252903,0.6898266077041626)));
#3797=IFCINDEXEDPOLYCURVE(#3796,(IFCLINEINDEX((1,2,3,4,1))),$);
#3798=IFCSHAPEREPRESENTATION(#24,'Body','Curve2D',(#3784,#3785,#3788,#3795,#3797));
#3799=IFCCARTESIANPOINTLIST2D(((0.,0.),(0.6898266077041626,0.),(0.6898266077041626,2.),(0.,2.)));
#3800=IFCINDEXEDPOLYCURVE(#3799,(IFCLINEINDEX((1,2,3,4,1))),$);
#3801=IFCARBITRARYCLOSEDPROFILEDEF(.AREA.,$,#3800);
#3802=IFCCARTESIANPOINT((0.,-0.60000002384185791,0.));
#3803=IFCDIRECTION((0.,-1.,0.));
#3804=IFCDIRECTION((1.,0.,0.));
#3805=IFCAXIS2PLACEMENT3D(#3802,#3803,#3804);
#3806=IFCDIRECTION((0.,0.,-1.));
#3807=IFCEXTRUDEDAREASOLID(#3801,#3805,#3806,1.2);
#3808=IFCSHAPEREPRESENTATION(#11,'Body','SweptSolid',(#3807));
#3814=IFCCARTESIANPOINT((0.059540745675585871,0.01499999728789625,0.));
#3815=IFCDIRECTION((0.,0.,1.));
#3816=IFCDIRECTION((0.99999999999999289,-1.1920928955077312E-07,0.));
#3817=IFCAXIS2PLACEMENT3D(#3814,#3815,#3816);
#3818=IFCLOCALPLACEMENT(#2334,#3817);
#3819=IFCCARTESIANPOINT((-4.4408920985006262E-16,2.2204460492503131E-16,0.));
#3820=IFCDIRECTION((0.,0.,1.));
#3821=IFCDIRECTION((0.99999999999999989,0.,0.));
#3822=IFCAXIS2PLACEMENT3D(#3819,#3820,#3821);
#3823=IFCLOCALPLACEMENT(#3818,#3822);
#3824=IFCDOORTYPE('0LIEWm$Nb7qeWL3wI9gF9J',$,'Maids.GF',$,$,(#3825),(#3827,#3835,#3913,#5293),$,$,.DOOR.,.SINGLE_SWING_LEFT.,$,$);
#3825=IFCPROPERTYSET('1yFZVpXp90v8udB6gcHMb8',$,'BBIM_Door',$,(#3826));
#3826=IFCPROPERTYSINGLEVALUE('Data',$,IFCTEXT('{"door_type": "SLIDING_TO_RIGHT", "overall_height": 2.0, "overall_width": 1.4112635850906372, "lining_properties": {"lining_depth": 0.05000000074505806, "lining_thickness": 0.05000000074505806, "lining_offset": 0.0, "transom_thickness": 0.0, "casing_thickness": 0.07500000298023224, "casing_depth": 0.004999999888241291, "threshold_thickness": 0.02500000037252903, "threshold_depth": 0.10000000149011612, "threshold_offset": 0.0}, "panel_properties": {"panel_depth": 0.03500000014901161, "panel_width_ratio": 1.0}}'),$);
#3827=IFCREPRESENTATIONMAP(#3828,#5212);
#3828=IFCAXIS2PLACEMENT3D(#3829,#3830,#3831);
#3829=IFCCARTESIANPOINT((0.,0.,0.));
#3830=IFCDIRECTION((0.,0.,1.));
#3831=IFCDIRECTION((1.,0.,0.));
#3835=IFCREPRESENTATIONMAP(#3836,#5276);
#3836=IFCAXIS2PLACEMENT3D(#3837,#3838,#3839);
#3837=IFCCARTESIANPOINT((0.,0.,0.));
#3838=IFCDIRECTION((0.,0.,1.));
#3839=IFCDIRECTION((1.,0.,0.));
#3913=IFCREPRESENTATIONMAP(#3914,#5283);
#3914=IFCAXIS2PLACEMENT3D(#3915,#3916,#3917);
#3915=IFCCARTESIANPOINT((0.,0.,0.));
#3916=IFCDIRECTION((0.,0.,1.));
#3917=IFCDIRECTION((1.,0.,0.));
#3932=IFCDOOR('24GaBIWFv0rutShCTQ4Rdw',$,'Door',$,$,#5325,#3941,$,2.,1.4112635850906372,$,.SLIDING_TO_RIGHT.,$);
#3933=IFCRELDEFINESBYTYPE('2OGU0MsNX5Nv9r9G1ZUPO$',$,$,$,(#3932),#3824);
#3934=IFCCARTESIANPOINT((0.,0.,0.));
#3935=IFCDIRECTION((1.,0.,0.));
#3936=IFCDIRECTION((0.,1.,0.));
#3937=IFCDIRECTION((0.,0.,1.));
#3938=IFCCARTESIANTRANSFORMATIONOPERATOR3D(#3935,#3936,#3934,1.,#3937);
#3939=IFCMAPPEDITEM(#3827,#3938);
#3940=IFCSHAPEREPRESENTATION(#18,'Profile','MappedRepresentation',(#3939));
#3941=IFCPRODUCTDEFINITIONSHAPE($,$,(#3940,#3948,#3955,#5300));
#3942=IFCCARTESIANPOINT((0.,0.,0.));
#3943=IFCDIRECTION((1.,0.,0.));
#3944=IFCDIRECTION((0.,1.,0.));
#3945=IFCDIRECTION((0.,0.,1.));
#3946=IFCCARTESIANTRANSFORMATIONOPERATOR3D(#3943,#3944,#3942,1.,#3945);
#3947=IFCMAPPEDITEM(#3835,#3946);
#3948=IFCSHAPEREPRESENTATION(#11,'Body','MappedRepresentation',(#3947));
#3949=IFCCARTESIANPOINT((0.,0.,0.));
#3950=IFCDIRECTION((1.,0.,0.));
#3951=IFCDIRECTION((0.,1.,0.));
#3952=IFCDIRECTION((0.,0.,1.));
#3953=IFCCARTESIANTRANSFORMATIONOPERATOR3D(#3950,#3951,#3949,1.,#3952);
#3954=IFCMAPPEDITEM(#3913,#3953);
#3955=IFCSHAPEREPRESENTATION(#24,'Body','MappedRepresentation',(#3954));
#3956=IFCOPENINGELEMENT('3jvB$fqqH3Xxoz5xM_dZ9D',$,'Opening',$,$,#5320,#3984,$,.OPENING.);
#3972=IFCCARTESIANPOINT((0.,0.,0.));
#3973=IFCDIRECTION((1.,0.,0.));
#3974=IFCDIRECTION((0.,0.,1.));
#3975=IFCAXIS2PLACEMENT3D(#3972,#3974,#3973);
#3976=IFCREPRESENTATIONMAP(#3975,#5310);
#3977=IFCCARTESIANPOINT((0.,0.,0.));
#3978=IFCDIRECTION((1.,0.,0.));
#3979=IFCDIRECTION((0.,1.,0.));
#3980=IFCDIRECTION((0.,0.,1.));
#3981=IFCCARTESIANTRANSFORMATIONOPERATOR3D(#3978,#3979,#3977,1.,#3980);
#3982=IFCMAPPEDITEM(#3976,#3981);
#3983=IFCSHAPEREPRESENTATION(#11,'Body','MappedRepresentation',(#3982));
#3984=IFCPRODUCTDEFINITIONSHAPE($,$,(#3983));
#3985=IFCRELVOIDSELEMENT('3ZVY2Y7Ib5Jx_Wxao9_86y',$,$,$,#2387,#3956);
#3991=IFCRELFILLSELEMENT('17rwaO8O98JxP2EU0V1OKj',$,$,$,#3956,#3932);
#4534=IFCWINDOWTYPE('0dyj$uR0b6AAHzov9J1roS',$,'Living-GF',$,$,(#4535),(#4544,#4592,#4614),$,$,.WINDOW.,.SINGLE_PANEL.,$,$);
#4535=IFCPROPERTYSET('2Cism2WWrAuuL2$CAcxRIq',$,'BBIM_Window',$,(#4536));
#4536=IFCPROPERTYSINGLEVALUE('Data',$,IFCTEXT('{"window_type": "SINGLE_PANEL", "overall_height": 0.8999999761581421, "overall_width": 0.8348268270492554, "lining_properties": {"lining_depth": 0.05000000074505806, "lining_thickness": 0.05000000074505806, "lining_offset": 0.05000000074505806, "lining_to_panel_offset_x": 0.02500000037252903, "lining_to_panel_offset_y": 0.02500000037252903}, "panel_properties": {"frame_depth": [0.03500000014901161, 0.03500000014901161, 0.03500000014901161], "frame_thickness": [0.03500000014901161, 0.03500000014901161, 0.03500000014901161]}}'),$);
#4540=IFCCARTESIANPOINT((0.,0.,0.));
#4541=IFCDIRECTION((1.,0.,0.));
#4542=IFCDIRECTION((0.,0.,1.));
#4543=IFCAXIS2PLACEMENT3D(#4540,#4542,#4541);
#4544=IFCREPRESENTATIONMAP(#4543,#4847);
#4588=IFCCARTESIANPOINT((0.,0.,0.));
#4589=IFCDIRECTION((1.,0.,0.));
#4590=IFCDIRECTION((0.,0.,1.));
#4591=IFCAXIS2PLACEMENT3D(#4588,#4590,#4589);
#4592=IFCREPRESENTATIONMAP(#4591,#4890);
#4610=IFCCARTESIANPOINT((0.,0.,0.));
#4611=IFCDIRECTION((1.,0.,0.));
#4612=IFCDIRECTION((0.,0.,1.));
#4613=IFCAXIS2PLACEMENT3D(#4610,#4612,#4611);
#4614=IFCREPRESENTATIONMAP(#4613,#4913);
#4615=IFCWINDOW('3n1GGxNIX4F9HAC7X9Mz6T',$,'Window',$,$,#4938,#4624,$,0.89999997615814209,0.83482682704925537,$,.SINGLE_PANEL.,$);
#4616=IFCRELDEFINESBYTYPE('1tueVWO8jBtuENXMK11nei',$,$,$,(#4615),#4534);
#4617=IFCCARTESIANPOINT((0.,0.,0.));
#4618=IFCDIRECTION((1.,0.,0.));
#4619=IFCDIRECTION((0.,1.,0.));
#4620=IFCDIRECTION((0.,0.,1.));
#4621=IFCCARTESIANTRANSFORMATIONOPERATOR3D(#4618,#4619,#4617,1.,#4620);
#4622=IFCMAPPEDITEM(#4544,#4621);
#4623=IFCSHAPEREPRESENTATION(#18,'Profile','MappedRepresentation',(#4622));
#4624=IFCPRODUCTDEFINITIONSHAPE($,$,(#4623,#4631,#4638));
#4625=IFCCARTESIANPOINT((0.,0.,0.));
#4626=IFCDIRECTION((1.,0.,0.));
#4627=IFCDIRECTION((0.,1.,0.));
#4628=IFCDIRECTION((0.,0.,1.));
#4629=IFCCARTESIANTRANSFORMATIONOPERATOR3D(#4626,#4627,#4625,1.,#4628);
#4630=IFCMAPPEDITEM(#4592,#4629);
#4631=IFCSHAPEREPRESENTATION(#11,'Body','MappedRepresentation',(#4630));
#4632=IFCCARTESIANPOINT((0.,0.,0.));
#4633=IFCDIRECTION((1.,0.,0.));
#4634=IFCDIRECTION((0.,1.,0.));
#4635=IFCDIRECTION((0.,0.,1.));
#4636=IFCCARTESIANTRANSFORMATIONOPERATOR3D(#4633,#4634,#4632,1.,#4635);
#4637=IFCMAPPEDITEM(#4614,#4636);
#4638=IFCSHAPEREPRESENTATION(#24,'Body','MappedRepresentation',(#4637));
#4639=IFCOPENINGELEMENT('1h4oCYefL7iR6CJgfAPsQK',$,'Opening',$,$,#4933,#4667,$,.OPENING.);
#4655=IFCCARTESIANPOINT((0.,0.,0.));
#4656=IFCDIRECTION((1.,0.,0.));
#4657=IFCDIRECTION((0.,0.,1.));
#4658=IFCAXIS2PLACEMENT3D(#4655,#4657,#4656);
#4659=IFCREPRESENTATIONMAP(#4658,#4923);
#4660=IFCCARTESIANPOINT((0.,0.,0.));
#4661=IFCDIRECTION((1.,0.,0.));
#4662=IFCDIRECTION((0.,1.,0.));
#4663=IFCDIRECTION((0.,0.,1.));
#4664=IFCCARTESIANTRANSFORMATIONOPERATOR3D(#4661,#4662,#4660,1.,#4663);
#4665=IFCMAPPEDITEM(#4659,#4664);
#4666=IFCSHAPEREPRESENTATION(#11,'Body','MappedRepresentation',(#4665));
#4667=IFCPRODUCTDEFINITIONSHAPE($,$,(#4666));
#4668=IFCRELVOIDSELEMENT('3xnHbS9Zr3ZPF4Jxa66yT8',$,$,$,#1140,#4639);
#4674=IFCRELFILLSELEMENT('0xtTfDZ7f8K8XpqEfPLInJ',$,$,$,#4639,#4615);
#4845=IFCCARTESIANPOINTLIST3D(((0.,0.,0.),(0.83482682704925537,0.,0.),(0.83482682704925537,0.,0.89999997615814209),(0.,0.,0.89999997615814209)));
#4846=IFCINDEXEDPOLYCURVE(#4845,(IFCLINEINDEX((1,2,3,4,1))),$);
#4847=IFCSHAPEREPRESENTATION(#18,'Profile','Curve3D',(#4846));
#4848=IFCCARTESIANPOINTLIST2D(((0.,0.),(0.83482682704925537,0.),(0.83482682704925537,0.89999997615814209),(0.,0.89999997615814209)));
#4849=IFCINDEXEDPOLYCURVE(#4848,(IFCLINEINDEX((1,2,3,4,1))),$);
#4850=IFCCARTESIANPOINTLIST2D(((0.02500000037252903,0.02500000037252903),(0.80982682667672634,0.02500000037252903),(0.80982682667672634,0.87499997578561306),(0.02500000037252903,0.87499997578561306)));
#4851=IFCINDEXEDPOLYCURVE(#4850,(IFCLINEINDEX((1,2,3,4,1))),$);
#4852=IFCARBITRARYPROFILEDEFWITHVOIDS(.AREA.,$,#4849,(#4851));
#4853=IFCCARTESIANPOINT((0.,0.090000001713633537,0.));
#4854=IFCDIRECTION((0.,-1.,0.));
#4855=IFCDIRECTION((1.,0.,0.));
#4856=IFCAXIS2PLACEMENT3D(#4853,#4854,#4855);
#4857=IFCDIRECTION((0.,0.,-1.));
#4858=IFCEXTRUDEDAREASOLID(#4852,#4856,#4857,0.0099999997764825821);
#4859=IFCCARTESIANPOINTLIST2D(((0.,0.),(0.83482682704925537,0.),(0.83482682704925537,0.89999997615814209),(0.,0.89999997615814209)));
#4860=IFCINDEXEDPOLYCURVE(#4859,(IFCLINEINDEX((1,2,3,4,1))),$);
#4861=IFCCARTESIANPOINTLIST2D(((0.05000000074505806,0.05000000074505806),(0.78482682630419731,0.05000000074505806),(0.78482682630419731,0.84999997541308403),(0.05000000074505806,0.84999997541308403)));
#4862=IFCINDEXEDPOLYCURVE(#4861,(IFCLINEINDEX((1,2,3,4,1))),$);
#4863=IFCARBITRARYPROFILEDEFWITHVOIDS(.AREA.,$,#4860,(#4862));
#4864=IFCCARTESIANPOINT((0.,0.05000000074505806,0.));
#4865=IFCDIRECTION((0.,-1.,0.));
#4866=IFCDIRECTION((1.,0.,0.));
#4867=IFCAXIS2PLACEMENT3D(#4864,#4865,#4866);
#4868=IFCDIRECTION((0.,0.,-1.));
#4869=IFCEXTRUDEDAREASOLID(#4863,#4867,#4868,0.040000000968575478);
#4870=IFCCARTESIANPOINTLIST2D(((0.,0.),(0.78482682630419731,0.),(0.78482682630419731,0.84999997541308403),(0.,0.84999997541308403)));
#4871=IFCINDEXEDPOLYCURVE(#4870,(IFCLINEINDEX((1,2,3,4,1))),$);
#4872=IFCCARTESIANPOINTLIST2D(((0.035000000149011612,0.035000000149011612),(0.7498268261551857,0.035000000149011612),(0.7498268261551857,0.81499997526407242),(0.035000000149011612,0.81499997526407242)));
#4873=IFCINDEXEDPOLYCURVE(#4872,(IFCLINEINDEX((1,2,3,4,1))),$);
#4874=IFCARBITRARYPROFILEDEFWITHVOIDS(.AREA.,$,#4871,(#4873));
#4875=IFCCARTESIANPOINT((0.02500000037252903,0.090000001713633537,0.02500000037252903));
#4876=IFCDIRECTION((0.,-1.,0.));
#4877=IFCDIRECTION((1.,0.,0.));
#4878=IFCAXIS2PLACEMENT3D(#4875,#4876,#4877);
#4879=IFCDIRECTION((0.,0.,-1.));
#4880=IFCEXTRUDEDAREASOLID(#4874,#4878,#4879,0.035000000149011612);
#4881=IFCINDEXEDPOLYCURVE(#4882,(IFCLINEINDEX((1,2,3,4,1))),$);
#4882=IFCCARTESIANPOINTLIST2D(((0.035000000149011612,0.035000000149011612),(0.7498268261551857,0.035000000149011612),(0.7498268261551857,0.81499997526407242),(0.035000000149011612,0.81499997526407242)));
#4883=IFCARBITRARYCLOSEDPROFILEDEF(.AREA.,$,#4881);
#4884=IFCCARTESIANPOINT((0.02500000037252903,0.10250000178813934,0.02500000037252903));
#4885=IFCDIRECTION((0.,-1.,0.));
#4886=IFCDIRECTION((1.,0.,0.));
#4887=IFCAXIS2PLACEMENT3D(#4884,#4885,#4886);
#4888=IFCDIRECTION((0.,0.,-1.));
#4889=IFCEXTRUDEDAREASOLID(#4883,#4887,#4888,0.01);
#4890=IFCSHAPEREPRESENTATION(#11,'Body','SweptSolid',(#4858,#4869,#4880,#4889));
#4891=IFCSHAPEREPRESENTATION(#11,'Body','SweptSolid',(#4858,#4869));
#4892=IFCSHAPEASPECT((#4891),'Lining',$,.T.,#4624);
#4893=IFCSHAPEREPRESENTATION(#11,'Body','SweptSolid',(#4880));
#4894=IFCSHAPEASPECT((#4893),'Framing',$,.T.,#4624);
#4895=IFCSHAPEREPRESENTATION(#11,'Body','SweptSolid',(#4889));
#4896=IFCSHAPEASPECT((#4895),'Glazing',$,.T.,#4624);
#4897=IFCCARTESIANPOINTLIST2D(((0.05000000074505806,0.05000000074505806),(0.78482682630419731,0.05000000074505806)));
#4898=IFCINDEXEDPOLYCURVE(#4897,$,$);
#4899=IFCCARTESIANPOINTLIST2D(((0.,0.10000000149011612),(0.02500000037252903,0.10000000149011612),(0.02500000037252903,0.090000001713633537),(0.05000000074505806,0.090000001713633537),(0.05000000074505806,0.05000000074505806),(0.,0.05000000074505806)));
#4900=IFCINDEXEDPOLYCURVE(#4899,(IFCLINEINDEX((1,2,3,4,5,6,1))),$);
#4901=IFCCARTESIANPOINTLIST2D(((0.83482682704925537,0.10000000149011612),(0.80982682667672634,0.10000000149011612),(0.80982682667672634,0.090000001713633537),(0.78482682630419731,0.090000001713633537),(0.78482682630419731,0.05000000074505806),(0.83482682704925537,0.05000000074505806)));
#4902=IFCINDEXEDPOLYCURVE(#4901,(IFCLINEINDEX((1,2,3,4,5,6,1))),$);
#4903=IFCCARTESIANPOINTLIST2D(((0.02500000037252903,0.090000001713633537),(0.060000000521540642,0.090000001713633537),(0.060000000521540642,0.12500000186264515),(0.02500000037252903,0.12500000186264515)));
#4904=IFCINDEXEDPOLYCURVE(#4903,(IFCLINEINDEX((1,2,3,4,1))),$);
#4905=IFCINDEXEDPOLYCURVE(#4906,(IFCLINEINDEX((1,2,3,4,1))),$);
#4906=IFCCARTESIANPOINTLIST2D(((0.80982682667672634,0.090000001713633537),(0.77482682652771473,0.090000001713633537),(0.77482682652771473,0.12500000186264515),(0.80982682667672634,0.12500000186264515)));
#4907=IFCCARTESIANPOINTLIST2D(((0.060000000521540642,0.090000001713633537),(0.77482682652771473,0.090000001713633537)));
#4908=IFCINDEXEDPOLYCURVE(#4907,$,$);
#4909=IFCINDEXEDPOLYCURVE(#4910,$,$);
#4910=IFCCARTESIANPOINTLIST2D(((0.060000000521540642,0.12500000186264515),(0.77482682652771473,0.12500000186264515)));
#4911=IFCINDEXEDPOLYCURVE(#4912,$,$);
#4912=IFCCARTESIANPOINTLIST2D(((0.060000000521540642,0.10750000178813934),(0.77482682652771473,0.10750000178813934)));
#4913=IFCSHAPEREPRESENTATION(#24,'Body','Curve2D',(#4898,#4900,#4902,#4904,#4905,#4908,#4909,#4911));
#4914=IFCCARTESIANPOINTLIST2D(((0.,0.),(0.83482682704925537,0.),(0.83482682704925537,0.89999997615814209),(0.,0.89999997615814209)));
#4915=IFCINDEXEDPOLYCURVE(#4914,(IFCLINEINDEX((1,2,3,4,1))),$);
#4916=IFCARBITRARYCLOSEDPROFILEDEF(.AREA.,$,#4915);
#4917=IFCCARTESIANPOINT((0.,-0.60000002384185791,0.));
#4918=IFCDIRECTION((0.,-1.,0.));
#4919=IFCDIRECTION((1.,0.,0.));
#4920=IFCAXIS2PLACEMENT3D(#4917,#4918,#4919);
#4921=IFCDIRECTION((0.,0.,-1.));
#4922=IFCEXTRUDEDAREASOLID(#4916,#4920,#4921,1.2);
#4923=IFCSHAPEREPRESENTATION(#11,'Body','SweptSolid',(#4922));
#4929=IFCCARTESIANPOINT((1.7318050676558641,9.5367431640625E-07,1.));
#4930=IFCDIRECTION((0.,0.,1.));
#4931=IFCDIRECTION((0.99999999999988631,-4.7683715820307079E-07,0.));
#4932=IFCAXIS2PLACEMENT3D(#4929,#4930,#4931);
#4933=IFCLOCALPLACEMENT(#2656,#4932);
#4934=IFCCARTESIANPOINT((-4.4408920985006262E-16,0.,0.));
#4935=IFCDIRECTION((0.,0.,1.));
#4936=IFCDIRECTION((1.,0.,0.));
#4937=IFCAXIS2PLACEMENT3D(#4934,#4935,#4936);
#4938=IFCLOCALPLACEMENT(#4933,#4937);
#4945=IFCWINDOWTYPE('1$NQuDzCb47uGdpie40Hf7',$,'GUEST-1-GF',$,$,(#4946),(#4948,#4956,#5004),$,$,.WINDOW.,.SINGLE_PANEL.,$,$);
#4946=IFCPROPERTYSET('1abIO6Rj9DPR$c7d$o2eB4',$,'BBIM_Window',$,(#4947));
#4947=IFCPROPERTYSINGLEVALUE('Data',$,IFCTEXT('{"window_type": "DOUBLE_PANEL_VERTICAL", "overall_height": 0.8999999761581421, "overall_width": 1.2052135467529297, "lining_properties": {"lining_depth": 0.05000000074505806, "lining_thickness": 0.05000000074505806, "lining_offset": 0.05000000074505806, "lining_to_panel_offset_x": 0.02500000037252903, "lining_to_panel_offset_y": 0.02500000037252903, "mullion_thickness": 0.05000000074505806, "first_mullion_offset": 0.6061512231826782}, "panel_properties": {"frame_depth": [0.03500000014901161, 0.03500000014901161, 0.03500000014901161], "frame_thickness": [0.03500000014901161, 0.03500000014901161, 0.03500000014901161]}}'),$);
#4948=IFCREPRESENTATIONMAP(#4949,#5564);
#4949=IFCAXIS2PLACEMENT3D(#4950,#4951,#4952);
#4950=IFCCARTESIANPOINT((0.,0.,0.));
#4951=IFCDIRECTION((0.,0.,1.));
#4952=IFCDIRECTION((1.,0.,0.));
#4956=IFCREPRESENTATIONMAP(#4957,#5645);
#4957=IFCAXIS2PLACEMENT3D(#4958,#4959,#4960);
#4958=IFCCARTESIANPOINT((0.,0.,0.));
#4959=IFCDIRECTION((0.,0.,1.));
#4960=IFCDIRECTION((1.,0.,0.));
#5004=IFCREPRESENTATIONMAP(#5005,#5678);
#5005=IFCAXIS2PLACEMENT3D(#5006,#5007,#5008);
#5006=IFCCARTESIANPOINT((0.,0.,0.));
#5007=IFCDIRECTION((0.,0.,1.));
#5008=IFCDIRECTION((1.,0.,0.));
#5026=IFCWINDOW('2gcuCUB31DEvGoQPE_25r0',$,'Window',$,$,#6388,#5035,$,0.89999997615814209,1.2052135467529297,$,.DOUBLE_PANEL_VERTICAL.,$);
#5027=IFCRELDEFINESBYTYPE('3Ul4ipsmb4m9nfEpYH_eTc',$,$,$,(#5026),#4945);
#5028=IFCCARTESIANPOINT((0.,0.,0.));
#5029=IFCDIRECTION((1.,0.,0.));
#5030=IFCDIRECTION((0.,1.,0.));
#5031=IFCDIRECTION((0.,0.,1.));
#5032=IFCCARTESIANTRANSFORMATIONOPERATOR3D(#5029,#5030,#5028,1.,#5031);
#5033=IFCMAPPEDITEM(#4948,#5032);
#5034=IFCSHAPEREPRESENTATION(#18,'Profile','MappedRepresentation',(#5033));
#5035=IFCPRODUCTDEFINITIONSHAPE($,$,(#5034,#5042,#5049));
#5036=IFCCARTESIANPOINT((0.,0.,0.));
#5037=IFCDIRECTION((1.,0.,0.));
#5038=IFCDIRECTION((0.,1.,0.));
#5039=IFCDIRECTION((0.,0.,1.));
#5040=IFCCARTESIANTRANSFORMATIONOPERATOR3D(#5037,#5038,#5036,1.,#5039);
#5041=IFCMAPPEDITEM(#4956,#5040);
#5042=IFCSHAPEREPRESENTATION(#11,'Body','MappedRepresentation',(#5041));
#5043=IFCCARTESIANPOINT((0.,0.,0.));
#5044=IFCDIRECTION((1.,0.,0.));
#5045=IFCDIRECTION((0.,1.,0.));
#5046=IFCDIRECTION((0.,0.,1.));
#5047=IFCCARTESIANTRANSFORMATIONOPERATOR3D(#5044,#5045,#5043,1.,#5046);
#5048=IFCMAPPEDITEM(#5004,#5047);
#5049=IFCSHAPEREPRESENTATION(#24,'Body','MappedRepresentation',(#5048));
#5050=IFCOPENINGELEMENT('1Xf2tf2Jn9OeFLuPhBHJYj',$,'Opening',$,$,#5713,#5078,$,.OPENING.);
#5066=IFCCARTESIANPOINT((0.,0.,0.));
#5067=IFCDIRECTION((1.,0.,0.));
#5068=IFCDIRECTION((0.,0.,1.));
#5069=IFCAXIS2PLACEMENT3D(#5066,#5068,#5067);
#5070=IFCREPRESENTATIONMAP(#5069,#5688);
#5071=IFCCARTESIANPOINT((0.,0.,0.));
#5072=IFCDIRECTION((1.,0.,0.));
#5073=IFCDIRECTION((0.,1.,0.));
#5074=IFCDIRECTION((0.,0.,1.));
#5075=IFCCARTESIANTRANSFORMATIONOPERATOR3D(#5072,#5073,#5071,1.,#5074);
#5076=IFCMAPPEDITEM(#5070,#5075);
#5077=IFCSHAPEREPRESENTATION(#11,'Body','MappedRepresentation',(#5076));
#5078=IFCPRODUCTDEFINITIONSHAPE($,$,(#5077));
#5079=IFCRELVOIDSELEMENT('0e4Dh3pgHFnAyA7klIb3Lu',$,$,$,#1796,#5050);
#5085=IFCRELFILLSELEMENT('3IEmioYMbAr8pZ3bKZPjlp',$,$,$,#5050,#5026);
#5094=IFCCARTESIANPOINTLIST2D(((0.,0.),(0.,2.),(1.4112635850906372,2.),(1.4112635850906372,0.),(1.3862635847181082,0.),(1.3862635847181082,1.974999999627471),(0.02500000037252903,1.974999999627471),(0.02500000037252903,0.)));
#5095=IFCINDEXEDPOLYCURVE(#5094,(IFCLINEINDEX((1,2,3,4,5,6,7,8,1))),$);
#5096=IFCARBITRARYCLOSEDPROFILEDEF(.AREA.,$,#5095);
#5097=IFCCARTESIANPOINT((0.,0.02500000037252903,0.));
#5098=IFCDIRECTION((0.,-1.,0.));
#5099=IFCDIRECTION((1.,0.,0.));
#5100=IFCAXIS2PLACEMENT3D(#5097,#5098,#5099);
#5101=IFCDIRECTION((0.,0.,-1.));
#5102=IFCEXTRUDEDAREASOLID(#5096,#5100,#5101,0.02500000037252903);
#5103=IFCCARTESIANPOINTLIST2D(((0.,0.),(0.,2.),(1.4112635850906372,2.),(1.4112635850906372,0.),(1.3612635843455791,0.),(1.3612635843455791,1.9499999992549419),(0.05000000074505806,1.9499999992549419),(0.05000000074505806,0.)));
#5104=IFCINDEXEDPOLYCURVE(#5103,(IFCLINEINDEX((1,2,3,4,5,6,7,8,1))),$);
#5105=IFCARBITRARYCLOSEDPROFILEDEF(.AREA.,$,#5104);
#5106=IFCCARTESIANPOINT((0.,0.,0.));
#5107=IFCDIRECTION((0.,-1.,0.));
#5108=IFCDIRECTION((1.,0.,0.));
#5109=IFCAXIS2PLACEMENT3D(#5106,#5107,#5108);
#5110=IFCDIRECTION((0.,0.,-1.));
#5111=IFCEXTRUDEDAREASOLID(#5105,#5109,#5110,0.02500000037252903);
#5112=IFCCARTESIANPOINTLIST2D(((0.,0.),(1.3112635836005211,0.),(1.3112635836005211,0.10000000149011612),(0.,0.10000000149011612)));
#5113=IFCINDEXEDPOLYCURVE(#5112,(IFCLINEINDEX((1,2,3,4,1))),$);
#5114=IFCARBITRARYCLOSEDPROFILEDEF(.AREA.,$,#5113);
#5115=IFCCARTESIANPOINT((0.05000000074505806,0.,0.));
#5116=IFCDIRECTION((0.,0.,1.));
#5117=IFCDIRECTION((1.,0.,0.));
#5118=IFCAXIS2PLACEMENT3D(#5115,#5116,#5117);
#5119=IFCDIRECTION((0.,0.,1.));
#5120=IFCEXTRUDEDAREASOLID(#5114,#5118,#5119,0.02500000037252903);
#5121=IFCCARTESIANPOINTLIST2D(((0.,0.),(0.,2.0250000022351742),(1.4612635895609856,2.0250000022351742),(1.4612635895609856,0.),(1.3862635865807533,0.),(1.3862635865807533,1.9499999992549419),(0.075000002980232239,1.9499999992549419),(0.075000002980232239,0.)));
#5122=IFCINDEXEDPOLYCURVE(#5121,(IFCLINEINDEX((1,2,3,4,5,6,7,8,1))),$);
#5123=IFCARBITRARYCLOSEDPROFILEDEF(.AREA.,$,#5122);
#5124=IFCCARTESIANPOINT((-0.025000002235174179,-0.004999999888241291,0.));
#5125=IFCDIRECTION((0.,-1.,0.));
#5126=IFCDIRECTION((1.,0.,0.));
#5127=IFCAXIS2PLACEMENT3D(#5124,#5125,#5126);
#5128=IFCDIRECTION((0.,0.,-1.));
#5129=IFCEXTRUDEDAREASOLID(#5123,#5127,#5128,0.004999999888241291);
#5130=IFCCARTESIANPOINTLIST2D(((0.,0.),(0.,2.0250000022351742),(1.4612635895609856,2.0250000022351742),(1.4612635895609856,0.),(1.4112635869532824,0.),(1.4112635869532824,1.974999999627471),(0.050000002607703209,1.974999999627471),(0.050000002607703209,0.)));
#5131=IFCINDEXEDPOLYCURVE(#5130,(IFCLINEINDEX((1,2,3,4,5,6,7,8,1))),$);
#5132=IFCARBITRARYCLOSEDPROFILEDEF(.AREA.,$,#5131);
#5133=IFCCARTESIANPOINT((-0.025000002235174179,0.05000000074505806,0.));
#5134=IFCDIRECTION((0.,-1.,0.));
#5135=IFCDIRECTION((1.,0.,0.));
#5136=IFCAXIS2PLACEMENT3D(#5133,#5134,#5135);
#5137=IFCDIRECTION((0.,0.,-1.));
#5138=IFCEXTRUDEDAREASOLID(#5132,#5136,#5137,0.004999999888241291);
#5139=IFCCARTESIANPOINTLIST2D(((0.,0.),(1.3612635843455791,0.),(1.3612635843455791,0.035000000149011612),(0.,0.035000000149011612)));
#5140=IFCINDEXEDPOLYCURVE(#5139,(IFCLINEINDEX((1,2,3,4,1))),$);
#5141=IFCARBITRARYCLOSEDPROFILEDEF(.AREA.,$,#5140);
#5142=IFCCARTESIANPOINT((0.02500000037252903,0.02500000037252903,0.02500000037252903));
#5143=IFCDIRECTION((0.,0.,1.));
#5144=IFCDIRECTION((1.,0.,0.));
#5145=IFCAXIS2PLACEMENT3D(#5142,#5143,#5144);
#5146=IFCDIRECTION((0.,0.,1.));
#5147=IFCEXTRUDEDAREASOLID(#5141,#5145,#5146,1.9499999992549419);
#5148=IFCCARTESIANPOINTLIST2D(((0.,0.),(0.,-0.040000000000000001),(-0.11999999999999988,-0.040000000000000001),(-0.11999999999999988,-0.02),(-0.020000000000000018,-0.02),(-0.020000000000000018,0.)));
#5149=IFCINDEXEDPOLYCURVE(#5148,(IFCLINEINDEX((1,2,3,4,5,6,1))),$);
#5150=IFCARBITRARYCLOSEDPROFILEDEF(.AREA.,$,#5149);
#5151=IFCCARTESIANPOINT((1.3362635847181081,0.02500000037252903,1.015000000372529));
#5152=IFCDIRECTION((0.,0.,1.));
#5153=IFCDIRECTION((1.,0.,0.));
#5154=IFCAXIS2PLACEMENT3D(#5151,#5152,#5153);
#5155=IFCDIRECTION((0.,0.,1.));
#5156=IFCEXTRUDEDAREASOLID(#5150,#5154,#5155,0.02);
#5157=IFCEXTRUDEDAREASOLID(#5158,#5161,#5165,0.02);
#5158=IFCARBITRARYCLOSEDPROFILEDEF(.AREA.,$,#5159);
#5159=IFCINDEXEDPOLYCURVE(#5160,(IFCLINEINDEX((1,2,3,4,5,6,1))),$);
#5160=IFCCARTESIANPOINTLIST2D(((0.,0.),(0.,0.040000000000000008),(-0.11999999999999988,0.040000000000000008),(-0.11999999999999988,0.020000000000000004),(-0.020000000000000018,0.020000000000000004),(-0.020000000000000018,0.)));
#5161=IFCAXIS2PLACEMENT3D(#5162,#5163,#5164);
#5162=IFCCARTESIANPOINT((1.3362635847181081,0.060000000521540642,1.015000000372529));
#5163=IFCDIRECTION((0.,0.,1.));
#5164=IFCDIRECTION((1.,0.,0.));
#5165=IFCDIRECTION((0.,0.,1.));
#5167=IFCSHAPEREPRESENTATION(#11,'Body','SweptSolid',(#5138,#5120,#5248,#5111,#5239,#5102,#5230,#5221,#5129));
#5168=IFCSHAPEASPECT((#5167),'Lining',$,.T.,#3941);
#5169=IFCSHAPEREPRESENTATION(#11,'Body','SweptSolid',(#5266,#5267,#5156,#5257,#5157,#5147));
#5170=IFCSHAPEASPECT((#5169),'Framing',$,.T.,#3941);
#5210=IFCCARTESIANPOINTLIST3D(((0.,0.,0.),(1.4112635850906372,0.,0.),(1.4112635850906372,0.,2.),(0.,0.,2.)));
#5211=IFCINDEXEDPOLYCURVE(#5210,(IFCLINEINDEX((1,2,3,4,1))),$);
#5212=IFCSHAPEREPRESENTATION(#18,'Profile','Curve3D',(#5211));
#5213=IFCCARTESIANPOINTLIST2D(((0.,0.),(0.,2.),(1.4112635850906372,2.),(1.4112635850906372,0.),(1.3612635843455791,0.),(1.3612635843455791,1.9499999992549419),(0.05000000074505806,1.9499999992549419),(0.05000000074505806,0.)));
#5214=IFCINDEXEDPOLYCURVE(#5213,(IFCLINEINDEX((1,2,3,4,5,6,7,8,1))),$);
#5215=IFCARBITRARYCLOSEDPROFILEDEF(.AREA.,$,#5214);
#5216=IFCCARTESIANPOINT((0.,0.,0.));
#5217=IFCDIRECTION((0.,-1.,0.));
#5218=IFCDIRECTION((1.,0.,0.));
#5219=IFCAXIS2PLACEMENT3D(#5216,#5217,#5218);
#5220=IFCDIRECTION((0.,0.,-1.));
#5221=IFCEXTRUDEDAREASOLID(#5215,#5219,#5220,0.05000000074505806);
#5222=IFCCARTESIANPOINTLIST2D(((0.,0.),(1.3112635836005211,0.),(1.3112635836005211,0.10000000149011612),(0.,0.10000000149011612)));
#5223=IFCINDEXEDPOLYCURVE(#5222,(IFCLINEINDEX((1,2,3,4,1))),$);
#5224=IFCARBITRARYCLOSEDPROFILEDEF(.AREA.,$,#5223);
#5225=IFCCARTESIANPOINT((0.05000000074505806,0.,0.));
#5226=IFCDIRECTION((0.,0.,1.));
#5227=IFCDIRECTION((1.,0.,0.));
#5228=IFCAXIS2PLACEMENT3D(#5225,#5226,#5227);
#5229=IFCDIRECTION((0.,0.,1.));
#5230=IFCEXTRUDEDAREASOLID(#5224,#5228,#5229,0.02500000037252903);
#5231=IFCCARTESIANPOINTLIST2D(((0.,0.),(0.,2.0250000022351742),(1.4612635895609856,2.0250000022351742),(1.4612635895609856,0.),(1.3862635865807533,0.),(1.3862635865807533,1.9499999992549419),(0.075000002980232239,1.9499999992549419),(0.075000002980232239,0.)));
#5232=IFCINDEXEDPOLYCURVE(#5231,(IFCLINEINDEX((1,2,3,4,5,6,7,8,1))),$);
#5233=IFCARBITRARYCLOSEDPROFILEDEF(.AREA.,$,#5232);
#5234=IFCCARTESIANPOINT((-0.025000002235174179,-0.004999999888241291,0.));
#5235=IFCDIRECTION((0.,-1.,0.));
#5236=IFCDIRECTION((1.,0.,0.));
#5237=IFCAXIS2PLACEMENT3D(#5234,#5235,#5236);
#5238=IFCDIRECTION((0.,0.,-1.));
#5239=IFCEXTRUDEDAREASOLID(#5233,#5237,#5238,0.004999999888241291);
#5240=IFCCARTESIANPOINTLIST2D(((0.,0.),(0.,2.0250000022351742),(1.4612635895609856,2.0250000022351742),(1.4612635895609856,0.),(1.3862635865807533,0.),(1.3862635865807533,1.9499999992549419),(0.075000002980232239,1.9499999992549419),(0.075000002980232239,0.)));
#5241=IFCINDEXEDPOLYCURVE(#5240,(IFCLINEINDEX((1,2,3,4,5,6,7,8,1))),$);
#5242=IFCARBITRARYCLOSEDPROFILEDEF(.AREA.,$,#5241);
#5243=IFCCARTESIANPOINT((-0.025000002235174179,0.05000000074505806,0.));
#5244=IFCDIRECTION((0.,-1.,0.));
#5245=IFCDIRECTION((1.,0.,0.));
#5246=IFCAXIS2PLACEMENT3D(#5243,#5244,#5245);
#5247=IFCDIRECTION((0.,0.,-1.));
#5248=IFCEXTRUDEDAREASOLID(#5242,#5246,#5247,0.004999999888241291);
#5249=IFCCARTESIANPOINTLIST2D(((0.,0.),(1.3112635836005211,0.),(1.3112635836005211,0.035000000149011612),(0.,0.035000000149011612)));
#5250=IFCINDEXEDPOLYCURVE(#5249,(IFCLINEINDEX((1,2,3,4,1))),$);
#5251=IFCARBITRARYCLOSEDPROFILEDEF(.AREA.,$,#5250);
#5252=IFCCARTESIANPOINT((0.05000000074505806,-0.035000000149011612,0.02500000037252903));
#5253=IFCDIRECTION((0.,0.,1.));
#5254=IFCDIRECTION((1.,0.,0.));
#5255=IFCAXIS2PLACEMENT3D(#5252,#5253,#5254);
#5256=IFCDIRECTION((0.,0.,1.));
#5257=IFCEXTRUDEDAREASOLID(#5251,#5255,#5256,1.9249999988824129);
#5258=IFCCARTESIANPOINTLIST2D(((0.,0.),(0.,-0.040000000000000001),(0.12,-0.040000000000000001),(0.12,-0.02),(0.02,-0.02),(0.02,0.)));
#5259=IFCINDEXEDPOLYCURVE(#5258,(IFCLINEINDEX((1,2,3,4,5,6,1))),$);
#5260=IFCARBITRARYCLOSEDPROFILEDEF(.AREA.,$,#5259);
#5261=IFCCARTESIANPOINT((0.10000000074505806,-0.035000000149011612,1.015000000372529));
#5262=IFCDIRECTION((0.,0.,1.));
#5263=IFCDIRECTION((1.,0.,0.));
#5264=IFCAXIS2PLACEMENT3D(#5261,#5262,#5263);
#5265=IFCDIRECTION((0.,0.,1.));
#5266=IFCEXTRUDEDAREASOLID(#5260,#5264,#5265,0.02);
#5267=IFCEXTRUDEDAREASOLID(#5268,#5271,#5275,0.02);
#5268=IFCARBITRARYCLOSEDPROFILEDEF(.AREA.,$,#5269);
#5269=IFCINDEXEDPOLYCURVE(#5270,(IFCLINEINDEX((1,2,3,4,5,6,1))),$);
#5270=IFCCARTESIANPOINTLIST2D(((0.,0.),(0.,0.040000000000000008),(0.11999999999999998,0.040000000000000008),(0.11999999999999998,0.020000000000000004),(0.020000000000000004,0.020000000000000004),(0.020000000000000004,0.)));
#5271=IFCAXIS2PLACEMENT3D(#5272,#5273,#5274);
#5272=IFCCARTESIANPOINT((0.10000000074505806,0.,1.015000000372529));
#5273=IFCDIRECTION((0.,0.,1.));
#5274=IFCDIRECTION((1.,0.,0.));
#5275=IFCDIRECTION((0.,0.,1.));
#5276=IFCSHAPEREPRESENTATION(#11,'Body','SweptSolid',(#5221,#5257,#5266,#5267,#5230,#5239,#5248));
#5277=IFCCARTESIANPOINTLIST2D(((0.,0.),(0.05000000074505806,0.),(0.05000000074505806,0.05000000074505806),(0.,0.05000000074505806)));
#5278=IFCINDEXEDPOLYCURVE(#5277,(IFCLINEINDEX((1,2,3,4,1))),$);
#5279=IFCINDEXEDPOLYCURVE(#5280,(IFCLINEINDEX((1,2,3,4,1))),$);
#5280=IFCCARTESIANPOINTLIST2D(((1.4112635850906372,0.),(1.3612635843455791,0.),(1.3612635843455791,0.05000000074505806),(1.4112635850906372,0.05000000074505806)));
#5281=IFCCARTESIANPOINTLIST2D(((2.0168953761458397,-0.035000000149011612),(0.7056317925453186,-0.035000000149011612),(0.7056317925453186,0.),(2.0168953761458397,0.)));
#5282=IFCINDEXEDPOLYCURVE(#5281,(IFCLINEINDEX((1,2,3,4,1))),$);
#5283=IFCSHAPEREPRESENTATION(#24,'Body','Curve2D',(#5278,#5279,#5282));
#5284=IFCCARTESIANPOINTLIST2D(((0.50894225500524048,-0.081587428267465345),(0.90232133008539683,-0.081587428267465345)));
#5285=IFCINDEXEDPOLYCURVE(#5284,$,$);
#5286=IFCCARTESIANPOINTLIST2D(((0.5389422550052404,-0.050529142855162856),(0.50894225500524048,-0.081587428267465345),(0.5389422550052404,-0.11264571367976783)));
#5287=IFCINDEXEDPOLYCURVE(#5286,$,$);
#5288=IFCSHAPEREPRESENTATION(#25,'Annotation','Curve2D',(#5285,#5287));
#5289=IFCCARTESIANPOINT((0.,0.,0.));
#5290=IFCDIRECTION((1.,0.,0.));
#5291=IFCDIRECTION((0.,0.,1.));
#5292=IFCAXIS2PLACEMENT3D(#5289,#5291,#5290);
#5293=IFCREPRESENTATIONMAP(#5292,#5288);
#5294=IFCCARTESIANPOINT((0.,0.,0.));
#5295=IFCDIRECTION((1.,0.,0.));
#5296=IFCDIRECTION((0.,1.,0.));
#5297=IFCDIRECTION((0.,0.,1.));
#5298=IFCCARTESIANTRANSFORMATIONOPERATOR3D(#5295,#5296,#5294,1.,#5297);
#5299=IFCMAPPEDITEM(#5293,#5298);
#5300=IFCSHAPEREPRESENTATION(#25,'Annotation','MappedRepresentation',(#5299));
#5301=IFCCARTESIANPOINTLIST2D(((0.,0.),(1.4112635850906372,0.),(1.4112635850906372,2.),(0.,2.)));
#5302=IFCINDEXEDPOLYCURVE(#5301,(IFCLINEINDEX((1,2,3,4,1))),$);
#5303=IFCARBITRARYCLOSEDPROFILEDEF(.AREA.,$,#5302);
#5304=IFCCARTESIANPOINT((0.,-0.60000002384185791,0.));
#5305=IFCDIRECTION((0.,-1.,0.));
#5306=IFCDIRECTION((1.,0.,0.));
#5307=IFCAXIS2PLACEMENT3D(#5304,#5305,#5306);
#5308=IFCDIRECTION((0.,0.,-1.));
#5309=IFCEXTRUDEDAREASOLID(#5303,#5307,#5308,1.2);
#5310=IFCSHAPEREPRESENTATION(#11,'Body','SweptSolid',(#5309));
#5316=IFCCARTESIANPOINT((0.08891962973062173,5.1146367319176989E-07,0.));
#5317=IFCDIRECTION((0.,0.,1.));
#5318=IFCDIRECTION((0.99999999999997158,-2.3841857910149749E-07,0.));
#5319=IFCAXIS2PLACEMENT3D(#5316,#5317,#5318);
#5320=IFCLOCALPLACEMENT(#2557,#5319);
#5321=IFCCARTESIANPOINT((0.,0.,0.));
#5322=IFCDIRECTION((0.,0.,1.));
#5323=IFCDIRECTION((1.,0.,0.));
#5324=IFCAXIS2PLACEMENT3D(#5321,#5322,#5323);
#5325=IFCLOCALPLACEMENT(#5320,#5324);
#5329=IFCCARTESIANPOINTLIST2D(((0.,0.),(1.1187433004379272,0.),(1.1187433004379272,0.89999997615814209),(0.,0.89999997615814209)));
#5330=IFCINDEXEDPOLYCURVE(#5329,(IFCLINEINDEX((1,2,3,4,1))),$);
#5331=IFCCARTESIANPOINTLIST2D(((0.02500000037252903,0.02500000037252903),(1.0937433000653982,0.02500000037252903),(1.0937433000653982,0.87499997578561306),(0.02500000037252903,0.87499997578561306)));
#5332=IFCINDEXEDPOLYCURVE(#5331,(IFCLINEINDEX((1,2,3,4,1))),$);
#5333=IFCARBITRARYPROFILEDEFWITHVOIDS(.AREA.,$,#5330,(#5332));
#5334=IFCCARTESIANPOINT((0.,0.090000001713633537,0.));
#5335=IFCDIRECTION((0.,-1.,0.));
#5336=IFCDIRECTION((1.,0.,0.));
#5337=IFCAXIS2PLACEMENT3D(#5334,#5335,#5336);
#5338=IFCDIRECTION((0.,0.,-1.));
#5339=IFCEXTRUDEDAREASOLID(#5333,#5337,#5338,0.0099999997764825821);
#5340=IFCCARTESIANPOINTLIST2D(((0.,0.),(1.1187433004379272,0.),(1.1187433004379272,0.89999997615814209),(0.,0.89999997615814209)));
#5341=IFCINDEXEDPOLYCURVE(#5340,(IFCLINEINDEX((1,2,3,4,1))),$);
#5342=IFCCARTESIANPOINTLIST2D(((0.05000000074505806,0.05000000074505806),(1.0687432996928692,0.05000000074505806),(1.0687432996928692,0.84999997541308403),(0.05000000074505806,0.84999997541308403)));
#5343=IFCINDEXEDPOLYCURVE(#5342,(IFCLINEINDEX((1,2,3,4,1))),$);
#5344=IFCARBITRARYPROFILEDEFWITHVOIDS(.AREA.,$,#5341,(#5343));
#5345=IFCCARTESIANPOINT((0.,0.05000000074505806,0.));
#5346=IFCDIRECTION((0.,-1.,0.));
#5347=IFCDIRECTION((1.,0.,0.));
#5348=IFCAXIS2PLACEMENT3D(#5345,#5346,#5347);
#5349=IFCDIRECTION((0.,0.,-1.));
#5350=IFCEXTRUDEDAREASOLID(#5344,#5348,#5349,0.040000000968575478);
#5351=IFCCARTESIANPOINTLIST2D(((0.,0.),(1.0687432996928692,0.),(1.0687432996928692,0.84999997541308403),(0.,0.84999997541308403)));
#5352=IFCINDEXEDPOLYCURVE(#5351,(IFCLINEINDEX((1,2,3,4,1))),$);
#5353=IFCCARTESIANPOINTLIST2D(((0.035000000149011612,0.035000000149011612),(1.0337432995438576,0.035000000149011612),(1.0337432995438576,0.81499997526407242),(0.035000000149011612,0.81499997526407242)));
#5354=IFCINDEXEDPOLYCURVE(#5353,(IFCLINEINDEX((1,2,3,4,1))),$);
#5355=IFCARBITRARYPROFILEDEFWITHVOIDS(.AREA.,$,#5352,(#5354));
#5356=IFCCARTESIANPOINT((0.02500000037252903,0.090000001713633537,0.02500000037252903));
#5357=IFCDIRECTION((0.,-1.,0.));
#5358=IFCDIRECTION((1.,0.,0.));
#5359=IFCAXIS2PLACEMENT3D(#5356,#5357,#5358);
#5360=IFCDIRECTION((0.,0.,-1.));
#5361=IFCEXTRUDEDAREASOLID(#5355,#5359,#5360,0.035000000149011612);
#5362=IFCINDEXEDPOLYCURVE(#5363,(IFCLINEINDEX((1,2,3,4,1))),$);
#5363=IFCCARTESIANPOINTLIST2D(((0.035000000149011612,0.035000000149011612),(1.0337432995438576,0.035000000149011612),(1.0337432995438576,0.81499997526407242),(0.035000000149011612,0.81499997526407242)));
#5364=IFCARBITRARYCLOSEDPROFILEDEF(.AREA.,$,#5362);
#5365=IFCCARTESIANPOINT((0.02500000037252903,0.10250000178813934,0.02500000037252903));
#5366=IFCDIRECTION((0.,-1.,0.));
#5367=IFCDIRECTION((1.,0.,0.));
#5368=IFCAXIS2PLACEMENT3D(#5365,#5366,#5367);
#5369=IFCDIRECTION((0.,0.,-1.));
#5370=IFCEXTRUDEDAREASOLID(#5364,#5368,#5369,0.01);
#5372=IFCSHAPEREPRESENTATION(#11,'Body','SweptSolid',(#5624,#5584,#5442,#5350,#5613,#5471,#5573,#5482,#5431,#5339));
#5373=IFCSHAPEASPECT((#5372),'Lining',$,.T.,#5035);
#5374=IFCSHAPEREPRESENTATION(#11,'Body','SweptSolid',(#5635,#5595,#5493,#5453,#5361));
#5375=IFCSHAPEASPECT((#5374),'Framing',$,.T.,#5035);
#5376=IFCSHAPEREPRESENTATION(#11,'Body','SweptSolid',(#5502,#5462,#5370,#5644,#5604));
#5377=IFCSHAPEASPECT((#5376),'Glazing',$,.T.,#5035);
#5423=IFCCARTESIANPOINTLIST2D(((0.30000001192092896,0.),(0.,0.),(0.,0.89999997615814209),(0.30000001192092896,0.89999997615814209),(0.30000001192092896,0.87499997578561306),(0.02500000037252903,0.87499997578561306),(0.02500000037252903,0.02500000037252903),(0.30000001192092896,0.02500000037252903)));
#5424=IFCINDEXEDPOLYCURVE(#5423,(IFCLINEINDEX((1,2,3,4,5,6,7,8,1))),$);
#5425=IFCARBITRARYCLOSEDPROFILEDEF(.AREA.,$,#5424);
#5426=IFCCARTESIANPOINT((0.,0.090000001713633537,0.));
#5427=IFCDIRECTION((0.,-1.,0.));
#5428=IFCDIRECTION((1.,0.,0.));
#5429=IFCAXIS2PLACEMENT3D(#5426,#5427,#5428);
#5430=IFCDIRECTION((0.,0.,-1.));
#5431=IFCEXTRUDEDAREASOLID(#5425,#5429,#5430,0.0099999997764825821);
#5432=IFCCARTESIANPOINTLIST2D(((0.,0.),(0.30000001192092896,0.),(0.30000001192092896,0.89999997615814209),(0.,0.89999997615814209)));
#5433=IFCINDEXEDPOLYCURVE(#5432,(IFCLINEINDEX((1,2,3,4,1))),$);
#5434=IFCCARTESIANPOINTLIST2D(((0.05000000074505806,0.05000000074505806),(0.27500001154839993,0.05000000074505806),(0.27500001154839993,0.84999997541308403),(0.05000000074505806,0.84999997541308403)));
#5435=IFCINDEXEDPOLYCURVE(#5434,(IFCLINEINDEX((1,2,3,4,1))),$);
#5436=IFCARBITRARYPROFILEDEFWITHVOIDS(.AREA.,$,#5433,(#5435));
#5437=IFCCARTESIANPOINT((0.,0.05000000074505806,0.));
#5438=IFCDIRECTION((0.,-1.,0.));
#5439=IFCDIRECTION((1.,0.,0.));
#5440=IFCAXIS2PLACEMENT3D(#5437,#5438,#5439);
#5441=IFCDIRECTION((0.,0.,-1.));
#5442=IFCEXTRUDEDAREASOLID(#5436,#5440,#5441,0.040000000968575478);
#5443=IFCCARTESIANPOINTLIST2D(((0.,0.),(0.27500001154839993,0.),(0.27500001154839993,0.84999997541308403),(0.,0.84999997541308403)));
#5444=IFCINDEXEDPOLYCURVE(#5443,(IFCLINEINDEX((1,2,3,4,1))),$);
#5445=IFCCARTESIANPOINTLIST2D(((0.035000000149011612,0.035000000149011612),(0.24000001139938831,0.035000000149011612),(0.24000001139938831,0.81499997526407242),(0.035000000149011612,0.81499997526407242)));
#5446=IFCINDEXEDPOLYCURVE(#5445,(IFCLINEINDEX((1,2,3,4,1))),$);
#5447=IFCARBITRARYPROFILEDEFWITHVOIDS(.AREA.,$,#5444,(#5446));
#5448=IFCCARTESIANPOINT((0.02500000037252903,0.090000001713633537,0.02500000037252903));
#5449=IFCDIRECTION((0.,-1.,0.));
#5450=IFCDIRECTION((1.,0.,0.));
#5451=IFCAXIS2PLACEMENT3D(#5448,#5449,#5450);
#5452=IFCDIRECTION((0.,0.,-1.));
#5453=IFCEXTRUDEDAREASOLID(#5447,#5451,#5452,0.035000000149011612);
#5454=IFCINDEXEDPOLYCURVE(#5455,(IFCLINEINDEX((1,2,3,4,1))),$);
#5455=IFCCARTESIANPOINTLIST2D(((0.035000000149011612,0.035000000149011612),(0.24000001139938831,0.035000000149011612),(0.24000001139938831,0.81499997526407242),(0.035000000149011612,0.81499997526407242)));
#5456=IFCARBITRARYCLOSEDPROFILEDEF(.AREA.,$,#5454);
#5457=IFCCARTESIANPOINT((0.02500000037252903,0.10250000178813934,0.02500000037252903));
#5458=IFCDIRECTION((0.,-1.,0.));
#5459=IFCDIRECTION((1.,0.,0.));
#5460=IFCAXIS2PLACEMENT3D(#5457,#5458,#5459);
#5461=IFCDIRECTION((0.,0.,-1.));
#5462=IFCEXTRUDEDAREASOLID(#5456,#5460,#5461,0.01);
#5463=IFCCARTESIANPOINTLIST2D(((0.,0.89999997615814209),(0.90521353483200073,0.89999997615814209),(0.90521353483200073,0.),(0.,0.),(0.,0.02500000037252903),(0.8802135344594717,0.02500000037252903),(0.8802135344594717,0.87499997578561306),(0.,0.87499997578561306)));
#5464=IFCINDEXEDPOLYCURVE(#5463,(IFCLINEINDEX((1,2,3,4,5,6,7,8,1))),$);
#5465=IFCARBITRARYCLOSEDPROFILEDEF(.AREA.,$,#5464);
#5466=IFCCARTESIANPOINT((0.30000001192092896,0.090000001713633537,0.));
#5467=IFCDIRECTION((0.,-1.,0.));
#5468=IFCDIRECTION((1.,0.,0.));
#5469=IFCAXIS2PLACEMENT3D(#5466,#5467,#5468);
#5470=IFCDIRECTION((0.,0.,-1.));
#5471=IFCEXTRUDEDAREASOLID(#5465,#5469,#5470,0.0099999997764825821);
#5472=IFCCARTESIANPOINTLIST2D(((0.,0.),(0.90521353483200073,0.),(0.90521353483200073,0.89999997615814209),(0.,0.89999997615814209)));
#5473=IFCINDEXEDPOLYCURVE(#5472,(IFCLINEINDEX((1,2,3,4,1))),$);
#5474=IFCCARTESIANPOINTLIST2D(((0.02500000037252903,0.05000000074505806),(0.85521353408694267,0.05000000074505806),(0.85521353408694267,0.84999997541308403),(0.02500000037252903,0.84999997541308403)));
#5475=IFCINDEXEDPOLYCURVE(#5474,(IFCLINEINDEX((1,2,3,4,1))),$);
#5476=IFCARBITRARYPROFILEDEFWITHVOIDS(.AREA.,$,#5473,(#5475));
#5477=IFCCARTESIANPOINT((0.30000001192092896,0.05000000074505806,0.));
#5478=IFCDIRECTION((0.,-1.,0.));
#5479=IFCDIRECTION((1.,0.,0.));
#5480=IFCAXIS2PLACEMENT3D(#5477,#5478,#5479);
#5481=IFCDIRECTION((0.,0.,-1.));
#5482=IFCEXTRUDEDAREASOLID(#5476,#5480,#5481,0.040000000968575478);
#5483=IFCCARTESIANPOINTLIST2D(((0.,0.),(0.8802135344594717,0.),(0.8802135344594717,0.84999997541308403),(0.,0.84999997541308403)));
#5484=IFCINDEXEDPOLYCURVE(#5483,(IFCLINEINDEX((1,2,3,4,1))),$);
#5485=IFCCARTESIANPOINTLIST2D(((0.035000000149011612,0.035000000149011612),(0.84521353431046009,0.035000000149011612),(0.84521353431046009,0.81499997526407242),(0.035000000149011612,0.81499997526407242)));
#5486=IFCINDEXEDPOLYCURVE(#5485,(IFCLINEINDEX((1,2,3,4,1))),$);
#5487=IFCARBITRARYPROFILEDEFWITHVOIDS(.AREA.,$,#5484,(#5486));
#5488=IFCCARTESIANPOINT((0.30000001192092896,0.090000001713633537,0.02500000037252903));
#5489=IFCDIRECTION((0.,-1.,0.));
#5490=IFCDIRECTION((1.,0.,0.));
#5491=IFCAXIS2PLACEMENT3D(#5488,#5489,#5490);
#5492=IFCDIRECTION((0.,0.,-1.));
#5493=IFCEXTRUDEDAREASOLID(#5487,#5491,#5492,0.035000000149011612);
#5494=IFCINDEXEDPOLYCURVE(#5495,(IFCLINEINDEX((1,2,3,4,1))),$);
#5495=IFCCARTESIANPOINTLIST2D(((0.035000000149011612,0.035000000149011612),(0.84521353431046009,0.035000000149011612),(0.84521353431046009,0.81499997526407242),(0.035000000149011612,0.81499997526407242)));
#5496=IFCARBITRARYCLOSEDPROFILEDEF(.AREA.,$,#5494);
#5497=IFCCARTESIANPOINT((0.30000001192092896,0.10250000178813934,0.02500000037252903));
#5498=IFCDIRECTION((0.,-1.,0.));
#5499=IFCDIRECTION((1.,0.,0.));
#5500=IFCAXIS2PLACEMENT3D(#5497,#5498,#5499);
#5501=IFCDIRECTION((0.,0.,-1.));
#5502=IFCEXTRUDEDAREASOLID(#5496,#5500,#5501,0.01);
#5562=IFCCARTESIANPOINTLIST3D(((0.,0.,0.),(1.2052135467529297,0.,0.),(1.2052135467529297,0.,0.89999997615814209),(0.,0.,0.89999997615814209)));
#5563=IFCINDEXEDPOLYCURVE(#5562,(IFCLINEINDEX((1,2,3,4,1))),$);
#5564=IFCSHAPEREPRESENTATION(#18,'Profile','Curve3D',(#5563));
#5565=IFCCARTESIANPOINTLIST2D(((0.60615122318267822,0.),(0.,0.),(0.,0.89999997615814209),(0.60615122318267822,0.89999997615814209),(0.60615122318267822,0.87499997578561306),(0.02500000037252903,0.87499997578561306),(0.02500000037252903,0.02500000037252903),(0.60615122318267822,0.02500000037252903)));
#5566=IFCINDEXEDPOLYCURVE(#5565,(IFCLINEINDEX((1,2,3,4,5,6,7,8,1))),$);
#5567=IFCARBITRARYCLOSEDPROFILEDEF(.AREA.,$,#5566);
#5568=IFCCARTESIANPOINT((0.,0.090000001713633537,0.));
#5569=IFCDIRECTION((0.,-1.,0.));
#5570=IFCDIRECTION((1.,0.,0.));
#5571=IFCAXIS2PLACEMENT3D(#5568,#5569,#5570);
#5572=IFCDIRECTION((0.,0.,-1.));
#5573=IFCEXTRUDEDAREASOLID(#5567,#5571,#5572,0.0099999997764825821);
#5574=IFCCARTESIANPOINTLIST2D(((0.,0.),(0.60615122318267822,0.),(0.60615122318267822,0.89999997615814209),(0.,0.89999997615814209)));
#5575=IFCINDEXEDPOLYCURVE(#5574,(IFCLINEINDEX((1,2,3,4,1))),$);
#5576=IFCCARTESIANPOINTLIST2D(((0.05000000074505806,0.05000000074505806),(0.58115122281014919,0.05000000074505806),(0.58115122281014919,0.84999997541308403),(0.05000000074505806,0.84999997541308403)));
#5577=IFCINDEXEDPOLYCURVE(#5576,(IFCLINEINDEX((1,2,3,4,1))),$);
#5578=IFCARBITRARYPROFILEDEFWITHVOIDS(.AREA.,$,#5575,(#5577));
#5579=IFCCARTESIANPOINT((0.,0.05000000074505806,0.));
#5580=IFCDIRECTION((0.,-1.,0.));
#5581=IFCDIRECTION((1.,0.,0.));
#5582=IFCAXIS2PLACEMENT3D(#5579,#5580,#5581);
#5583=IFCDIRECTION((0.,0.,-1.));
#5584=IFCEXTRUDEDAREASOLID(#5578,#5582,#5583,0.040000000968575478);
#5585=IFCCARTESIANPOINTLIST2D(((0.,0.),(0.58115122281014919,0.),(0.58115122281014919,0.84999997541308403),(0.,0.84999997541308403)));
#5586=IFCINDEXEDPOLYCURVE(#5585,(IFCLINEINDEX((1,2,3,4,1))),$);
#5587=IFCCARTESIANPOINTLIST2D(((0.035000000149011612,0.035000000149011612),(0.54615122266113758,0.035000000149011612),(0.54615122266113758,0.81499997526407242),(0.035000000149011612,0.81499997526407242)));
#5588=IFCINDEXEDPOLYCURVE(#5587,(IFCLINEINDEX((1,2,3,4,1))),$);
#5589=IFCARBITRARYPROFILEDEFWITHVOIDS(.AREA.,$,#5586,(#5588));
#5590=IFCCARTESIANPOINT((0.02500000037252903,0.090000001713633537,0.02500000037252903));
#5591=IFCDIRECTION((0.,-1.,0.));
#5592=IFCDIRECTION((1.,0.,0.));
#5593=IFCAXIS2PLACEMENT3D(#5590,#5591,#5592);
#5594=IFCDIRECTION((0.,0.,-1.));
#5595=IFCEXTRUDEDAREASOLID(#5589,#5593,#5594,0.035000000149011612);
#5596=IFCINDEXEDPOLYCURVE(#5597,(IFCLINEINDEX((1,2,3,4,1))),$);
#5597=IFCCARTESIANPOINTLIST2D(((0.035000000149011612,0.035000000149011612),(0.54615122266113758,0.035000000149011612),(0.54615122266113758,0.81499997526407242),(0.035000000149011612,0.81499997526407242)));
#5598=IFCARBITRARYCLOSEDPROFILEDEF(.AREA.,$,#5596);
#5599=IFCCARTESIANPOINT((0.02500000037252903,0.10250000178813934,0.02500000037252903));
#5600=IFCDIRECTION((0.,-1.,0.));
#5601=IFCDIRECTION((1.,0.,0.));
#5602=IFCAXIS2PLACEMENT3D(#5599,#5600,#5601);
#5603=IFCDIRECTION((0.,0.,-1.));
#5604=IFCEXTRUDEDAREASOLID(#5598,#5602,#5603,0.01);
#5605=IFCCARTESIANPOINTLIST2D(((0.,0.89999997615814209),(0.59906232357025146,0.89999997615814209),(0.59906232357025146,0.),(0.,0.),(0.,0.02500000037252903),(0.57406232319772243,0.02500000037252903),(0.57406232319772243,0.87499997578561306),(0.,0.87499997578561306)));
#5606=IFCINDEXEDPOLYCURVE(#5605,(IFCLINEINDEX((1,2,3,4,5,6,7,8,1))),$);
#5607=IFCARBITRARYCLOSEDPROFILEDEF(.AREA.,$,#5606);
#5608=IFCCARTESIANPOINT((0.60615122318267822,0.090000001713633537,0.));
#5609=IFCDIRECTION((0.,-1.,0.));
#5610=IFCDIRECTION((1.,0.,0.));
#5611=IFCAXIS2PLACEMENT3D(#5608,#5609,#5610);
#5612=IFCDIRECTION((0.,0.,-1.));
#5613=IFCEXTRUDEDAREASOLID(#5607,#5611,#5612,0.0099999997764825821);
#5614=IFCCARTESIANPOINTLIST2D(((0.,0.),(0.59906232357025146,0.),(0.59906232357025146,0.89999997615814209),(0.,0.89999997615814209)));
#5615=IFCINDEXEDPOLYCURVE(#5614,(IFCLINEINDEX((1,2,3,4,1))),$);
#5616=IFCCARTESIANPOINTLIST2D(((0.02500000037252903,0.05000000074505806),(0.54906232282519341,0.05000000074505806),(0.54906232282519341,0.84999997541308403),(0.02500000037252903,0.84999997541308403)));
#5617=IFCINDEXEDPOLYCURVE(#5616,(IFCLINEINDEX((1,2,3,4,1))),$);
#5618=IFCARBITRARYPROFILEDEFWITHVOIDS(.AREA.,$,#5615,(#5617));
#5619=IFCCARTESIANPOINT((0.60615122318267822,0.05000000074505806,0.));
#5620=IFCDIRECTION((0.,-1.,0.));
#5621=IFCDIRECTION((1.,0.,0.));
#5622=IFCAXIS2PLACEMENT3D(#5619,#5620,#5621);
#5623=IFCDIRECTION((0.,0.,-1.));
#5624=IFCEXTRUDEDAREASOLID(#5618,#5622,#5623,0.040000000968575478);
#5625=IFCCARTESIANPOINTLIST2D(((0.,0.),(0.57406232319772243,0.),(0.57406232319772243,0.84999997541308403),(0.,0.84999997541308403)));
#5626=IFCINDEXEDPOLYCURVE(#5625,(IFCLINEINDEX((1,2,3,4,1))),$);
#5627=IFCCARTESIANPOINTLIST2D(((0.035000000149011612,0.035000000149011612),(0.53906232304871082,0.035000000149011612),(0.53906232304871082,0.81499997526407242),(0.035000000149011612,0.81499997526407242)));
#5628=IFCINDEXEDPOLYCURVE(#5627,(IFCLINEINDEX((1,2,3,4,1))),$);
#5629=IFCARBITRARYPROFILEDEFWITHVOIDS(.AREA.,$,#5626,(#5628));
#5630=IFCCARTESIANPOINT((0.60615122318267822,0.090000001713633537,0.02500000037252903));
#5631=IFCDIRECTION((0.,-1.,0.));
#5632=IFCDIRECTION((1.,0.,0.));
#5633=IFCAXIS2PLACEMENT3D(#5630,#5631,#5632);
#5634=IFCDIRECTION((0.,0.,-1.));
#5635=IFCEXTRUDEDAREASOLID(#5629,#5633,#5634,0.035000000149011612);
#5636=IFCINDEXEDPOLYCURVE(#5637,(IFCLINEINDEX((1,2,3,4,1))),$);
#5637=IFCCARTESIANPOINTLIST2D(((0.035000000149011612,0.035000000149011612),(0.53906232304871082,0.035000000149011612),(0.53906232304871082,0.81499997526407242),(0.035000000149011612,0.81499997526407242)));
#5638=IFCARBITRARYCLOSEDPROFILEDEF(.AREA.,$,#5636);
#5639=IFCCARTESIANPOINT((0.60615122318267822,0.10250000178813934,0.02500000037252903));
#5640=IFCDIRECTION((0.,-1.,0.));
#5641=IFCDIRECTION((1.,0.,0.));
#5642=IFCAXIS2PLACEMENT3D(#5639,#5640,#5641);
#5643=IFCDIRECTION((0.,0.,-1.));
#5644=IFCEXTRUDEDAREASOLID(#5638,#5642,#5643,0.01);
#5645=IFCSHAPEREPRESENTATION(#11,'Body','SweptSolid',(#5573,#5584,#5595,#5604,#5613,#5624,#5635,#5644));
#5646=IFCCARTESIANPOINTLIST2D(((0.05000000074505806,0.05000000074505806),(0.58115122281014919,0.05000000074505806)));
#5647=IFCINDEXEDPOLYCURVE(#5646,$,$);
#5648=IFCCARTESIANPOINTLIST2D(((0.,0.10000000149011612),(0.02500000037252903,0.10000000149011612),(0.02500000037252903,0.090000001713633537),(0.05000000074505806,0.090000001713633537),(0.05000000074505806,0.05000000074505806),(0.,0.05000000074505806)));
#5649=IFCINDEXEDPOLYCURVE(#5648,(IFCLINEINDEX((1,2,3,4,5,6,1))),$);
#5650=IFCCARTESIANPOINTLIST2D(((0.60615122318267822,0.10000000149011612),(0.60615122318267822,0.10000000149011612),(0.60615122318267822,0.090000001713633537),(0.58115122281014919,0.090000001713633537),(0.58115122281014919,0.05000000074505806),(0.60615122318267822,0.05000000074505806)));
#5651=IFCINDEXEDPOLYCURVE(#5650,$,$);
#5652=IFCCARTESIANPOINTLIST2D(((0.02500000037252903,0.090000001713633537),(0.060000000521540642,0.090000001713633537),(0.060000000521540642,0.12500000186264515),(0.02500000037252903,0.12500000186264515)));
#5653=IFCINDEXEDPOLYCURVE(#5652,(IFCLINEINDEX((1,2,3,4,1))),$);
#5654=IFCINDEXEDPOLYCURVE(#5655,(IFCLINEINDEX((1,2,3,4,1))),$);
#5655=IFCCARTESIANPOINTLIST2D(((0.60615122318267822,0.090000001713633537),(0.57115122303366661,0.090000001713633537),(0.57115122303366661,0.12500000186264515),(0.60615122318267822,0.12500000186264515)));
#5656=IFCCARTESIANPOINTLIST2D(((0.060000000521540642,0.090000001713633537),(0.57115122303366661,0.090000001713633537)));
#5657=IFCINDEXEDPOLYCURVE(#5656,$,$);
#5658=IFCINDEXEDPOLYCURVE(#5659,$,$);
#5659=IFCCARTESIANPOINTLIST2D(((0.060000000521540642,0.12500000186264515),(0.57115122303366661,0.12500000186264515)));
#5660=IFCINDEXEDPOLYCURVE(#5661,$,$);
#5661=IFCCARTESIANPOINTLIST2D(((0.060000000521540642,0.10750000178813934),(0.57115122303366661,0.10750000178813934)));
#5662=IFCCARTESIANPOINTLIST2D(((0.63115122355520725,0.05000000074505806),(1.1552135460078716,0.05000000074505806)));
#5663=IFCINDEXEDPOLYCURVE(#5662,$,$);
#5664=IFCCARTESIANPOINTLIST2D(((0.60615122318267822,0.10000000149011612),(0.60615122318267822,0.10000000149011612),(0.60615122318267822,0.090000001713633537),(0.63115122355520725,0.090000001713633537),(0.63115122355520725,0.05000000074505806),(0.60615122318267822,0.05000000074505806)));
#5665=IFCINDEXEDPOLYCURVE(#5664,$,$);
#5666=IFCCARTESIANPOINTLIST2D(((1.2052135467529297,0.10000000149011612),(1.1802135463804007,0.10000000149011612),(1.1802135463804007,0.090000001713633537),(1.1552135460078716,0.090000001713633537),(1.1552135460078716,0.05000000074505806),(1.2052135467529297,0.05000000074505806)));
#5667=IFCINDEXEDPOLYCURVE(#5666,(IFCLINEINDEX((1,2,3,4,5,6,1))),$);
#5668=IFCCARTESIANPOINTLIST2D(((0.60615122318267822,0.090000001713633537),(0.64115122333168983,0.090000001713633537),(0.64115122333168983,0.12500000186264515),(0.60615122318267822,0.12500000186264515)));
#5669=IFCINDEXEDPOLYCURVE(#5668,(IFCLINEINDEX((1,2,3,4,1))),$);
#5670=IFCINDEXEDPOLYCURVE(#5671,(IFCLINEINDEX((1,2,3,4,1))),$);
#5671=IFCCARTESIANPOINTLIST2D(((1.1802135463804007,0.090000001713633537),(1.145213546231389,0.090000001713633537),(1.145213546231389,0.12500000186264515),(1.1802135463804007,0.12500000186264515)));
#5672=IFCCARTESIANPOINTLIST2D(((0.64115122333168983,0.090000001713633537),(1.145213546231389,0.090000001713633537)));
#5673=IFCINDEXEDPOLYCURVE(#5672,$,$);
#5674=IFCINDEXEDPOLYCURVE(#5675,$,$);
#5675=IFCCARTESIANPOINTLIST2D(((0.64115122333168983,0.12500000186264515),(1.145213546231389,0.12500000186264515)));
#5676=IFCINDEXEDPOLYCURVE(#5677,$,$);
#5677=IFCCARTESIANPOINTLIST2D(((0.64115122333168983,0.10750000178813934),(1.145213546231389,0.10750000178813934)));
#5678=IFCSHAPEREPRESENTATION(#24,'Body','Curve2D',(#5647,#5649,#5651,#5653,#5654,#5657,#5658,#5660,#5663,#5665,#5667,#5669,#5670,#5673,#5674,#5676));
#5679=IFCCARTESIANPOINTLIST2D(((0.,0.),(1.2052135467529297,0.),(1.2052135467529297,0.89999997615814209),(0.,0.89999997615814209)));
#5680=IFCINDEXEDPOLYCURVE(#5679,(IFCLINEINDEX((1,2,3,4,1))),$);
#5681=IFCARBITRARYCLOSEDPROFILEDEF(.AREA.,$,#5680);
#5682=IFCCARTESIANPOINT((0.,-0.60000002384185791,0.));
#5683=IFCDIRECTION((0.,-1.,0.));
#5684=IFCDIRECTION((1.,0.,0.));
#5685=IFCAXIS2PLACEMENT3D(#5682,#5683,#5684);
#5686=IFCDIRECTION((0.,0.,-1.));
#5687=IFCEXTRUDEDAREASOLID(#5681,#5685,#5686,1.2);
#5688=IFCSHAPEREPRESENTATION(#11,'Body','SweptSolid',(#5687));
#5709=IFCCARTESIANPOINT((1.0335975573528295,2.8312206268310547E-07,1.));
#5710=IFCDIRECTION((0.,0.,1.));
#5711=IFCDIRECTION((0.99999999999997158,-2.3841857910155572E-07,0.));
#5712=IFCAXIS2PLACEMENT3D(#5709,#5710,#5711);
#5713=IFCLOCALPLACEMENT(#2078,#5712);
#5719=IFCWINDOWTYPE('30l1mikDfE$RMERUYcSt1b',$,'GUEST-2-GF',$,$,(#5720),(#5722,#5730,#5778),$,$,.WINDOW.,.SINGLE_PANEL.,$,$);
#5720=IFCPROPERTYSET('2kYSOeNJHDsR9I9EJ7ms9F',$,'BBIM_Window',$,(#5721));
#5721=IFCPROPERTYSINGLEVALUE('Data',$,IFCTEXT('{"window_type": "SINGLE_PANEL", "overall_height": 0.8999999761581421, "overall_width": 0.8348268270492554, "lining_properties": {"lining_depth": 0.05000000074505806, "lining_thickness": 0.05000000074505806, "lining_offset": 0.05000000074505806, "lining_to_panel_offset_x": 0.02500000037252903, "lining_to_panel_offset_y": 0.02500000037252903}, "panel_properties": {"frame_depth": [0.03500000014901161, 0.03500000014901161, 0.03500000014901161], "frame_thickness": [0.03500000014901161, 0.03500000014901161, 0.03500000014901161]}}'),$);
#5722=IFCREPRESENTATIONMAP(#5723,#5727);
#5723=IFCAXIS2PLACEMENT3D(#5724,#5725,#5726);
#5724=IFCCARTESIANPOINT((0.,0.,0.));
#5725=IFCDIRECTION((0.,0.,1.));
#5726=IFCDIRECTION((1.,0.,0.));
#5727=IFCSHAPEREPRESENTATION(#18,'Profile','Curve3D',(#5728));
#5728=IFCINDEXEDPOLYCURVE(#5729,(IFCLINEINDEX((1,2,3,4,1))),$);
#5729=IFCCARTESIANPOINTLIST3D(((0.,0.,0.),(0.83482682704925537,0.,0.),(0.83482682704925537,0.,0.89999997615814209),(0.,0.,0.89999997615814209)));
#5730=IFCREPRESENTATIONMAP(#5731,#5735);
#5731=IFCAXIS2PLACEMENT3D(#5732,#5733,#5734);
#5732=IFCCARTESIANPOINT((0.,0.,0.));
#5733=IFCDIRECTION((0.,0.,1.));
#5734=IFCDIRECTION((1.,0.,0.));
#5735=IFCSHAPEREPRESENTATION(#11,'Body','SweptSolid',(#5736,#5747,#5758,#5769));
#5736=IFCEXTRUDEDAREASOLID(#5737,#5742,#5746,0.0099999997764825821);
#5737=IFCARBITRARYPROFILEDEFWITHVOIDS(.AREA.,$,#5738,(#5740));
#5738=IFCINDEXEDPOLYCURVE(#5739,(IFCLINEINDEX((1,2,3,4,1))),$);
#5739=IFCCARTESIANPOINTLIST2D(((0.,0.),(0.83482682704925537,0.),(0.83482682704925537,0.89999997615814209),(0.,0.89999997615814209)));
#5740=IFCINDEXEDPOLYCURVE(#5741,(IFCLINEINDEX((1,2,3,4,1))),$);
#5741=IFCCARTESIANPOINTLIST2D(((0.02500000037252903,0.02500000037252903),(0.80982682667672634,0.02500000037252903),(0.80982682667672634,0.87499997578561306),(0.02500000037252903,0.87499997578561306)));
#5742=IFCAXIS2PLACEMENT3D(#5743,#5744,#5745);
#5743=IFCCARTESIANPOINT((0.,0.090000001713633537,0.));
#5744=IFCDIRECTION((0.,-1.,0.));
#5745=IFCDIRECTION((1.,0.,0.));
#5746=IFCDIRECTION((0.,0.,-1.));
#5747=IFCEXTRUDEDAREASOLID(#5748,#5753,#5757,0.040000000968575478);
#5748=IFCARBITRARYPROFILEDEFWITHVOIDS(.AREA.,$,#5749,(#5751));
#5749=IFCINDEXEDPOLYCURVE(#5750,(IFCLINEINDEX((1,2,3,4,1))),$);
#5750=IFCCARTESIANPOINTLIST2D(((0.,0.),(0.83482682704925537,0.),(0.83482682704925537,0.89999997615814209),(0.,0.89999997615814209)));
#5751=IFCINDEXEDPOLYCURVE(#5752,(IFCLINEINDEX((1,2,3,4,1))),$);
#5752=IFCCARTESIANPOINTLIST2D(((0.05000000074505806,0.05000000074505806),(0.78482682630419731,0.05000000074505806),(0.78482682630419731,0.84999997541308403),(0.05000000074505806,0.84999997541308403)));
#5753=IFCAXIS2PLACEMENT3D(#5754,#5755,#5756);
#5754=IFCCARTESIANPOINT((0.,0.05000000074505806,0.));
#5755=IFCDIRECTION((0.,-1.,0.));
#5756=IFCDIRECTION((1.,0.,0.));
#5757=IFCDIRECTION((0.,0.,-1.));
#5758=IFCEXTRUDEDAREASOLID(#5759,#5764,#5768,0.035000000149011612);
#5759=IFCARBITRARYPROFILEDEFWITHVOIDS(.AREA.,$,#5760,(#5762));
#5760=IFCINDEXEDPOLYCURVE(#5761,(IFCLINEINDEX((1,2,3,4,1))),$);
#5761=IFCCARTESIANPOINTLIST2D(((0.,0.),(0.78482682630419731,0.),(0.78482682630419731,0.84999997541308403),(0.,0.84999997541308403)));
#5762=IFCINDEXEDPOLYCURVE(#5763,(IFCLINEINDEX((1,2,3,4,1))),$);
#5763=IFCCARTESIANPOINTLIST2D(((0.035000000149011612,0.035000000149011612),(0.7498268261551857,0.035000000149011612),(0.7498268261551857,0.81499997526407242),(0.035000000149011612,0.81499997526407242)));
#5764=IFCAXIS2PLACEMENT3D(#5765,#5766,#5767);
#5765=IFCCARTESIANPOINT((0.02500000037252903,0.090000001713633537,0.02500000037252903));
#5766=IFCDIRECTION((0.,-1.,0.));
#5767=IFCDIRECTION((1.,0.,0.));
#5768=IFCDIRECTION((0.,0.,-1.));
#5769=IFCEXTRUDEDAREASOLID(#5770,#5773,#5777,0.01);
#5770=IFCARBITRARYCLOSEDPROFILEDEF(.AREA.,$,#5771);
#5771=IFCINDEXEDPOLYCURVE(#5772,(IFCLINEINDEX((1,2,3,4,1))),$);
#5772=IFCCARTESIANPOINTLIST2D(((0.035000000149011612,0.035000000149011612),(0.7498268261551857,0.035000000149011612),(0.7498268261551857,0.81499997526407242),(0.035000000149011612,0.81499997526407242)));
#5773=IFCAXIS2PLACEMENT3D(#5774,#5775,#5776);
#5774=IFCCARTESIANPOINT((0.02500000037252903,0.10250000178813934,0.02500000037252903));
#5775=IFCDIRECTION((0.,-1.,0.));
#5776=IFCDIRECTION((1.,0.,0.));
#5777=IFCDIRECTION((0.,0.,-1.));
#5778=IFCREPRESENTATIONMAP(#5779,#5783);
#5779=IFCAXIS2PLACEMENT3D(#5780,#5781,#5782);
#5780=IFCCARTESIANPOINT((0.,0.,0.));
#5781=IFCDIRECTION((0.,0.,1.));
#5782=IFCDIRECTION((1.,0.,0.));
#5783=IFCSHAPEREPRESENTATION(#24,'Body','Curve2D',(#5784,#5786,#5788,#5790,#5792,#5794,#5796,#5798));
#5784=IFCINDEXEDPOLYCURVE(#5785,$,$);
#5785=IFCCARTESIANPOINTLIST2D(((0.05000000074505806,0.05000000074505806),(0.78482682630419731,0.05000000074505806)));
#5786=IFCINDEXEDPOLYCURVE(#5787,(IFCLINEINDEX((1,2,3,4,5,6,1))),$);
#5787=IFCCARTESIANPOINTLIST2D(((0.,0.10000000149011612),(0.02500000037252903,0.10000000149011612),(0.02500000037252903,0.090000001713633537),(0.05000000074505806,0.090000001713633537),(0.05000000074505806,0.05000000074505806),(0.,0.05000000074505806)));
#5788=IFCINDEXEDPOLYCURVE(#5789,(IFCLINEINDEX((1,2,3,4,5,6,1))),$);
#5789=IFCCARTESIANPOINTLIST2D(((0.83482682704925537,0.10000000149011612),(0.80982682667672634,0.10000000149011612),(0.80982682667672634,0.090000001713633537),(0.78482682630419731,0.090000001713633537),(0.78482682630419731,0.05000000074505806),(0.83482682704925537,0.05000000074505806)));
#5790=IFCINDEXEDPOLYCURVE(#5791,(IFCLINEINDEX((1,2,3,4,1))),$);
#5791=IFCCARTESIANPOINTLIST2D(((0.02500000037252903,0.090000001713633537),(0.060000000521540642,0.090000001713633537),(0.060000000521540642,0.12500000186264515),(0.02500000037252903,0.12500000186264515)));
#5792=IFCINDEXEDPOLYCURVE(#5793,(IFCLINEINDEX((1,2,3,4,1))),$);
#5793=IFCCARTESIANPOINTLIST2D(((0.80982682667672634,0.090000001713633537),(0.77482682652771473,0.090000001713633537),(0.77482682652771473,0.12500000186264515),(0.80982682667672634,0.12500000186264515)));
#5794=IFCINDEXEDPOLYCURVE(#5795,$,$);
#5795=IFCCARTESIANPOINTLIST2D(((0.060000000521540642,0.090000001713633537),(0.77482682652771473,0.090000001713633537)));
#5796=IFCINDEXEDPOLYCURVE(#5797,$,$);
#5797=IFCCARTESIANPOINTLIST2D(((0.060000000521540642,0.12500000186264515),(0.77482682652771473,0.12500000186264515)));
#5798=IFCINDEXEDPOLYCURVE(#5799,$,$);
#5799=IFCCARTESIANPOINTLIST2D(((0.060000000521540642,0.10750000178813934),(0.77482682652771473,0.10750000178813934)));
#5893=IFCWINDOW('0i5zDzzf99rBvNTthhUpBf',$,'Window',$,$,#6393,#5902,$,0.89999997615814209,0.83482682704925537,$,$,$);
#5894=IFCRELDEFINESBYTYPE('2ToZ0746DDBwkwPvAyfuvs',$,$,$,(#5893),#5719);
#5895=IFCCARTESIANPOINT((0.,0.,0.));
#5896=IFCDIRECTION((1.,0.,0.));
#5897=IFCDIRECTION((0.,1.,0.));
#5898=IFCDIRECTION((0.,0.,1.));
#5899=IFCCARTESIANTRANSFORMATIONOPERATOR3D(#5896,#5897,#5895,1.,#5898);
#5900=IFCMAPPEDITEM(#5722,#5899);
#5901=IFCSHAPEREPRESENTATION(#18,'Profile','MappedRepresentation',(#5900));
#5902=IFCPRODUCTDEFINITIONSHAPE($,$,(#5901,#5909,#5916));
#5903=IFCCARTESIANPOINT((0.,0.,0.));
#5904=IFCDIRECTION((1.,0.,0.));
#5905=IFCDIRECTION((0.,1.,0.));
#5906=IFCDIRECTION((0.,0.,1.));
#5907=IFCCARTESIANTRANSFORMATIONOPERATOR3D(#5904,#5905,#5903,1.,#5906);
#5908=IFCMAPPEDITEM(#5730,#5907);
#5909=IFCSHAPEREPRESENTATION(#11,'Body','MappedRepresentation',(#5908));
#5910=IFCCARTESIANPOINT((0.,0.,0.));
#5911=IFCDIRECTION((1.,0.,0.));
#5912=IFCDIRECTION((0.,1.,0.));
#5913=IFCDIRECTION((0.,0.,1.));
#5914=IFCCARTESIANTRANSFORMATIONOPERATOR3D(#5911,#5912,#5910,1.,#5913);
#5915=IFCMAPPEDITEM(#5778,#5914);
#5916=IFCSHAPEREPRESENTATION(#24,'Body','MappedRepresentation',(#5915));
#5917=IFCOPENINGELEMENT('2rlg7Xejj0heHThzv8IWp4',$,'Opening',$,$,#5997,#5945,$,.OPENING.);
#5923=IFCCARTESIANPOINTLIST2D(((0.,0.),(0.83482682704925537,0.),(0.83482682704925537,0.89999997615814209),(0.,0.89999997615814209)));
#5924=IFCINDEXEDPOLYCURVE(#5923,(IFCLINEINDEX((1,2,3,4,1))),$);
#5925=IFCARBITRARYCLOSEDPROFILEDEF(.AREA.,$,#5924);
#5926=IFCCARTESIANPOINT((0.,-0.60000002384185791,0.));
#5927=IFCDIRECTION((0.,-1.,0.));
#5928=IFCDIRECTION((1.,0.,0.));
#5929=IFCAXIS2PLACEMENT3D(#5926,#5927,#5928);
#5930=IFCDIRECTION((0.,0.,-1.));
#5931=IFCEXTRUDEDAREASOLID(#5925,#5929,#5930,1.2);
#5932=IFCSHAPEREPRESENTATION(#11,'Body','SweptSolid',(#5931));
#5933=IFCCARTESIANPOINT((0.,0.,0.));
#5934=IFCDIRECTION((1.,0.,0.));
#5935=IFCDIRECTION((0.,0.,1.));
#5936=IFCAXIS2PLACEMENT3D(#5933,#5935,#5934);
#5937=IFCREPRESENTATIONMAP(#5936,#5932);
#5938=IFCCARTESIANPOINT((0.,0.,0.));
#5939=IFCDIRECTION((1.,0.,0.));
#5940=IFCDIRECTION((0.,1.,0.));
#5941=IFCDIRECTION((0.,0.,1.));
#5942=IFCCARTESIANTRANSFORMATIONOPERATOR3D(#5939,#5940,#5938,1.,#5941);
#5943=IFCMAPPEDITEM(#5937,#5942);
#5944=IFCSHAPEREPRESENTATION(#11,'Body','MappedRepresentation',(#5943));
#5945=IFCPRODUCTDEFINITIONSHAPE($,$,(#5944));
#5946=IFCRELVOIDSELEMENT('2m4Lh4Dbb438NnUtzJf5ir',$,$,$,#1771,#5917);
#5952=IFCRELFILLSELEMENT('2CvGUbCf9589snG35izRtw',$,$,$,#5917,#5893);
#5993=IFCCARTESIANPOINT((3.0176720177238701,1.2026836393452811E-06,1.));
#5994=IFCDIRECTION((0.,0.,1.));
#5995=IFCDIRECTION((0.99999999999999289,1.1920928244535129E-07,0.));
#5996=IFCAXIS2PLACEMENT3D(#5993,#5994,#5995);
#5997=IFCLOCALPLACEMENT(#2046,#5996);
#6003=IFCWINDOWTYPE('0qbpYrBCn0VfUEO_JvYHMA',$,'MAIDS-GF',$,$,(#6004),(#6006,#6014,#6062),$,$,.WINDOW.,.SINGLE_PANEL.,$,$);
#6004=IFCPROPERTYSET('3VAwxE7d548w1OpZWAnSs4',$,'BBIM_Window',$,(#6005));
#6005=IFCPROPERTYSINGLEVALUE('Data',$,IFCTEXT('{"window_type": "SINGLE_PANEL", "overall_height": 0.8999999761581421, "overall_width": 0.8348268270492554, "lining_properties": {"lining_depth": 0.05000000074505806, "lining_thickness": 0.05000000074505806, "lining_offset": 0.05000000074505806, "lining_to_panel_offset_x": 0.02500000037252903, "lining_to_panel_offset_y": 0.02500000037252903}, "panel_properties": {"frame_depth": [0.03500000014901161, 0.03500000014901161, 0.03500000014901161], "frame_thickness": [0.03500000014901161, 0.03500000014901161, 0.03500000014901161]}}'),$);
#6006=IFCREPRESENTATIONMAP(#6007,#6011);
#6007=IFCAXIS2PLACEMENT3D(#6008,#6009,#6010);
#6008=IFCCARTESIANPOINT((0.,0.,0.));
#6009=IFCDIRECTION((0.,0.,1.));
#6010=IFCDIRECTION((1.,0.,0.));
#6011=IFCSHAPEREPRESENTATION(#18,'Profile','Curve3D',(#6012));
#6012=IFCINDEXEDPOLYCURVE(#6013,(IFCLINEINDEX((1,2,3,4,1))),$);
#6013=IFCCARTESIANPOINTLIST3D(((0.,0.,0.),(0.83482682704925537,0.,0.),(0.83482682704925537,0.,0.89999997615814209),(0.,0.,0.89999997615814209)));
#6014=IFCREPRESENTATIONMAP(#6015,#6019);
#6015=IFCAXIS2PLACEMENT3D(#6016,#6017,#6018);
#6016=IFCCARTESIANPOINT((0.,0.,0.));
#6017=IFCDIRECTION((0.,0.,1.));
#6018=IFCDIRECTION((1.,0.,0.));
#6019=IFCSHAPEREPRESENTATION(#11,'Body','SweptSolid',(#6020,#6031,#6042,#6053));
#6020=IFCEXTRUDEDAREASOLID(#6021,#6026,#6030,0.0099999997764825821);
#6021=IFCARBITRARYPROFILEDEFWITHVOIDS(.AREA.,$,#6022,(#6024));
#6022=IFCINDEXEDPOLYCURVE(#6023,(IFCLINEINDEX((1,2,3,4,1))),$);
#6023=IFCCARTESIANPOINTLIST2D(((0.,0.),(0.83482682704925537,0.),(0.83482682704925537,0.89999997615814209),(0.,0.89999997615814209)));
#6024=IFCINDEXEDPOLYCURVE(#6025,(IFCLINEINDEX((1,2,3,4,1))),$);
#6025=IFCCARTESIANPOINTLIST2D(((0.02500000037252903,0.02500000037252903),(0.80982682667672634,0.02500000037252903),(0.80982682667672634,0.87499997578561306),(0.02500000037252903,0.87499997578561306)));
#6026=IFCAXIS2PLACEMENT3D(#6027,#6028,#6029);
#6027=IFCCARTESIANPOINT((0.,0.090000001713633537,0.));
#6028=IFCDIRECTION((0.,-1.,0.));
#6029=IFCDIRECTION((1.,0.,0.));
#6030=IFCDIRECTION((0.,0.,-1.));
#6031=IFCEXTRUDEDAREASOLID(#6032,#6037,#6041,0.040000000968575478);
#6032=IFCARBITRARYPROFILEDEFWITHVOIDS(.AREA.,$,#6033,(#6035));
#6033=IFCINDEXEDPOLYCURVE(#6034,(IFCLINEINDEX((1,2,3,4,1))),$);
#6034=IFCCARTESIANPOINTLIST2D(((0.,0.),(0.83482682704925537,0.),(0.83482682704925537,0.89999997615814209),(0.,0.89999997615814209)));
#6035=IFCINDEXEDPOLYCURVE(#6036,(IFCLINEINDEX((1,2,3,4,1))),$);
#6036=IFCCARTESIANPOINTLIST2D(((0.05000000074505806,0.05000000074505806),(0.78482682630419731,0.05000000074505806),(0.78482682630419731,0.84999997541308403),(0.05000000074505806,0.84999997541308403)));
#6037=IFCAXIS2PLACEMENT3D(#6038,#6039,#6040);
#6038=IFCCARTESIANPOINT((0.,0.05000000074505806,0.));
#6039=IFCDIRECTION((0.,-1.,0.));
#6040=IFCDIRECTION((1.,0.,0.));
#6041=IFCDIRECTION((0.,0.,-1.));
#6042=IFCEXTRUDEDAREASOLID(#6043,#6048,#6052,0.035000000149011612);
#6043=IFCARBITRARYPROFILEDEFWITHVOIDS(.AREA.,$,#6044,(#6046));
#6044=IFCINDEXEDPOLYCURVE(#6045,(IFCLINEINDEX((1,2,3,4,1))),$);
#6045=IFCCARTESIANPOINTLIST2D(((0.,0.),(0.78482682630419731,0.),(0.78482682630419731,0.84999997541308403),(0.,0.84999997541308403)));
#6046=IFCINDEXEDPOLYCURVE(#6047,(IFCLINEINDEX((1,2,3,4,1))),$);
#6047=IFCCARTESIANPOINTLIST2D(((0.035000000149011612,0.035000000149011612),(0.7498268261551857,0.035000000149011612),(0.7498268261551857,0.81499997526407242),(0.035000000149011612,0.81499997526407242)));
#6048=IFCAXIS2PLACEMENT3D(#6049,#6050,#6051);
#6049=IFCCARTESIANPOINT((0.02500000037252903,0.090000001713633537,0.02500000037252903));
#6050=IFCDIRECTION((0.,-1.,0.));
#6051=IFCDIRECTION((1.,0.,0.));
#6052=IFCDIRECTION((0.,0.,-1.));
#6053=IFCEXTRUDEDAREASOLID(#6054,#6057,#6061,0.01);
#6054=IFCARBITRARYCLOSEDPROFILEDEF(.AREA.,$,#6055);
#6055=IFCINDEXEDPOLYCURVE(#6056,(IFCLINEINDEX((1,2,3,4,1))),$);
#6056=IFCCARTESIANPOINTLIST2D(((0.035000000149011612,0.035000000149011612),(0.7498268261551857,0.035000000149011612),(0.7498268261551857,0.81499997526407242),(0.035000000149011612,0.81499997526407242)));
#6057=IFCAXIS2PLACEMENT3D(#6058,#6059,#6060);
#6058=IFCCARTESIANPOINT((0.02500000037252903,0.10250000178813934,0.02500000037252903));
#6059=IFCDIRECTION((0.,-1.,0.));
#6060=IFCDIRECTION((1.,0.,0.));
#6061=IFCDIRECTION((0.,0.,-1.));
#6062=IFCREPRESENTATIONMAP(#6063,#6067);
#6063=IFCAXIS2PLACEMENT3D(#6064,#6065,#6066);
#6064=IFCCARTESIANPOINT((0.,0.,0.));
#6065=IFCDIRECTION((0.,0.,1.));
#6066=IFCDIRECTION((1.,0.,0.));
#6067=IFCSHAPEREPRESENTATION(#24,'Body','Curve2D',(#6068,#6070,#6072,#6074,#6076,#6078,#6080,#6082));
#6068=IFCINDEXEDPOLYCURVE(#6069,$,$);
#6069=IFCCARTESIANPOINTLIST2D(((0.05000000074505806,0.05000000074505806),(0.78482682630419731,0.05000000074505806)));
#6070=IFCINDEXEDPOLYCURVE(#6071,(IFCLINEINDEX((1,2,3,4,5,6,1))),$);
#6071=IFCCARTESIANPOINTLIST2D(((0.,0.10000000149011612),(0.02500000037252903,0.10000000149011612),(0.02500000037252903,0.090000001713633537),(0.05000000074505806,0.090000001713633537),(0.05000000074505806,0.05000000074505806),(0.,0.05000000074505806)));
#6072=IFCINDEXEDPOLYCURVE(#6073,(IFCLINEINDEX((1,2,3,4,5,6,1))),$);
#6073=IFCCARTESIANPOINTLIST2D(((0.83482682704925537,0.10000000149011612),(0.80982682667672634,0.10000000149011612),(0.80982682667672634,0.090000001713633537),(0.78482682630419731,0.090000001713633537),(0.78482682630419731,0.05000000074505806),(0.83482682704925537,0.05000000074505806)));
#6074=IFCINDEXEDPOLYCURVE(#6075,(IFCLINEINDEX((1,2,3,4,1))),$);
#6075=IFCCARTESIANPOINTLIST2D(((0.02500000037252903,0.090000001713633537),(0.060000000521540642,0.090000001713633537),(0.060000000521540642,0.12500000186264515),(0.02500000037252903,0.12500000186264515)));
#6076=IFCINDEXEDPOLYCURVE(#6077,(IFCLINEINDEX((1,2,3,4,1))),$);
#6077=IFCCARTESIANPOINTLIST2D(((0.80982682667672634,0.090000001713633537),(0.77482682652771473,0.090000001713633537),(0.77482682652771473,0.12500000186264515),(0.80982682667672634,0.12500000186264515)));
#6078=IFCINDEXEDPOLYCURVE(#6079,$,$);
#6079=IFCCARTESIANPOINTLIST2D(((0.060000000521540642,0.090000001713633537),(0.77482682652771473,0.090000001713633537)));
#6080=IFCINDEXEDPOLYCURVE(#6081,$,$);
#6081=IFCCARTESIANPOINTLIST2D(((0.060000000521540642,0.12500000186264515),(0.77482682652771473,0.12500000186264515)));
#6082=IFCINDEXEDPOLYCURVE(#6083,$,$);
#6083=IFCCARTESIANPOINTLIST2D(((0.060000000521540642,0.10750000178813934),(0.77482682652771473,0.10750000178813934)));
#6084=IFCWINDOW('1qdUzW4tvChfl6mlWlf3DV',$,'Window',$,$,#6398,#6093,$,0.89999997615814209,0.83482682704925537,$,$,$);
#6085=IFCRELDEFINESBYTYPE('3CKhc8BwTFqR1duDmz7UGd',$,$,$,(#6084),#6003);
#6086=IFCCARTESIANPOINT((0.,0.,0.));
#6087=IFCDIRECTION((1.,0.,0.));
#6088=IFCDIRECTION((0.,1.,0.));
#6089=IFCDIRECTION((0.,0.,1.));
#6090=IFCCARTESIANTRANSFORMATIONOPERATOR3D(#6087,#6088,#6086,1.,#6089);
#6091=IFCMAPPEDITEM(#6006,#6090);
#6092=IFCSHAPEREPRESENTATION(#18,'Profile','MappedRepresentation',(#6091));
#6093=IFCPRODUCTDEFINITIONSHAPE($,$,(#6092,#6100,#6107));
#6094=IFCCARTESIANPOINT((0.,0.,0.));
#6095=IFCDIRECTION((1.,0.,0.));
#6096=IFCDIRECTION((0.,1.,0.));
#6097=IFCDIRECTION((0.,0.,1.));
#6098=IFCCARTESIANTRANSFORMATIONOPERATOR3D(#6095,#6096,#6094,1.,#6097);
#6099=IFCMAPPEDITEM(#6014,#6098);
#6100=IFCSHAPEREPRESENTATION(#11,'Body','MappedRepresentation',(#6099));
#6101=IFCCARTESIANPOINT((0.,0.,0.));
#6102=IFCDIRECTION((1.,0.,0.));
#6103=IFCDIRECTION((0.,1.,0.));
#6104=IFCDIRECTION((0.,0.,1.));
#6105=IFCCARTESIANTRANSFORMATIONOPERATOR3D(#6102,#6103,#6101,1.,#6104);
#6106=IFCMAPPEDITEM(#6062,#6105);
#6107=IFCSHAPEREPRESENTATION(#24,'Body','MappedRepresentation',(#6106));
#6108=IFCOPENINGELEMENT('3lVDSu015CXR7yVFEfJfIb',$,'Opening',$,$,#6188,#6136,$,.OPENING.);
#6114=IFCCARTESIANPOINTLIST2D(((0.,0.),(0.83482682704925537,0.),(0.83482682704925537,0.89999997615814209),(0.,0.89999997615814209)));
#6115=IFCINDEXEDPOLYCURVE(#6114,(IFCLINEINDEX((1,2,3,4,1))),$);
#6116=IFCARBITRARYCLOSEDPROFILEDEF(.AREA.,$,#6115);
#6117=IFCCARTESIANPOINT((0.,-0.60000002384185791,0.));
#6118=IFCDIRECTION((0.,-1.,0.));
#6119=IFCDIRECTION((1.,0.,0.));
#6120=IFCAXIS2PLACEMENT3D(#6117,#6118,#6119);
#6121=IFCDIRECTION((0.,0.,-1.));
#6122=IFCEXTRUDEDAREASOLID(#6116,#6120,#6121,1.2);
#6123=IFCSHAPEREPRESENTATION(#11,'Body','SweptSolid',(#6122));
#6124=IFCCARTESIANPOINT((0.,0.,0.));
#6125=IFCDIRECTION((1.,0.,0.));
#6126=IFCDIRECTION((0.,0.,1.));
#6127=IFCAXIS2PLACEMENT3D(#6124,#6126,#6125);
#6128=IFCREPRESENTATIONMAP(#6127,#6123);
#6129=IFCCARTESIANPOINT((0.,0.,0.));
#6130=IFCDIRECTION((1.,0.,0.));
#6131=IFCDIRECTION((0.,1.,0.));
#6132=IFCDIRECTION((0.,0.,1.));
#6133=IFCCARTESIANTRANSFORMATIONOPERATOR3D(#6130,#6131,#6129,1.,#6132);
#6134=IFCMAPPEDITEM(#6128,#6133);
#6135=IFCSHAPEREPRESENTATION(#11,'Body','MappedRepresentation',(#6134));
#6136=IFCPRODUCTDEFINITIONSHAPE($,$,(#6135));
#6137=IFCRELVOIDSELEMENT('2w5g664Tb2g8$Xr9yRTBu3',$,$,$,#1746,#6108);
#6143=IFCRELFILLSELEMENT('1jDTMrRSv029tripZ2XwBN',$,$,$,#6108,#6084);
#6184=IFCCARTESIANPOINT((0.74290156364453852,-1.8754061592574089E-07,1.));
#6185=IFCDIRECTION((0.,0.,1.));
#6186=IFCDIRECTION((0.99999999999988631,-4.7683715820291007E-07,0.));
#6187=IFCAXIS2PLACEMENT3D(#6184,#6185,#6186);
#6188=IFCLOCALPLACEMENT(#1757,#6187);
#6194=IFCCARTESIANPOINT((0.,0.,3.));
#6195=IFCDIRECTION((0.,0.,1.));
#6196=IFCDIRECTION((1.,0.,0.));
#6197=IFCAXIS2PLACEMENT3D(#6194,#6195,#6196);
#6198=IFCLOCALPLACEMENT(#56,#6197);
#6199=IFCSLAB('3nWN3PnQn1EBw2OTF0QG$4',$,'Slab',$,$,#6207,#6214,$,$);
#6200=IFCRELCONTAINEDINSPATIALSTRUCTURE('1MDsDWk6H7kPFBZAyJ4M66',$,$,$,(#10767,#8694,#8511,#7723,#7362,#8370,#7648,#6552,#7573,#12085,#11101,#10212,#8656,#11431,#7221,#8834,#8473,#9285,#7773,#7698,#12954,#7623,#6199,#9628,#7183,#7119,#7513,#12586,#6527,#8241,#12927,#11776,#7748,#7286,#13849,#6652,#6476,#13028,#9920,#7673,#7475,#6577,#13655,#8408,#8769,#7598,#6502,#12407,#7798,#12246),#39);
#6201=IFCMATERIALLAYERSETUSAGE(#2658,.AXIS3.,.POSITIVE.,-0.10000000149011612,$);
#6202=IFCRELASSOCIATESMATERIAL('2LKIH0bpT0NwWBLzWDIXnQ',$,$,$,(#6199),#6201);
#6203=IFCCARTESIANPOINT((4.176605224609375,-2.5401062965393066,0.));
#6204=IFCDIRECTION((0.,0.,1.));
#6205=IFCDIRECTION((1.,0.,0.));
#6206=IFCAXIS2PLACEMENT3D(#6203,#6204,#6205);
#6207=IFCLOCALPLACEMENT(#6198,#6206);
#6208=IFCCARTESIANPOINTLIST2D(((0.,0.),(0.050000190734863281,9.0500011444091797),(-3.4000000953674316,9.0500001907348633),(-3.3999996185302734,7.5800004005432129),(-6.9599995613098145,7.5800018310546875),(-6.9599990844726562,2.4300012588500977),(-3.9599990844726562,2.4300012588500977),(-3.9499998092651367,-0.050000190734863281),(0.,0.)));
#6209=IFCINDEXEDPOLYCURVE(#6208,$,$);
#6210=IFCDIRECTION((0.,0.,1.));
#6211=IFCARBITRARYCLOSEDPROFILEDEF(.AREA.,$,#6209);
#6212=IFCEXTRUDEDAREASOLID(#6211,#6221,#6210,0.10000000000000001);
#6213=IFCSHAPEREPRESENTATION(#11,'Body','SweptSolid',(#6212));
#6214=IFCPRODUCTDEFINITIONSHAPE($,$,(#6213));
#6215=IFCPROPERTYSET('3Ynp8usEz0gRrWpaq0wixg',$,'EPset_Parametric',$,(#6217));
#6216=IFCRELDEFINESBYPROPERTIES('3Ag_AoE6r2PfxxJ475z73I',$,$,$,(#6199),#6215);
#6217=IFCPROPERTYSINGLEVALUE('Engine',$,IFCLABEL('Bonsai.DumbLayer3'),$);
#6218=IFCCARTESIANPOINT((-0.,-0.,-0.10000000149011612));
#6219=IFCDIRECTION((0.,0.,1.));
#6220=IFCDIRECTION((1.,0.,0.));
#6221=IFCAXIS2PLACEMENT3D(#6218,#6219,#6220);
#6281=IFCROOFTYPE('2IXYztnSj8DAIDJ_nBJLC5',$,'ROOF',$,$,(#6282),(#6311,#6339),$,$,.HIP_ROOF.);
#6282=IFCPROPERTYSET('3Eyh2yzoz2$xCbpnkAWRbT',$,'BBIM_Roof',$,(#6283));
#6283=IFCPROPERTYSINGLEVALUE('Data',$,IFCTEXT('{"roof_type": "HIP/GABLE ROOF", "generation_method": "ANGLE", "roof_thickness": 0.10000000149011612, "rafter_edge_angle": 1.5707963705062866, "angle": 0.1745329201221466, "percentage": 17.63269805908203, "path_data": {"edges": [[0, 1], [1, 2], [2, 3], [3, 0]], "verts": [[-5.0, -5.0, 0.0], [-5.0, 5.0, 0.0], [5.0, 5.0, 0.0], [5.0, -5.0, 0.0]]}}'),$);
#6307=IFCCARTESIANPOINT((0.,0.,0.));
#6308=IFCDIRECTION((1.,0.,0.));
#6309=IFCDIRECTION((0.,0.,1.));
#6310=IFCAXIS2PLACEMENT3D(#6307,#6309,#6308);
#6311=IFCREPRESENTATIONMAP(#6310,#6330);
#6312=IFCINDEXEDPOLYGONALFACE((3,1,2));
#6313=IFCINDEXEDPOLYGONALFACE((2,4,3));
#6314=IFCINDEXEDPOLYGONALFACE((1,3,5));
#6315=IFCINDEXEDPOLYGONALFACE((4,5,3));
#6316=IFCINDEXEDPOLYGONALFACE((6,7,8));
#6317=IFCINDEXEDPOLYGONALFACE((8,2,1));
#6318=IFCINDEXEDPOLYGONALFACE((8,1,6));
#6319=IFCINDEXEDPOLYGONALFACE((8,7,9));
#6320=IFCINDEXEDPOLYGONALFACE((2,8,9));
#6321=IFCINDEXEDPOLYGONALFACE((2,9,4));
#6322=IFCINDEXEDPOLYGONALFACE((10,7,6));
#6323=IFCINDEXEDPOLYGONALFACE((6,1,5));
#6324=IFCINDEXEDPOLYGONALFACE((6,5,10));
#6325=IFCINDEXEDPOLYGONALFACE((9,7,10));
#6326=IFCINDEXEDPOLYGONALFACE((4,9,10));
#6327=IFCINDEXEDPOLYGONALFACE((4,10,5));
#6328=IFCCARTESIANPOINTLIST3D(((-5.,-5.,0.),(5.,-5.,0.),(0.,0.,0.88163489103317261),(5.,5.,0.),(-5.,5.,0.),(-5.,-5.,-0.10154265910387039),(0.,0.,0.78009223937988281),(5.,-5.,-0.10154265910387039),(5.,5.,-0.10154265910387039),(-5.,5.,-0.10154265910387039)));
#6329=IFCPOLYGONALFACESET(#6328,.T.,(#6312,#6313,#6314,#6315,#6316,#6317,#6318,#6319,#6320,#6321,#6322,#6323,#6324,#6325,#6326,#6327),$);
#6330=IFCSHAPEREPRESENTATION(#11,'Body','Tessellation',(#6329));
#6332=IFCCARTESIANPOINT((-5.,-5.,-0.10154265910387039));
#6333=IFCBOUNDINGBOX(#6332,10.,10.,0.9831775426864624);
#6334=IFCSHAPEREPRESENTATION(#13,'Box','BoundingBox',(#6333));
#6335=IFCCARTESIANPOINT((0.,0.,0.));
#6336=IFCDIRECTION((1.,0.,0.));
#6337=IFCDIRECTION((0.,0.,1.));
#6338=IFCAXIS2PLACEMENT3D(#6335,#6337,#6336);
#6339=IFCREPRESENTATIONMAP(#6338,#6334);
#6384=IFCCARTESIANPOINT((0.,0.,0.));
#6385=IFCDIRECTION((0.,0.,1.));
#6386=IFCDIRECTION((1.,0.,0.));
#6387=IFCAXIS2PLACEMENT3D(#6384,#6385,#6386);
#6388=IFCLOCALPLACEMENT(#5713,#6387);
#6389=IFCCARTESIANPOINT((0.,0.,0.));
#6390=IFCDIRECTION((0.,0.,1.));
#6391=IFCDIRECTION((1.,0.,0.));
#6392=IFCAXIS2PLACEMENT3D(#6389,#6390,#6391);
#6393=IFCLOCALPLACEMENT(#5997,#6392);
#6394=IFCCARTESIANPOINT((0.,0.,0.));
#6395=IFCDIRECTION((0.,0.,1.));
#6396=IFCDIRECTION((1.,2.1175823681357508E-22,0.));
#6397=IFCAXIS2PLACEMENT3D(#6394,#6395,#6396);
#6398=IFCLOCALPLACEMENT(#6188,#6397);
#6470=IFCWALLTYPE('1Ci0PXLYH45h4Ri9VHOEnJ',$,'WALL-2F',$,$,(#6471),$,$,$,.SOLIDWALL.);
#6471=IFCPROPERTYSET('00q8gRhBbAAfAxlDp2WyX1',$,'EPset_Parametric',$,(#6472));
#6472=IFCPROPERTYSINGLEVALUE('LayerSetDirection',$,IFCLABEL('AXIS2'),$);
#6473=IFCRELASSOCIATESMATERIAL('12TV95MCjA$uZoMv6zjRt7',$,$,$,(#6470),#6474);
#6474=IFCMATERIALLAYERSET((#6475),$,$);
#6475=IFCMATERIALLAYER(#81,0.10000000000000001,$,$,$,$,$);
#6476=IFCWALL('05Vrk2kAjCnvgZruXf$vUU',$,'Wall',$,$,#6488,#6483,$,$);
#6477=IFCRELDEFINESBYTYPE('24qa_GNU597wgGdj6woef6',$,$,$,(#7798,#6577,#8694,#8511,#7723,#7362,#8370,#7648,#6552,#7573,#8656,#7221,#8473,#8834,#7773,#7698,#7623,#7183,#6527,#7513,#7119,#7286,#8241,#6476,#7748,#6652,#8408,#8769,#7673,#7475,#7598,#6502),#6470);
#6478=IFCMATERIALLAYERSETUSAGE(#6474,.AXIS2.,.POSITIVE.,0.,$);
#6479=IFCRELASSOCIATESMATERIAL('3NXABxpbz4H9nvn_u73tmm',$,$,$,(#6476),#6478);
#6483=IFCPRODUCTDEFINITIONSHAPE($,$,(#6812,#6809));
#6484=IFCCARTESIANPOINT((4.2266054153442383,6.509894847869873,0.));
#6485=IFCDIRECTION((0.,0.,1.));
#6486=IFCDIRECTION((-0.99999999999999623,8.7422776573475527E-08,0.));
#6487=IFCAXIS2PLACEMENT3D(#6484,#6485,#6486);
#6488=IFCLOCALPLACEMENT(#6198,#6487);
#6499=IFCPROPERTYSET('0_q7vuQrb2LRSOn2LSDdM$',$,'EPset_Parametric',$,(#6501));
#6500=IFCRELDEFINESBYPROPERTIES('0uCRpqvOf1ZOF0ZDJm0WZr',$,$,$,(#6476),#6499);
#6501=IFCPROPERTYSINGLEVALUE('Engine',$,IFCLABEL('Bonsai.DumbLayer2'),$);
#6502=IFCWALL('2H0FAS$Iz16x0GGCO9FvZN',$,'Wall',$,$,#6799,#6508,$,$);
#6503=IFCMATERIALLAYERSETUSAGE(#6474,.AXIS2.,.POSITIVE.,0.,$);
#6504=IFCRELASSOCIATESMATERIAL('0EcTah4xT9DBH$444C4ERA',$,$,$,(#6502),#6503);
#6508=IFCPRODUCTDEFINITIONSHAPE($,$,(#6844,#6841));
#6524=IFCPROPERTYSET('2uwr7IFNv98vMUa95LBxxA',$,'EPset_Parametric',$,(#6526));
#6525=IFCRELDEFINESBYPROPERTIES('1pQXdC8NLB9xG3dCk7r3Mj',$,$,$,(#6502),#6524);
#6526=IFCPROPERTYSINGLEVALUE('Engine',$,IFCLABEL('Bonsai.DumbLayer2'),$);
#6527=IFCWALL('1WGlj$ti9FDOJeW8SU2xrs',$,'Wall',$,$,#6831,#6533,$,$);
#6528=IFCMATERIALLAYERSETUSAGE(#6474,.AXIS2.,.POSITIVE.,0.,$);
#6529=IFCRELASSOCIATESMATERIAL('1xg1Dx9VH1VB93IELKDCXS',$,$,$,(#6527),#6528);
#6533=IFCPRODUCTDEFINITIONSHAPE($,$,(#7169,#7166));
#6549=IFCPROPERTYSET('0GoGicYer7_upXb9miAqD0',$,'EPset_Parametric',$,(#6551));
#6550=IFCRELDEFINESBYPROPERTIES('1XYzZAZxL0EguBZqvbXlhC',$,$,$,(#6527),#6549);
#6551=IFCPROPERTYSINGLEVALUE('Engine',$,IFCLABEL('Bonsai.DumbLayer2'),$);
#6552=IFCWALL('2Gc9McVaz3tOIZru5uesMS',$,'Wall',$,$,#6863,#6558,$,$);
#6553=IFCMATERIALLAYERSETUSAGE(#6474,.AXIS2.,.POSITIVE.,0.,$);
#6554=IFCRELASSOCIATESMATERIAL('1adn3hm8D5puvvgzxnLi23',$,$,$,(#6552),#6553);
#6558=IFCPRODUCTDEFINITIONSHAPE($,$,(#6908,#6905));
#6574=IFCPROPERTYSET('2FbMaeGo99gB2OjG$mpJkh',$,'EPset_Parametric',$,(#6576));
#6575=IFCRELDEFINESBYPROPERTIES('0zT$YOsrfEWRC2blaW2PBG',$,$,$,(#6552),#6574);
#6576=IFCPROPERTYSINGLEVALUE('Engine',$,IFCLABEL('Bonsai.DumbLayer2'),$);
#6577=IFCWALL('1cxafdM0nAie6JR9xDnzFJ',$,'Wall',$,$,#6895,#6583,$,$);
#6578=IFCMATERIALLAYERSETUSAGE(#6474,.AXIS2.,.POSITIVE.,0.,$);
#6579=IFCRELASSOCIATESMATERIAL('2uR0hQ_LH2fOTyH0L8FBHG',$,$,$,(#6577),#6578);
#6583=IFCPRODUCTDEFINITIONSHAPE($,$,(#6940,#6937));
#6599=IFCPROPERTYSET('2Sy72NBKH1$PCh2LYjGLMP',$,'EPset_Parametric',$,(#6601));
#6600=IFCRELDEFINESBYPROPERTIES('3SIFJtmzT9SgT3eB7nQ7yp',$,$,$,(#6577),#6599);
#6601=IFCPROPERTYSINGLEVALUE('Engine',$,IFCLABEL('Bonsai.DumbLayer2'),$);
#6652=IFCWALL('0XAxjEwdb2rBBD217GUKch',$,'Wall',$,$,#7418,#6658,$,$);
#6653=IFCMATERIALLAYERSETUSAGE(#6474,.AXIS2.,.POSITIVE.,0.,$);
#6654=IFCRELASSOCIATESMATERIAL('3ibXs8XbzC8wUx1B2ZWTCZ',$,$,$,(#6652),#6653);
#6658=IFCPRODUCTDEFINITIONSHAPE($,$,(#7413,#7410));
#6674=IFCPROPERTYSET('2aoupy2fP159tdwS8sYEaT',$,'EPset_Parametric',$,(#6676));
#6675=IFCRELDEFINESBYPROPERTIES('1MEbQeZkD4yPVnu74qdwJt',$,$,$,(#6652),#6674);
#6676=IFCPROPERTYSINGLEVALUE('Engine',$,IFCLABEL('Bonsai.DumbLayer2'),$);
#6781=IFCRELCONNECTSPATHELEMENTS('3TyFnvE01579c5W9LbKax1',$,$,$,$,#6502,#6476,(),(),.ATEND.,.ATSTART.);
#6795=IFCCARTESIANPOINT((0.21660518646241766,6.5098951984352276,0.));
#6796=IFCDIRECTION((0.,0.,1.));
#6797=IFCDIRECTION((-4.3711388286737889E-08,-0.99999999999999911,0.));
#6798=IFCAXIS2PLACEMENT3D(#6795,#6796,#6797);
#6799=IFCLOCALPLACEMENT(#6198,#6798);
#6800=IFCCARTESIANPOINTLIST2D(((0.,0.),(0.,0.10000000000000001),(3.9100002245106968,0.10000000000000001),(4.0100002288818359,0.)));
#6801=IFCINDEXEDPOLYCURVE(#6800,(IFCLINEINDEX((1,2,3,4,1))),$);
#6802=IFCARBITRARYCLOSEDPROFILEDEF(.AREA.,$,#6801);
#6803=IFCCARTESIANPOINT((0.,0.,0.));
#6804=IFCDIRECTION((0.,0.,1.));
#6805=IFCDIRECTION((1.,0.,0.));
#6806=IFCAXIS2PLACEMENT3D(#6803,#6804,#6805);
#6807=IFCDIRECTION((0.,0.,1.));
#6808=IFCEXTRUDEDAREASOLID(#6802,#6806,#6807,3.);
#6809=IFCSHAPEREPRESENTATION(#11,'Body','SweptSolid',(#6808));
#6810=IFCCARTESIANPOINTLIST2D(((0.,0.),(4.0100002288818359,0.)));
#6811=IFCINDEXEDPOLYCURVE(#6810,$,$);
#6812=IFCSHAPEREPRESENTATION(#23,'Axis','Curve2D',(#6811));
#6813=IFCRELCONNECTSPATHELEMENTS('3sWon49QfEDRUvnieoRe1K',$,$,$,$,#6527,#6502,(),(),.ATEND.,.ATSTART.);
#6827=IFCCARTESIANPOINT((0.21660514492773347,5.5596923828125053,0.));
#6828=IFCDIRECTION((0.,0.,1.));
#6829=IFCDIRECTION((-0.99999999999998868,-1.5099580252808492E-07,0.));
#6830=IFCAXIS2PLACEMENT3D(#6827,#6828,#6829);
#6831=IFCLOCALPLACEMENT(#6198,#6830);
#6832=IFCCARTESIANPOINTLIST2D(((0.,0.),(0.10000000437113893,0.10000000000000001),(1.0502027961520057,0.10000000000000001),(0.95020281562272291,0.)));
#6833=IFCINDEXEDPOLYCURVE(#6832,(IFCLINEINDEX((1,2,3,4,1))),$);
#6834=IFCARBITRARYCLOSEDPROFILEDEF(.AREA.,$,#6833);
#6835=IFCCARTESIANPOINT((0.,0.,0.));
#6836=IFCDIRECTION((0.,0.,1.));
#6837=IFCDIRECTION((1.,0.,0.));
#6838=IFCAXIS2PLACEMENT3D(#6835,#6836,#6837);
#6839=IFCDIRECTION((0.,0.,1.));
#6840=IFCEXTRUDEDAREASOLID(#6834,#6838,#6839,3.);
#6841=IFCSHAPEREPRESENTATION(#11,'Body','SweptSolid',(#6840));
#6842=IFCCARTESIANPOINTLIST2D(((0.,0.),(0.95020281562272291,0.)));
#6843=IFCINDEXEDPOLYCURVE(#6842,$,$);
#6844=IFCSHAPEREPRESENTATION(#23,'Axis','Curve2D',(#6843));
#6845=IFCRELCONNECTSPATHELEMENTS('3WGO0m$VP1jv1UffidIVPV',$,$,$,$,#6552,#6527,(),(),.ATEND.,.ATSTART.);
#6859=IFCCARTESIANPOINT((-3.3000488281250022,5.5596918518125165,0.));
#6860=IFCDIRECTION((0.,0.,1.));
#6861=IFCDIRECTION((-4.3711388286737889E-08,-0.99999999999999911,0.));
#6862=IFCAXIS2PLACEMENT3D(#6859,#6860,#6861);
#6863=IFCLOCALPLACEMENT(#6198,#6862);
#6877=IFCRELCONNECTSPATHELEMENTS('2Gx$zoD0r6KRKGs2BHsuhf',$,$,$,$,#6577,#6552,(),(),.ATEND.,.ATSTART.);
#6891=IFCCARTESIANPOINT((-3.3000491404543739,-1.5855712890625,0.));
#6892=IFCDIRECTION((0.,0.,1.));
#6893=IFCDIRECTION((1.,0.,0.));
#6894=IFCAXIS2PLACEMENT3D(#6891,#6892,#6893);
#6895=IFCLOCALPLACEMENT(#6198,#6894);
#6896=IFCCARTESIANPOINTLIST2D(((0.,0.),(0.099999980529282828,0.10000000000000001),(7.0452631365038849,0.10000000000000001),(7.1452631408750236,0.)));
#6897=IFCINDEXEDPOLYCURVE(#6896,(IFCLINEINDEX((1,2,3,4,1))),$);
#6898=IFCARBITRARYCLOSEDPROFILEDEF(.AREA.,$,#6897);
#6899=IFCCARTESIANPOINT((0.,0.,0.));
#6900=IFCDIRECTION((0.,0.,1.));
#6901=IFCDIRECTION((1.,0.,0.));
#6902=IFCAXIS2PLACEMENT3D(#6899,#6900,#6901);
#6903=IFCDIRECTION((0.,0.,1.));
#6904=IFCEXTRUDEDAREASOLID(#6898,#6902,#6903,3.);
#6905=IFCSHAPEREPRESENTATION(#11,'Body','SweptSolid',(#6904));
#6906=IFCCARTESIANPOINTLIST2D(((0.,0.),(7.1452631408750236,0.)));
#6907=IFCINDEXEDPOLYCURVE(#6906,$,$);
#6908=IFCSHAPEREPRESENTATION(#23,'Axis','Curve2D',(#6907));
#6928=IFCCARTESIANPOINTLIST2D(((0.,0.),(0.10000000437113894,0.10000000000000001),(3.6500491448254975,0.10000000000000001),(3.5500491404543584,0.)));
#6929=IFCINDEXEDPOLYCURVE(#6928,(IFCLINEINDEX((1,2,3,4,1))),$);
#6930=IFCARBITRARYCLOSEDPROFILEDEF(.AREA.,$,#6929);
#6931=IFCCARTESIANPOINT((0.,0.,0.));
#6932=IFCDIRECTION((0.,0.,1.));
#6933=IFCDIRECTION((1.,0.,0.));
#6934=IFCAXIS2PLACEMENT3D(#6931,#6932,#6933);
#6935=IFCDIRECTION((0.,0.,1.));
#6936=IFCEXTRUDEDAREASOLID(#6930,#6934,#6935,3.);
#6937=IFCSHAPEREPRESENTATION(#11,'Body','SweptSolid',(#6936));
#6938=IFCCARTESIANPOINTLIST2D(((0.,0.),(3.5500491404543584,0.)));
#6939=IFCINDEXEDPOLYCURVE(#6938,$,$);
#6940=IFCSHAPEREPRESENTATION(#23,'Axis','Curve2D',(#6939));
#7119=IFCWALL('0ZxXQvBOTCDwwcBk_UObMW',$,'Wall',$,$,#7130,#7125,$,$);
#7120=IFCMATERIALLAYERSETUSAGE(#6474,.AXIS2.,.POSITIVE.,0.,$);
#7121=IFCRELASSOCIATESMATERIAL('1fKzgExSnDVvwFa0tJ4N7X',$,$,$,(#7119),#7120);
#7125=IFCPRODUCTDEFINITIONSHAPE($,$,(#7182,#7179));
#7126=IFCCARTESIANPOINT((4.1065444946289062,5.0598273277282715,0.));
#7127=IFCDIRECTION((0.,0.,1.));
#7128=IFCDIRECTION((-0.99999999999998868,-1.5099580252808492E-07,0.));
#7129=IFCAXIS2PLACEMENT3D(#7126,#7127,#7128);
#7130=IFCLOCALPLACEMENT(#6198,#7129);
#7141=IFCPROPERTYSET('2RrRcPhN98Xe9KI2Vmx92W',$,'EPset_Parametric',$,(#7143));
#7142=IFCRELDEFINESBYPROPERTIES('2GcRbvhAH6qg$6FAiKsWJz',$,$,$,(#7119),#7141);
#7143=IFCPROPERTYSINGLEVALUE('Engine',$,IFCLABEL('Bonsai.DumbLayer2'),$);
#7157=IFCCARTESIANPOINTLIST2D(((0.,0.),(-0.099999980529282828,0.10000000000000001),(3.4166539925234924,0.10000000000000001),(3.5166539730527755,0.)));
#7158=IFCINDEXEDPOLYCURVE(#7157,(IFCLINEINDEX((1,2,3,4,1))),$);
#7159=IFCARBITRARYCLOSEDPROFILEDEF(.AREA.,$,#7158);
#7160=IFCCARTESIANPOINT((0.,0.,0.));
#7161=IFCDIRECTION((0.,0.,1.));
#7162=IFCDIRECTION((1.,0.,0.));
#7163=IFCAXIS2PLACEMENT3D(#7160,#7161,#7162);
#7164=IFCDIRECTION((0.,0.,1.));
#7165=IFCEXTRUDEDAREASOLID(#7159,#7163,#7164,3.);
#7166=IFCSHAPEREPRESENTATION(#11,'Body','SweptSolid',(#7165));
#7167=IFCCARTESIANPOINTLIST2D(((0.,0.),(3.5166539730527755,0.)));
#7168=IFCINDEXEDPOLYCURVE(#7167,$,$);
#7169=IFCSHAPEREPRESENTATION(#23,'Axis','Curve2D',(#7168));
#7170=IFCCARTESIANPOINTLIST2D(((0.,0.),(0.,0.10000000000000001),(3.8899307550774092,0.10000000000000001),(3.8899307550774092,0.)));
#7171=IFCINDEXEDPOLYCURVE(#7170,(IFCLINEINDEX((1,2,3,4,1))),$);
#7172=IFCARBITRARYCLOSEDPROFILEDEF(.AREA.,$,#7171);
#7173=IFCCARTESIANPOINT((0.,0.,0.));
#7174=IFCDIRECTION((0.,0.,1.));
#7175=IFCDIRECTION((1.,0.,0.));
#7176=IFCAXIS2PLACEMENT3D(#7173,#7174,#7175);
#7177=IFCDIRECTION((0.,0.,1.));
#7178=IFCEXTRUDEDAREASOLID(#7172,#7176,#7177,3.);
#7179=IFCSHAPEREPRESENTATION(#11,'Body','SweptSolid',(#7178));
#7180=IFCCARTESIANPOINTLIST2D(((0.,0.),(3.8899307550774092,0.)));
#7181=IFCINDEXEDPOLYCURVE(#7180,$,$);
#7182=IFCSHAPEREPRESENTATION(#23,'Axis','Curve2D',(#7181));
#7183=IFCWALL('1Z137lalD8WgFgQCFDQaKL',$,'Wall',$,$,#7194,#7189,$,$);
#7184=IFCMATERIALLAYERSETUSAGE(#6474,.AXIS2.,.POSITIVE.,0.,$);
#7185=IFCRELASSOCIATESMATERIAL('0_UPULO213ChaG_52vu3bn',$,$,$,(#7183),#7184);
#7189=IFCPRODUCTDEFINITIONSHAPE($,$,(#7220,#7217));
#7190=IFCCARTESIANPOINT((1.9762791395187378,-2.9900879859924316,0.));
#7191=IFCDIRECTION((0.,0.,1.));
#7192=IFCDIRECTION((7.5497901264043109E-08,0.99999999999999711,0.));
#7193=IFCAXIS2PLACEMENT3D(#7190,#7191,#7192);
#7194=IFCLOCALPLACEMENT(#6198,#7193);
#7205=IFCPROPERTYSET('3vldzXV05EYfePiWLuSmAy',$,'EPset_Parametric',$,(#7207));
#7206=IFCRELDEFINESBYPROPERTIES('0vt7aM2VPEEQXqN78tIa5h',$,$,$,(#7183),#7205);
#7207=IFCPROPERTYSINGLEVALUE('Engine',$,IFCLABEL('Bonsai.DumbLayer2'),$);
#7208=IFCCARTESIANPOINTLIST2D(((0.,0.),(0.,0.10000000000000001),(0.96000002279878371,0.10000000000000001),(0.96000002279878371,0.)));
#7209=IFCINDEXEDPOLYCURVE(#7208,(IFCLINEINDEX((1,2,3,4,1))),$);
#7210=IFCARBITRARYCLOSEDPROFILEDEF(.AREA.,$,#7209);
#7211=IFCCARTESIANPOINT((0.,0.,0.));
#7212=IFCDIRECTION((0.,0.,1.));
#7213=IFCDIRECTION((1.,0.,0.));
#7214=IFCAXIS2PLACEMENT3D(#7211,#7212,#7213);
#7215=IFCDIRECTION((0.,0.,1.));
#7216=IFCEXTRUDEDAREASOLID(#7210,#7214,#7215,3.);
#7217=IFCSHAPEREPRESENTATION(#11,'Body','SweptSolid',(#7216));
#7218=IFCCARTESIANPOINTLIST2D(((0.,0.),(0.96000002279878371,0.)));
#7219=IFCINDEXEDPOLYCURVE(#7218,$,$);
#7220=IFCSHAPEREPRESENTATION(#23,'Axis','Curve2D',(#7219));
#7221=IFCWALL('2zJ6nST8z56f13Tu3ryo0r',$,'Wall',$,$,#7232,#7227,$,$);
#7222=IFCMATERIALLAYERSETUSAGE(#6474,.AXIS2.,.POSITIVE.,0.,$);
#7223=IFCRELASSOCIATESMATERIAL('2q3QK1zqn0Ngim34hG9y5a',$,$,$,(#7221),#7222);
#7227=IFCPRODUCTDEFINITIONSHAPE($,$,(#7272,#7269));
#7228=IFCCARTESIANPOINT((1.876279354095459,-2.030087947845459,0.));
#7229=IFCDIRECTION((0.,0.,1.));
#7230=IFCDIRECTION((-0.99999999999999623,8.7422776573475527E-08,0.));
#7231=IFCAXIS2PLACEMENT3D(#7228,#7229,#7230);
#7232=IFCLOCALPLACEMENT(#6198,#7231);
#7243=IFCPROPERTYSET('0mENwsr$90ZxcgQLQjanXo',$,'EPset_Parametric',$,(#7245));
#7244=IFCRELDEFINESBYPROPERTIES('1Wo$swzKPBug0$IJZCWM9H',$,$,$,(#7221),#7243);
#7245=IFCPROPERTYSINGLEVALUE('Engine',$,IFCLABEL('Bonsai.DumbLayer2'),$);
#7260=IFCCARTESIANPOINTLIST2D(((0.,0.),(0.,0.10000000000000001),(1.526279369154776,0.10000000000000001),(1.526279373525915,0.)));
#7261=IFCINDEXEDPOLYCURVE(#7260,(IFCLINEINDEX((1,2,3,4,1))),$);
#7262=IFCARBITRARYCLOSEDPROFILEDEF(.AREA.,$,#7261);
#7263=IFCCARTESIANPOINT((0.,0.,0.));
#7264=IFCDIRECTION((0.,0.,1.));
#7265=IFCDIRECTION((1.,0.,0.));
#7266=IFCAXIS2PLACEMENT3D(#7263,#7264,#7265);
#7267=IFCDIRECTION((0.,0.,1.));
#7268=IFCEXTRUDEDAREASOLID(#7262,#7266,#7267,3.);
#7269=IFCSHAPEREPRESENTATION(#11,'Body','SweptSolid',(#7268));
#7270=IFCCARTESIANPOINTLIST2D(((0.,0.),(1.6262793735259149,0.)));
#7271=IFCINDEXEDPOLYCURVE(#7270,$,$);
#7272=IFCSHAPEREPRESENTATION(#23,'Axis','Curve2D',(#7271));
#7286=IFCWALL('0Ky2NCU$rFFeeVf6lGlTrk',$,'Wall',$,$,#7297,#7292,$,$);
#7287=IFCMATERIALLAYERSETUSAGE(#6474,.AXIS2.,.POSITIVE.,0.,$);
#7288=IFCRELASSOCIATESMATERIAL('0nEsY6s7TFMREfzXEWLcaI',$,$,$,(#7286),#7287);
#7292=IFCPRODUCTDEFINITIONSHAPE($,$,(#7323,#7320));
#7293=IFCCARTESIANPOINT((0.25399944186210632,-1.4855712652206421,0.));
#7294=IFCDIRECTION((0.,0.,1.));
#7295=IFCDIRECTION((7.5497901264043109E-08,-0.99999999999999711,0.));
#7296=IFCAXIS2PLACEMENT3D(#7293,#7294,#7295);
#7297=IFCLOCALPLACEMENT(#6198,#7296);
#7308=IFCPROPERTYSET('0K30dx55T7BAybTF$FeDoQ',$,'EPset_Parametric',$,(#7310));
#7309=IFCRELDEFINESBYPROPERTIES('0HCs8V2s147wYUFre3eNIZ',$,$,$,(#7286),#7308);
#7310=IFCPROPERTYSINGLEVALUE('Engine',$,IFCLABEL('Bonsai.DumbLayer2'),$);
#7311=IFCCARTESIANPOINTLIST2D(((0.,0.),(0.,0.10000000000000001),(0.68999993358833145,0.10000000000000001),(0.68999993358833145,0.)));
#7312=IFCINDEXEDPOLYCURVE(#7311,(IFCLINEINDEX((1,2,3,4,1))),$);
#7313=IFCARBITRARYCLOSEDPROFILEDEF(.AREA.,$,#7312);
#7314=IFCCARTESIANPOINT((0.,0.,0.));
#7315=IFCDIRECTION((0.,0.,1.));
#7316=IFCDIRECTION((1.,0.,0.));
#7317=IFCAXIS2PLACEMENT3D(#7314,#7315,#7316);
#7318=IFCDIRECTION((0.,0.,1.));
#7319=IFCEXTRUDEDAREASOLID(#7313,#7317,#7318,3.);
#7320=IFCSHAPEREPRESENTATION(#11,'Body','SweptSolid',(#7319));
#7321=IFCCARTESIANPOINTLIST2D(((0.,0.),(0.68999993358833145,0.)));
#7322=IFCINDEXEDPOLYCURVE(#7321,$,$);
#7323=IFCSHAPEREPRESENTATION(#23,'Axis','Curve2D',(#7322));
#7362=IFCWALL('0$X4gr3197I9GJJckO57L6',$,'Wall',$,$,#7436,#7368,$,$);
#7363=IFCMATERIALLAYERSETUSAGE(#6474,.AXIS2.,.POSITIVE.,0.,$);
#7364=IFCRELASSOCIATESMATERIAL('2FdH7OkUj5HQJ0f_Z1efUu',$,$,$,(#7362),#7363);
#7368=IFCPRODUCTDEFINITIONSHAPE($,$,(#7431,#7428));
#7384=IFCPROPERTYSET('0wmZExM5n6CQGIxmLp0DT0',$,'EPset_Parametric',$,(#7386));
#7385=IFCRELDEFINESBYPROPERTIES('1yqc94j_14NxHxmRATN0j9',$,$,$,(#7362),#7384);
#7386=IFCPROPERTYSINGLEVALUE('Engine',$,IFCLABEL('Bonsai.DumbLayer2'),$);
#7400=IFCRELCONNECTSPATHELEMENTS('2114fOjJX7v8VFWFZdJs7L',$,$,$,$,#6652,#7362,(),(),.ATSTART.,.ATSTART.);
#7401=IFCCARTESIANPOINTLIST2D(((-0.10000000000000001,0.),(1.1924875253921385E-09,0.10000000000000001),(9.4396054426518248,0.10000000000000001),(9.4396054426518248,0.)));
#7402=IFCINDEXEDPOLYCURVE(#7401,(IFCLINEINDEX((1,2,3,4,1))),$);
#7403=IFCARBITRARYCLOSEDPROFILEDEF(.AREA.,$,#7402);
#7404=IFCCARTESIANPOINT((0.,0.,0.));
#7405=IFCDIRECTION((0.,0.,1.));
#7406=IFCDIRECTION((1.,0.,0.));
#7407=IFCAXIS2PLACEMENT3D(#7404,#7405,#7406);
#7408=IFCDIRECTION((0.,0.,1.));
#7409=IFCEXTRUDEDAREASOLID(#7403,#7407,#7408,3.);
#7410=IFCSHAPEREPRESENTATION(#11,'Body','SweptSolid',(#7409));
#7411=IFCCARTESIANPOINTLIST2D(((0.,0.),(9.4396054426518248,0.)));
#7412=IFCINDEXEDPOLYCURVE(#7411,$,$);
#7413=IFCSHAPEREPRESENTATION(#23,'Axis','Curve2D',(#7412));
#7414=IFCCARTESIANPOINT((4.2065429808576074,-2.9297175407409681,0.));
#7415=IFCDIRECTION((0.,0.,1.));
#7416=IFCDIRECTION((7.5497901264043123E-08,0.99999999999999722,0.));
#7417=IFCAXIS2PLACEMENT3D(#7414,#7415,#7416);
#7418=IFCLOCALPLACEMENT(#6198,#7417);
#7419=IFCCARTESIANPOINTLIST2D(((0.10000000000000001,0.),(-1.1924875309432451E-09,0.10000000000000001),(2.3800001334406224,0.10000000000000001),(2.3800001334406224,0.)));
#7420=IFCINDEXEDPOLYCURVE(#7419,(IFCLINEINDEX((1,2,3,4,1))),$);
#7421=IFCARBITRARYCLOSEDPROFILEDEF(.AREA.,$,#7420);
#7422=IFCCARTESIANPOINT((0.,0.,0.));
#7423=IFCDIRECTION((0.,0.,1.));
#7424=IFCDIRECTION((1.,0.,0.));
#7425=IFCAXIS2PLACEMENT3D(#7422,#7423,#7424);
#7426=IFCDIRECTION((0.,0.,1.));
#7427=IFCEXTRUDEDAREASOLID(#7421,#7425,#7426,3.);
#7428=IFCSHAPEREPRESENTATION(#11,'Body','SweptSolid',(#7427));
#7429=IFCCARTESIANPOINTLIST2D(((0.,0.),(2.3800001334406224,0.)));
#7430=IFCINDEXEDPOLYCURVE(#7429,$,$);
#7431=IFCSHAPEREPRESENTATION(#23,'Axis','Curve2D',(#7430));
#7432=IFCCARTESIANPOINT((4.2065429808576074,-2.9297175407409677,0.));
#7433=IFCDIRECTION((0.,0.,1.));
#7434=IFCDIRECTION((-0.99999999999999623,8.7422776573475527E-08,0.));
#7435=IFCAXIS2PLACEMENT3D(#7432,#7433,#7434);
#7436=IFCLOCALPLACEMENT(#6198,#7435);
#7475=IFCWALL('39BxuIvlP7MRvu78UMndAM',$,'Wall',$,$,#7486,#7481,$,$);
#7476=IFCMATERIALLAYERSETUSAGE(#6474,.AXIS2.,.POSITIVE.,0.,$);
#7477=IFCRELASSOCIATESMATERIAL('3AEGIFwtv5OfZX0FBTqoG8',$,$,$,(#7475),#7476);
#7481=IFCPRODUCTDEFINITIONSHAPE($,$,(#7512,#7509));
#7482=IFCCARTESIANPOINT((1.9743965864181519,-3.0297172069549561,0.));
#7483=IFCDIRECTION((0.,0.,1.));
#7484=IFCDIRECTION((7.5497901264043109E-08,0.99999999999999711,0.));
#7485=IFCAXIS2PLACEMENT3D(#7482,#7483,#7484);
#7486=IFCLOCALPLACEMENT(#6198,#7485);
#7497=IFCPROPERTYSET('1R_9PmC_H8XA2e1dx0MyZb',$,'EPset_Parametric',$,(#7499));
#7498=IFCRELDEFINESBYPROPERTIES('3ZiYsJujDCeAR5ZPhLCEZb',$,$,$,(#7475),#7497);
#7499=IFCPROPERTYSINGLEVALUE('Engine',$,IFCLABEL('Bonsai.DumbLayer2'),$);
#7500=IFCCARTESIANPOINTLIST2D(((0.,0.),(0.,0.10000000000000001),(0.99000001801385518,0.10000000000000001),(0.99000001801385518,0.)));
#7501=IFCINDEXEDPOLYCURVE(#7500,(IFCLINEINDEX((1,2,3,4,1))),$);
#7502=IFCARBITRARYCLOSEDPROFILEDEF(.AREA.,$,#7501);
#7503=IFCCARTESIANPOINT((0.,0.,0.));
#7504=IFCDIRECTION((0.,0.,1.));
#7505=IFCDIRECTION((1.,0.,0.));
#7506=IFCAXIS2PLACEMENT3D(#7503,#7504,#7505);
#7507=IFCDIRECTION((0.,0.,1.));
#7508=IFCEXTRUDEDAREASOLID(#7502,#7506,#7507,3.);
#7509=IFCSHAPEREPRESENTATION(#11,'Body','SweptSolid',(#7508));
#7510=IFCCARTESIANPOINTLIST2D(((0.,0.),(0.99000001801385518,0.)));
#7511=IFCINDEXEDPOLYCURVE(#7510,$,$);
#7512=IFCSHAPEREPRESENTATION(#23,'Axis','Curve2D',(#7511));
#7513=IFCWALL('2JVg08XPHFQw8$VtDeUt2O',$,'Wall',$,$,#7524,#7519,$,$);
#7514=IFCMATERIALLAYERSETUSAGE(#6474,.AXIS2.,.POSITIVE.,0.,$);
#7515=IFCRELASSOCIATESMATERIAL('0h9TV5ogvDdxDOvJ_Rb5it',$,$,$,(#7513),#7514);
#7519=IFCPRODUCTDEFINITIONSHAPE($,$,(#7550,#7547));
#7520=IFCCARTESIANPOINT((1.974396824836731,-2.0397171974182129,0.));
#7521=IFCDIRECTION((0.,0.,1.));
#7522=IFCDIRECTION((-0.99999999999999623,8.7422776573475527E-08,0.));
#7523=IFCAXIS2PLACEMENT3D(#7520,#7521,#7522);
#7524=IFCLOCALPLACEMENT(#6198,#7523);
#7535=IFCPROPERTYSET('0sB$mWMQP1EupgVFnzy4Zj',$,'EPset_Parametric',$,(#7537));
#7536=IFCRELDEFINESBYPROPERTIES('2EkgKIZmb75v5tj9P1LYNk',$,$,$,(#7513),#7535);
#7537=IFCPROPERTYSINGLEVALUE('Engine',$,IFCLABEL('Bonsai.DumbLayer2'),$);
#7538=IFCCARTESIANPOINTLIST2D(((0.,0.),(0.,0.10000000000000001),(1.5700000812749173,0.10000000000000001),(1.5700000812749173,0.)));
#7539=IFCINDEXEDPOLYCURVE(#7538,(IFCLINEINDEX((1,2,3,4,1))),$);
#7540=IFCARBITRARYCLOSEDPROFILEDEF(.AREA.,$,#7539);
#7541=IFCCARTESIANPOINT((0.,0.,0.));
#7542=IFCDIRECTION((0.,0.,1.));
#7543=IFCDIRECTION((1.,0.,0.));
#7544=IFCAXIS2PLACEMENT3D(#7541,#7542,#7543);
#7545=IFCDIRECTION((0.,0.,1.));
#7546=IFCEXTRUDEDAREASOLID(#7540,#7544,#7545,3.);
#7547=IFCSHAPEREPRESENTATION(#11,'Body','SweptSolid',(#7546));
#7548=IFCCARTESIANPOINTLIST2D(((0.,0.),(1.5700000812749173,0.)));
#7549=IFCINDEXEDPOLYCURVE(#7548,$,$);
#7550=IFCSHAPEREPRESENTATION(#23,'Axis','Curve2D',(#7549));
#7573=IFCWALL('3C6PGWJIjFGO$q9$3mSIa$',$,'Wall',$,$,#7584,#7579,$,$);
#7574=IFCMATERIALLAYERSETUSAGE(#6474,.AXIS2.,.POSITIVE.,0.,$);
#7575=IFCRELASSOCIATESMATERIAL('1M1jKjHTT36uqGwAmoXM53',$,$,$,(#7573),#7574);
#7579=IFCPRODUCTDEFINITIONSHAPE($,$,(#8898,#8895));
#7580=IFCCARTESIANPOINT((4.2166061401367188,-3.1501030921936035,0.));
#7581=IFCDIRECTION((0.,0.,1.));
#7582=IFCDIRECTION((0.0010352887917211358,0.99999946408841522,0.));
#7583=IFCAXIS2PLACEMENT3D(#7580,#7581,#7582);
#7584=IFCLOCALPLACEMENT(#6198,#7583);
#7595=IFCPROPERTYSET('3iX$WVo9vB0Qet4UnLK25m',$,'EPset_Parametric',$,(#7597));
#7596=IFCRELDEFINESBYPROPERTIES('2ZrbAJ$tr8JhLcs9BoDEbN',$,$,$,(#7573),#7595);
#7597=IFCPROPERTYSINGLEVALUE('Engine',$,IFCLABEL('Bonsai.DumbLayer2'),$);
#7598=IFCWALL('0chWcHU6fF18eVMSgS0VzW',$,'Wall',$,$,#7971,#7604,$,$);
#7599=IFCMATERIALLAYERSETUSAGE(#6474,.AXIS2.,.POSITIVE.,0.,$);
#7600=IFCRELASSOCIATESMATERIAL('3H_SdLA$D0IfCWF8C9z0Jk',$,$,$,(#7598),#7599);
#7604=IFCPRODUCTDEFINITIONSHAPE($,$,(#8016,#8013));
#7620=IFCPROPERTYSET('0w4AwtrRz0Ex2bmF_jn9aS',$,'EPset_Parametric',$,(#7622));
#7621=IFCRELDEFINESBYPROPERTIES('21VMJmKnn1YRPNp9NHxB6c',$,$,$,(#7598),#7620);
#7622=IFCPROPERTYSINGLEVALUE('Engine',$,IFCLABEL('Bonsai.DumbLayer2'),$);
#7623=IFCWALL('3Xmt2nhzT9XBpxbhVjM8UQ',$,'Wall',$,$,#8003,#7629,$,$);
#7624=IFCMATERIALLAYERSETUSAGE(#6474,.AXIS2.,.POSITIVE.,0.,$);
#7625=IFCRELASSOCIATESMATERIAL('3vAeX$YrvAt9amV9qyb4De',$,$,$,(#7623),#7624);
#7629=IFCPRODUCTDEFINITIONSHAPE($,$,(#8642,#8639));
#7645=IFCPROPERTYSET('1QU8GwRz5EbARKFc1B5_7S',$,'EPset_Parametric',$,(#7647));
#7646=IFCRELDEFINESBYPROPERTIES('1OzIwNBT90zBRZFlYxSaee',$,$,$,(#7623),#7645);
#7647=IFCPROPERTYSINGLEVALUE('Engine',$,IFCLABEL('Bonsai.DumbLayer2'),$);
#7648=IFCWALL('1$jF4doE93LO91F2PqLlkX',$,'Wall',$,$,#8035,#7654,$,$);
#7649=IFCMATERIALLAYERSETUSAGE(#6474,.AXIS2.,.POSITIVE.,0.,$);
#7650=IFCRELASSOCIATESMATERIAL('1dugnFyMTA8wa2639lpGC$',$,$,$,(#7648),#7649);
#7654=IFCPRODUCTDEFINITIONSHAPE($,$,(#8629,#8626));
#7670=IFCPROPERTYSET('34DH71nkHFVuJEx5ocyxGj',$,'EPset_Parametric',$,(#7672));
#7671=IFCRELDEFINESBYPROPERTIES('2rml7kFZH3TQaqCbv$cXSD',$,$,$,(#7648),#7670);
#7672=IFCPROPERTYSINGLEVALUE('Engine',$,IFCLABEL('Bonsai.DumbLayer2'),$);
#7673=IFCWALL('0cAAL3yxvBi8jSKwoj_AZp',$,'Wall',$,$,#8067,#7679,$,$);
#7674=IFCMATERIALLAYERSETUSAGE(#6474,.AXIS2.,.POSITIVE.,0.,$);
#7675=IFCRELASSOCIATESMATERIAL('31MfggAUzBEu3Q69xlq6Dw',$,$,$,(#7673),#7674);
#7679=IFCPRODUCTDEFINITIONSHAPE($,$,(#8112,#8109));
#7695=IFCPROPERTYSET('14ey4L6D90qRNacJERKMxR',$,'EPset_Parametric',$,(#7697));
#7696=IFCRELDEFINESBYPROPERTIES('2LoL5CE$1BvOfqfaCSh8qX',$,$,$,(#7673),#7695);
#7697=IFCPROPERTYSINGLEVALUE('Engine',$,IFCLABEL('Bonsai.DumbLayer2'),$);
#7698=IFCWALL('1erAOtM$v8RPqwFU344BSC',$,'Wall',$,$,#8099,#7704,$,$);
#7699=IFCMATERIALLAYERSETUSAGE(#6474,.AXIS2.,.POSITIVE.,0.,$);
#7700=IFCRELASSOCIATESMATERIAL('0ofNqjO_rE_wsTaPyQRmki',$,$,$,(#7698),#7699);
#7704=IFCPRODUCTDEFINITIONSHAPE($,$,(#8144,#8141));
#7720=IFCPROPERTYSET('0RIYaAqdf6Hw$u9RTw_B57',$,'EPset_Parametric',$,(#7722));
#7721=IFCRELDEFINESBYPROPERTIES('1zXXr8QFLDBhG3g8EMAScp',$,$,$,(#7698),#7720);
#7722=IFCPROPERTYSINGLEVALUE('Engine',$,IFCLABEL('Bonsai.DumbLayer2'),$);
#7723=IFCWALL('2BYXzgRzf1b8L6HqGBRH$f',$,'Wall',$,$,#8131,#7729,$,$);
#7724=IFCMATERIALLAYERSETUSAGE(#6474,.AXIS2.,.POSITIVE.,0.,$);
#7725=IFCRELASSOCIATESMATERIAL('3M$cPlYsL3fu_JrekMlYNf',$,$,$,(#7723),#7724);
#7729=IFCPRODUCTDEFINITIONSHAPE($,$,(#8176,#8173));
#7745=IFCPROPERTYSET('1$7djCktD46uNbcvzElrvT',$,'EPset_Parametric',$,(#7747));
#7746=IFCRELDEFINESBYPROPERTIES('1B8wNyZDv2hPyymIFKicap',$,$,$,(#7723),#7745);
#7747=IFCPROPERTYSINGLEVALUE('Engine',$,IFCLABEL('Bonsai.DumbLayer2'),$);
#7748=IFCWALL('2d18v9yZr4pPpCnD2ILWrw',$,'Wall',$,$,#8163,#7754,$,$);
#7749=IFCMATERIALLAYERSETUSAGE(#6474,.AXIS2.,.POSITIVE.,0.,$);
#7750=IFCRELASSOCIATESMATERIAL('0F2axgFYX9uQTp9sWZDyRB',$,$,$,(#7748),#7749);
#7754=IFCPRODUCTDEFINITIONSHAPE($,$,(#8208,#8205));
#7770=IFCPROPERTYSET('10WoWQ_rHBKhA1aWZtKQcd',$,'EPset_Parametric',$,(#7772));
#7771=IFCRELDEFINESBYPROPERTIES('2wOvPvoc967QHKksehgPvU',$,$,$,(#7748),#7770);
#7772=IFCPROPERTYSINGLEVALUE('Engine',$,IFCLABEL('Bonsai.DumbLayer2'),$);
#7773=IFCWALL('2MfKlysN5Ez9DDGBy$gsVf',$,'Wall',$,$,#8195,#7779,$,$);
#7774=IFCMATERIALLAYERSETUSAGE(#6474,.AXIS2.,.POSITIVE.,0.,$);
#7775=IFCRELASSOCIATESMATERIAL('3H7aVidfX4hhKcBwcUWJ_T',$,$,$,(#7773),#7774);
#7779=IFCPRODUCTDEFINITIONSHAPE($,$,(#8240,#8237));
#7795=IFCPROPERTYSET('0w_fIKj9T5NfelCQEVSzsJ',$,'EPset_Parametric',$,(#7797));
#7796=IFCRELDEFINESBYPROPERTIES('0pnp9Uair1$BHBLnDZkz2S',$,$,$,(#7773),#7795);
#7797=IFCPROPERTYSINGLEVALUE('Engine',$,IFCLABEL('Bonsai.DumbLayer2'),$);
#7798=IFCWALL('0H2sdSeb95uBf06X3TuL5n',$,'Wall',$,$,#8227,#7804,$,$);
#7799=IFCMATERIALLAYERSETUSAGE(#6474,.AXIS2.,.POSITIVE.,0.,$);
#7800=IFCRELASSOCIATESMATERIAL('0Wcwk$I7r2KP$xGsQ2z6vd',$,$,$,(#7798),#7799);
#7804=IFCPRODUCTDEFINITIONSHAPE($,$,(#8222,#8219));
#7820=IFCPROPERTYSET('1nR50UounEYw3AM7ePwC5F',$,'EPset_Parametric',$,(#7822));
#7821=IFCRELDEFINESBYPROPERTIES('38e4mc13DE3f9WLCu5F8tW',$,$,$,(#7798),#7820);
#7822=IFCPROPERTYSINGLEVALUE('Engine',$,IFCLABEL('Bonsai.DumbLayer2'),$);
#7953=IFCRELCONNECTSPATHELEMENTS('20ryA_sVPFNhyeeNOkLbRm',$,$,$,$,#7598,#7573,(),(),.ATEND.,.ATSTART.);
#7967=IFCCARTESIANPOINT((4.2266070330917103,6.5098948478697318,0.));
#7968=IFCDIRECTION((0.,0.,1.));
#7969=IFCDIRECTION((-0.99999999999999623,8.7422776573475527E-08,0.));
#7970=IFCAXIS2PLACEMENT3D(#7967,#7968,#7969);
#7971=IFCLOCALPLACEMENT(#6198,#7970);
#7985=IFCRELCONNECTSPATHELEMENTS('2untde1KP6OgnIDymJZUEW',$,$,$,$,#7623,#7598,(),(),.ATEND.,.ATSTART.);
#7999=IFCCARTESIANPOINT((0.21660518646241766,6.5098951984352267,0.));
#8000=IFCDIRECTION((0.,0.,1.));
#8001=IFCDIRECTION((-4.3711388286737889E-08,-0.99999999999999911,0.));
#8002=IFCAXIS2PLACEMENT3D(#7999,#8000,#8001);
#8003=IFCLOCALPLACEMENT(#6198,#8002);
#8004=IFCCARTESIANPOINTLIST2D(((0.,0.),(0.10010357377450424,0.10000000000000001),(3.9100018422581688,0.10000000000000001),(4.0100018466293079,0.)));
#8005=IFCINDEXEDPOLYCURVE(#8004,(IFCLINEINDEX((1,2,3,4,1))),$);
#8006=IFCARBITRARYCLOSEDPROFILEDEF(.AREA.,$,#8005);
#8007=IFCCARTESIANPOINT((0.,0.,0.));
#8008=IFCDIRECTION((0.,0.,1.));
#8009=IFCDIRECTION((1.,0.,0.));
#8010=IFCAXIS2PLACEMENT3D(#8007,#8008,#8009);
#8011=IFCDIRECTION((0.,0.,1.));
#8012=IFCEXTRUDEDAREASOLID(#8006,#8010,#8011,3.);
#8013=IFCSHAPEREPRESENTATION(#11,'Body','SweptSolid',(#8012));
#8014=IFCCARTESIANPOINTLIST2D(((0.,0.),(4.0100018466293079,0.)));
#8015=IFCINDEXEDPOLYCURVE(#8014,$,$);
#8016=IFCSHAPEREPRESENTATION(#23,'Axis','Curve2D',(#8015));
#8031=IFCCARTESIANPOINT((0.21660514264398417,5.5074462890625044,0.));
#8032=IFCDIRECTION((0.,0.,1.));
#8033=IFCDIRECTION((-0.99999999999998868,-1.5099580252808492E-07,0.));
#8034=IFCAXIS2PLACEMENT3D(#8031,#8032,#8033);
#8035=IFCLOCALPLACEMENT(#6198,#8034);
#8049=IFCRELCONNECTSPATHELEMENTS('2RLz_9z6PEJ8Xrq4w_Ahpb',$,$,$,$,#7673,#7648,(),(),.ATEND.,.ATSTART.);
#8063=IFCCARTESIANPOINT((-3.2963867187500022,5.5074457586154795,0.));
#8064=IFCDIRECTION((0.,0.,1.));
#8065=IFCDIRECTION((-4.3711388286737889E-08,-0.99999999999999911,0.));
#8066=IFCAXIS2PLACEMENT3D(#8063,#8064,#8065);
#8067=IFCLOCALPLACEMENT(#6198,#8066);
#8081=IFCRELCONNECTSPATHELEMENTS('2Ci978KTzA_gLnF3P26eF1',$,$,$,$,#7698,#7673,(),(),.ATEND.,.ATSTART.);
#8095=IFCCARTESIANPOINT((-3.2963870309646528,-1.63519287109375,0.));
#8096=IFCDIRECTION((0.,0.,1.));
#8097=IFCDIRECTION((1.,0.,0.));
#8098=IFCAXIS2PLACEMENT3D(#8095,#8096,#8097);
#8099=IFCLOCALPLACEMENT(#6198,#8098);
#8100=IFCCARTESIANPOINTLIST2D(((0.,0.),(0.099999980529282828,0.10000000000000001),(7.0426386253380979,0.10000000000000001),(7.1426386297092366,0.)));
#8101=IFCINDEXEDPOLYCURVE(#8100,(IFCLINEINDEX((1,2,3,4,1))),$);
#8102=IFCARBITRARYCLOSEDPROFILEDEF(.AREA.,$,#8101);
#8103=IFCCARTESIANPOINT((0.,0.,0.));
#8104=IFCDIRECTION((0.,0.,1.));
#8105=IFCDIRECTION((1.,0.,0.));
#8106=IFCAXIS2PLACEMENT3D(#8103,#8104,#8105);
#8107=IFCDIRECTION((0.,0.,1.));
#8108=IFCEXTRUDEDAREASOLID(#8102,#8106,#8107,3.);
#8109=IFCSHAPEREPRESENTATION(#11,'Body','SweptSolid',(#8108));
#8110=IFCCARTESIANPOINTLIST2D(((0.,0.),(7.1426386297092366,0.)));
#8111=IFCINDEXEDPOLYCURVE(#8110,$,$);
#8112=IFCSHAPEREPRESENTATION(#23,'Axis','Curve2D',(#8111));
#8113=IFCRELCONNECTSPATHELEMENTS('1mC7Gm5oLC$OwBZRAP1N7N',$,$,$,$,#7723,#7698,(),(),.ATEND.,.ATSTART.);
#8127=IFCCARTESIANPOINT((0.22515869140623437,-1.63519287109375,0.));
#8128=IFCDIRECTION((0.,0.,1.));
#8129=IFCDIRECTION((-4.3711388286737889E-08,-0.99999999999999911,0.));
#8130=IFCAXIS2PLACEMENT3D(#8127,#8128,#8129);
#8131=IFCLOCALPLACEMENT(#6198,#8130);
#8132=IFCCARTESIANPOINTLIST2D(((0.,0.),(0.10000000437113894,0.10000000000000001),(3.6215457267420263,0.10000000000000001),(3.5215457223708873,0.)));
#8133=IFCINDEXEDPOLYCURVE(#8132,(IFCLINEINDEX((1,2,3,4,1))),$);
#8134=IFCARBITRARYCLOSEDPROFILEDEF(.AREA.,$,#8133);
#8135=IFCCARTESIANPOINT((0.,0.,0.));
#8136=IFCDIRECTION((0.,0.,1.));
#8137=IFCDIRECTION((1.,0.,0.));
#8138=IFCAXIS2PLACEMENT3D(#8135,#8136,#8137);
#8139=IFCDIRECTION((0.,0.,1.));
#8140=IFCEXTRUDEDAREASOLID(#8134,#8138,#8139,3.);
#8141=IFCSHAPEREPRESENTATION(#11,'Body','SweptSolid',(#8140));
#8142=IFCCARTESIANPOINTLIST2D(((0.,0.),(3.5215457223708873,0.)));
#8143=IFCINDEXEDPOLYCURVE(#8142,$,$);
#8144=IFCSHAPEREPRESENTATION(#23,'Axis','Curve2D',(#8143));
#8145=IFCRELCONNECTSPATHELEMENTS('3s9UOeBVXCURv1czsYe_9d',$,$,$,$,#7748,#7723,(),(),.ATEND.,.ATSTART.);
#8159=IFCCARTESIANPOINT((0.22515866514845337,-2.2359008789062456,0.));
#8160=IFCDIRECTION((0.,0.,1.));
#8161=IFCDIRECTION((0.99999999999997158,2.3841857910155572E-07,0.));
#8162=IFCAXIS2PLACEMENT3D(#8159,#8160,#8161);
#8163=IFCLOCALPLACEMENT(#6198,#8162);
#8164=IFCCARTESIANPOINTLIST2D(((0.,0.),(-0.10000000437113893,0.10000000000000001),(0.5007079795994952,0.10000000000000001),(0.60070800781249589,0.)));
#8165=IFCINDEXEDPOLYCURVE(#8164,(IFCLINEINDEX((1,2,3,4,1))),$);
#8166=IFCARBITRARYCLOSEDPROFILEDEF(.AREA.,$,#8165);
#8167=IFCCARTESIANPOINT((0.,0.,0.));
#8168=IFCDIRECTION((0.,0.,1.));
#8169=IFCDIRECTION((1.,0.,0.));
#8170=IFCAXIS2PLACEMENT3D(#8167,#8168,#8169);
#8171=IFCDIRECTION((0.,0.,1.));
#8172=IFCEXTRUDEDAREASOLID(#8166,#8170,#8171,3.);
#8173=IFCSHAPEREPRESENTATION(#11,'Body','SweptSolid',(#8172));
#8174=IFCCARTESIANPOINTLIST2D(((0.,0.),(0.60070800781249589,0.)));
#8175=IFCINDEXEDPOLYCURVE(#8174,$,$);
#8176=IFCSHAPEREPRESENTATION(#23,'Axis','Curve2D',(#8175));
#8177=IFCRELCONNECTSPATHELEMENTS('3RREXqg8z5puMeYzcDAqCc',$,$,$,$,#7773,#7748,(),(),.ATEND.,.ATSTART.);
#8191=IFCCARTESIANPOINT((1.8259277343750233,-2.2359004972531586,0.));
#8192=IFCDIRECTION((0.,0.,1.));
#8193=IFCDIRECTION((-1.6292068494294439E-07,-0.99999999999998679,0.));
#8194=IFCAXIS2PLACEMENT3D(#8191,#8192,#8193);
#8195=IFCLOCALPLACEMENT(#6198,#8194);
#8196=IFCCARTESIANPOINTLIST2D(((0.,0.),(0.10000002821300073,0.10000000000000001),(1.7007691093605499,0.10000000000000001),(1.6007690692266154,0.)));
#8197=IFCINDEXEDPOLYCURVE(#8196,(IFCLINEINDEX((1,2,3,4,1))),$);
#8198=IFCARBITRARYCLOSEDPROFILEDEF(.AREA.,$,#8197);
#8199=IFCCARTESIANPOINT((0.,0.,0.));
#8200=IFCDIRECTION((0.,0.,1.));
#8201=IFCDIRECTION((1.,0.,0.));
#8202=IFCAXIS2PLACEMENT3D(#8199,#8200,#8201);
#8203=IFCDIRECTION((0.,0.,1.));
#8204=IFCEXTRUDEDAREASOLID(#8198,#8202,#8203,3.);
#8205=IFCSHAPEREPRESENTATION(#11,'Body','SweptSolid',(#8204));
#8206=IFCCARTESIANPOINTLIST2D(((0.,0.),(1.6007690692266154,0.)));
#8207=IFCINDEXEDPOLYCURVE(#8206,$,$);
#8208=IFCSHAPEREPRESENTATION(#23,'Axis','Curve2D',(#8207));
#8209=IFCRELCONNECTSPATHELEMENTS('2aUNji3oz3PuruxKTt0J0v',$,$,$,$,#7798,#7773,(),(),.ATEND.,.ATSTART.);
#8210=IFCCARTESIANPOINTLIST2D(((0.,0.),(0.10000001629206984,0.10000000000000001),(2.3907470969363578,0.10000000000000001),(2.3907470969363578,0.)));
#8211=IFCINDEXEDPOLYCURVE(#8210,(IFCLINEINDEX((1,2,3,4,1))),$);
#8212=IFCARBITRARYCLOSEDPROFILEDEF(.AREA.,$,#8211);
#8213=IFCCARTESIANPOINT((0.,0.,0.));
#8214=IFCDIRECTION((0.,0.,1.));
#8215=IFCDIRECTION((1.,0.,0.));
#8216=IFCAXIS2PLACEMENT3D(#8213,#8214,#8215);
#8217=IFCDIRECTION((0.,0.,1.));
#8218=IFCEXTRUDEDAREASOLID(#8212,#8216,#8217,3.);
#8219=IFCSHAPEREPRESENTATION(#11,'Body','SweptSolid',(#8218));
#8220=IFCCARTESIANPOINTLIST2D(((0.,0.),(2.3907470969363578,0.)));
#8221=IFCINDEXEDPOLYCURVE(#8220,$,$);
#8222=IFCSHAPEREPRESENTATION(#23,'Axis','Curve2D',(#8221));
#8223=IFCCARTESIANPOINT((1.8259275854254409,-3.150146484375,0.));
#8224=IFCDIRECTION((0.,0.,1.));
#8225=IFCDIRECTION((1.,0.,0.));
#8226=IFCAXIS2PLACEMENT3D(#8223,#8224,#8225);
#8227=IFCLOCALPLACEMENT(#6198,#8226);
#8228=IFCCARTESIANPOINTLIST2D(((0.,0.),(-0.10000004013393446,0.10000000000000001),(0.81424597082978323,0.10000000000000001),(0.91424598712185301,0.)));
#8229=IFCINDEXEDPOLYCURVE(#8228,(IFCLINEINDEX((1,2,3,4,1))),$);
#8230=IFCARBITRARYCLOSEDPROFILEDEF(.AREA.,$,#8229);
#8231=IFCCARTESIANPOINT((0.,0.,0.));
#8232=IFCDIRECTION((0.,0.,1.));
#8233=IFCDIRECTION((1.,0.,0.));
#8234=IFCAXIS2PLACEMENT3D(#8231,#8232,#8233);
#8235=IFCDIRECTION((0.,0.,1.));
#8236=IFCEXTRUDEDAREASOLID(#8230,#8234,#8235,3.);
#8237=IFCSHAPEREPRESENTATION(#11,'Body','SweptSolid',(#8236));
#8238=IFCCARTESIANPOINTLIST2D(((0.,0.),(0.91424598712185301,0.)));
#8239=IFCINDEXEDPOLYCURVE(#8238,$,$);
#8240=IFCSHAPEREPRESENTATION(#23,'Axis','Curve2D',(#8239));
#8241=IFCWALL('088vcCxMnBuOowUYpWPWIZ',$,'Wall',$,$,#8252,#8247,$,$);
#8242=IFCMATERIALLAYERSETUSAGE(#6474,.AXIS2.,.POSITIVE.,0.,$);
#8243=IFCRELASSOCIATESMATERIAL('2A7hHmaQL5VQxj1dHCOFMV',$,$,$,(#8241),#8242);
#8247=IFCPRODUCTDEFINITIONSHAPE($,$,(#8278,#8275));
#8248=IFCCARTESIANPOINT((4.2266054153442383,5.0035958290100098,0.));
#8249=IFCDIRECTION((0.,0.,1.));
#8250=IFCDIRECTION((-0.99999999999998868,-1.5099580252808492E-07,0.));
#8251=IFCAXIS2PLACEMENT3D(#8248,#8249,#8250);
#8252=IFCLOCALPLACEMENT(#6198,#8251);
#8263=IFCPROPERTYSET('3i1Skk38P4GO6Yz1K1VGOu',$,'EPset_Parametric',$,(#8265));
#8264=IFCRELDEFINESBYPROPERTIES('1eiNjYRS96Lgo6LUY9$jaE',$,$,$,(#8241),#8263);
#8265=IFCPROPERTYSINGLEVALUE('Engine',$,IFCLABEL('Bonsai.DumbLayer2'),$);
#8266=IFCCARTESIANPOINTLIST2D(((0.,0.),(0.,0.10000000000000001),(3.9697084245819005,0.10000000000000001),(3.9697084245819005,0.)));
#8267=IFCINDEXEDPOLYCURVE(#8266,(IFCLINEINDEX((1,2,3,4,1))),$);
#8268=IFCARBITRARYCLOSEDPROFILEDEF(.AREA.,$,#8267);
#8269=IFCCARTESIANPOINT((0.,0.,0.));
#8270=IFCDIRECTION((0.,0.,1.));
#8271=IFCDIRECTION((1.,0.,0.));
#8272=IFCAXIS2PLACEMENT3D(#8269,#8270,#8271);
#8273=IFCDIRECTION((0.,0.,1.));
#8274=IFCEXTRUDEDAREASOLID(#8268,#8272,#8273,3.);
#8275=IFCSHAPEREPRESENTATION(#11,'Body','SweptSolid',(#8274));
#8276=IFCCARTESIANPOINTLIST2D(((0.,0.),(3.9697084245819005,0.)));
#8277=IFCINDEXEDPOLYCURVE(#8276,$,$);
#8278=IFCSHAPEREPRESENTATION(#23,'Axis','Curve2D',(#8277));
#8370=IFCWALL('3YhHTo_dHE8u9kqHIF2eTg',$,'Wall',$,$,#8381,#8376,$,$);
#8371=IFCMATERIALLAYERSETUSAGE(#6474,.AXIS2.,.POSITIVE.,0.,$);
#8372=IFCRELASSOCIATESMATERIAL('0asddEWVnErx7wu16i1_cT',$,$,$,(#8370),#8371);
#8376=IFCPRODUCTDEFINITIONSHAPE($,$,(#8472,#8469));
#8377=IFCCARTESIANPOINT((4.2250542640686035,5.0101528167724609,0.));
#8378=IFCDIRECTION((0.,0.,1.));
#8379=IFCDIRECTION((-0.99999999999999623,8.7422776573475527E-08,0.));
#8380=IFCAXIS2PLACEMENT3D(#8377,#8378,#8379);
#8381=IFCLOCALPLACEMENT(#6198,#8380);
#8392=IFCPROPERTYSET('2vfpjFbt9BAgk0LZfNk4m3',$,'EPset_Parametric',$,(#8394));
#8393=IFCRELDEFINESBYPROPERTIES('3epAy5LZ90DhKmBhPKH7OE',$,$,$,(#8370),#8392);
#8394=IFCPROPERTYSINGLEVALUE('Engine',$,IFCLABEL('Bonsai.DumbLayer2'),$);
#8408=IFCWALL('2eS$5opWv10B1bQTXbSqUh',$,'Wall',$,$,#8419,#8414,$,$);
#8409=IFCMATERIALLAYERSETUSAGE(#6474,.AXIS2.,.POSITIVE.,0.,$);
#8410=IFCRELASSOCIATESMATERIAL('1zZtK9V612A8k8OSKKcbRE',$,$,$,(#8408),#8409);
#8414=IFCPRODUCTDEFINITIONSHAPE($,$,(#8459,#8456));
#8415=IFCCARTESIANPOINT((0.21660514175891876,5.5074462890625,0.));
#8416=IFCDIRECTION((0.,0.,1.));
#8417=IFCDIRECTION((7.5497901264043109E-08,-0.99999999999999711,0.));
#8418=IFCAXIS2PLACEMENT3D(#8415,#8416,#8417);
#8419=IFCLOCALPLACEMENT(#6198,#8418);
#8430=IFCPROPERTYSET('0JoLRBb6T8sg3yHRuhbpe$',$,'EPset_Parametric',$,(#8432));
#8431=IFCRELDEFINESBYPROPERTIES('2M6qo66j5AahZCnXBHGi5l',$,$,$,(#8408),#8430);
#8432=IFCPROPERTYSINGLEVALUE('Engine',$,IFCLABEL('Bonsai.DumbLayer2'),$);
#8446=IFCRELCONNECTSPATHELEMENTS('19Q1yWtSj1wQpmQmhxFEGd',$,$,$,$,#8408,#8370,(),(),.ATPATH.,.ATEND.);
#8447=IFCCARTESIANPOINTLIST2D(((0.,0.),(0.,0.10000000000000001),(0.49729313815235882,0.10000000000000001),(0.49729312186029101,0.)));
#8448=IFCINDEXEDPOLYCURVE(#8447,(IFCLINEINDEX((1,2,3,4,1))),$);
#8449=IFCARBITRARYCLOSEDPROFILEDEF(.AREA.,$,#8448);
#8450=IFCCARTESIANPOINT((0.,0.,0.));
#8451=IFCDIRECTION((0.,0.,1.));
#8452=IFCDIRECTION((1.,0.,0.));
#8453=IFCAXIS2PLACEMENT3D(#8450,#8451,#8452);
#8454=IFCDIRECTION((0.,0.,1.));
#8455=IFCEXTRUDEDAREASOLID(#8449,#8453,#8454,3.);
#8456=IFCSHAPEREPRESENTATION(#11,'Body','SweptSolid',(#8455));
#8457=IFCCARTESIANPOINTLIST2D(((0.,0.),(0.49729312186029101,0.)));
#8458=IFCINDEXEDPOLYCURVE(#8457,$,$);
#8459=IFCSHAPEREPRESENTATION(#23,'Axis','Curve2D',(#8458));
#8460=IFCCARTESIANPOINTLIST2D(((0.,0.),(0.,0.10000000000000001),(4.,0.10000000000000001),(4.,0.)));
#8461=IFCINDEXEDPOLYCURVE(#8460,(IFCLINEINDEX((1,2,3,4,1))),$);
#8462=IFCARBITRARYCLOSEDPROFILEDEF(.AREA.,$,#8461);
#8463=IFCCARTESIANPOINT((0.,0.,0.));
#8464=IFCDIRECTION((0.,0.,1.));
#8465=IFCDIRECTION((1.,0.,0.));
#8466=IFCAXIS2PLACEMENT3D(#8463,#8464,#8465);
#8467=IFCDIRECTION((0.,0.,1.));
#8468=IFCEXTRUDEDAREASOLID(#8462,#8466,#8467,3.);
#8469=IFCSHAPEREPRESENTATION(#11,'Body','SweptSolid',(#8468));
#8470=IFCCARTESIANPOINTLIST2D(((0.,0.),(4.,0.)));
#8471=IFCINDEXEDPOLYCURVE(#8470,$,$);
#8472=IFCSHAPEREPRESENTATION(#23,'Axis','Curve2D',(#8471));
#8473=IFCWALL('2w2wI6YrLFVuz363_exMI8',$,'Wall',$,$,#8484,#8479,$,$);
#8474=IFCMATERIALLAYERSETUSAGE(#6474,.AXIS2.,.POSITIVE.,0.,$);
#8475=IFCRELASSOCIATESMATERIAL('0NnCF2ZOPA9g5pLrl6n2Km',$,$,$,(#8473),#8474);
#8479=IFCPRODUCTDEFINITIONSHAPE($,$,(#8655,#8652));
#8480=IFCCARTESIANPOINT((0.21660514175891876,5.5074462890625,0.));
#8481=IFCDIRECTION((0.,0.,1.));
#8482=IFCDIRECTION((7.5497901264043109E-08,-0.99999999999999711,0.));
#8483=IFCAXIS2PLACEMENT3D(#8480,#8481,#8482);
#8484=IFCLOCALPLACEMENT(#6198,#8483);
#8495=IFCPROPERTYSET('2aJurzcKr1VOl$kDA_CZ1d',$,'EPset_Parametric',$,(#8497));
#8496=IFCRELDEFINESBYPROPERTIES('37VS$IVjTCR9JZG8jxYrU9',$,$,$,(#8473),#8495);
#8497=IFCPROPERTYSINGLEVALUE('Engine',$,IFCLABEL('Bonsai.DumbLayer2'),$);
#8511=IFCWALL('2niuzVR4f0pRut0rwHp2Dd',$,'Wall',$,$,#8522,#8517,$,$);
#8512=IFCMATERIALLAYERSETUSAGE(#6474,.AXIS2.,.POSITIVE.,0.,$);
#8513=IFCRELASSOCIATESMATERIAL('1h4TkO6XLDKg4YzxpqS3Cw',$,$,$,(#8511),#8512);
#8517=IFCPRODUCTDEFINITIONSHAPE($,$,(#8575,#8572));
#8518=IFCCARTESIANPOINT((4.2250485420227051,5.0045609474182129,0.));
#8519=IFCDIRECTION((0.,0.,1.));
#8520=IFCDIRECTION((-0.99999999999998868,-1.5099580252808492E-07,0.));
#8521=IFCAXIS2PLACEMENT3D(#8518,#8519,#8520);
#8522=IFCLOCALPLACEMENT(#6198,#8521);
#8533=IFCPROPERTYSET('1hULS6UgT9WRB7BZSuaIOu',$,'EPset_Parametric',$,(#8535));
#8534=IFCRELDEFINESBYPROPERTIES('2dj5NJ1gb5vgqA54DjVFoO',$,$,$,(#8511),#8533);
#8535=IFCPROPERTYSINGLEVALUE('Engine',$,IFCLABEL('Bonsai.DumbLayer2'),$);
#8549=IFCRELCONNECTSPATHELEMENTS('3iCZMioKjDvPHL0kgnqphW',$,$,$,$,#8473,#8511,(),(),.ATPATH.,.ATEND.);
#8563=IFCCARTESIANPOINTLIST2D(((0.,0.),(0.,0.10000000000000001),(4.0084347009563821,0.10000000000000001),(4.0084347009563821,0.)));
#8564=IFCINDEXEDPOLYCURVE(#8563,(IFCLINEINDEX((1,2,3,4,1))),$);
#8565=IFCARBITRARYCLOSEDPROFILEDEF(.AREA.,$,#8564);
#8566=IFCCARTESIANPOINT((0.,0.,0.));
#8567=IFCDIRECTION((0.,0.,1.));
#8568=IFCDIRECTION((1.,0.,0.));
#8569=IFCAXIS2PLACEMENT3D(#8566,#8567,#8568);
#8570=IFCDIRECTION((0.,0.,1.));
#8571=IFCEXTRUDEDAREASOLID(#8565,#8569,#8570,3.);
#8572=IFCSHAPEREPRESENTATION(#11,'Body','SweptSolid',(#8571));
#8573=IFCCARTESIANPOINTLIST2D(((0.,0.),(4.0084347009563821,0.)));
#8574=IFCINDEXEDPOLYCURVE(#8573,$,$);
#8575=IFCSHAPEREPRESENTATION(#23,'Axis','Curve2D',(#8574));
#8603=IFCRELCONNECTSPATHELEMENTS('3F5en_iTL1xOTwr7NucBC4',$,$,$,$,#8473,#7648,(),(),.ATSTART.,.ATSTART.);
#8617=IFCCARTESIANPOINTLIST2D(((-0.1000000000000003,0.),(7.5497901264042428E-09,0.10000000000000001),(3.4129918799796775,0.10000000000000001),(3.5129918605089605,0.)));
#8618=IFCINDEXEDPOLYCURVE(#8617,(IFCLINEINDEX((1,2,3,4,1))),$);
#8619=IFCARBITRARYCLOSEDPROFILEDEF(.AREA.,$,#8618);
#8620=IFCCARTESIANPOINT((0.,0.,0.));
#8621=IFCDIRECTION((0.,0.,1.));
#8622=IFCDIRECTION((1.,0.,0.));
#8623=IFCAXIS2PLACEMENT3D(#8620,#8621,#8622);
#8624=IFCDIRECTION((0.,0.,1.));
#8625=IFCEXTRUDEDAREASOLID(#8619,#8623,#8624,3.);
#8626=IFCSHAPEREPRESENTATION(#11,'Body','SweptSolid',(#8625));
#8627=IFCCARTESIANPOINTLIST2D(((0.,0.),(3.5129918605089605,0.)));
#8628=IFCINDEXEDPOLYCURVE(#8627,$,$);
#8629=IFCSHAPEREPRESENTATION(#23,'Axis','Curve2D',(#8628));
#8630=IFCCARTESIANPOINTLIST2D(((0.,0.),(0.10000000437113893,0.10000000000000001),(1.0024489093727236,0.10000000000000001),(1.0024489093727236,0.)));
#8631=IFCINDEXEDPOLYCURVE(#8630,(IFCLINEINDEX((1,2,3,4,1))),$);
#8632=IFCARBITRARYCLOSEDPROFILEDEF(.AREA.,$,#8631);
#8633=IFCCARTESIANPOINT((0.,0.,0.));
#8634=IFCDIRECTION((0.,0.,1.));
#8635=IFCDIRECTION((1.,0.,0.));
#8636=IFCAXIS2PLACEMENT3D(#8633,#8634,#8635);
#8637=IFCDIRECTION((0.,0.,1.));
#8638=IFCEXTRUDEDAREASOLID(#8632,#8636,#8637,3.);
#8639=IFCSHAPEREPRESENTATION(#11,'Body','SweptSolid',(#8638));
#8640=IFCCARTESIANPOINTLIST2D(((0.,0.),(1.0024489093727236,0.)));
#8641=IFCINDEXEDPOLYCURVE(#8640,$,$);
#8642=IFCSHAPEREPRESENTATION(#23,'Axis','Curve2D',(#8641));
#8643=IFCCARTESIANPOINTLIST2D(((0.1000000000000003,0.),(-7.5497901264042461E-09,0.10000000000000001),(0.50288593935262471,0.10000000000000001),(0.50288594690241484,0.)));
#8644=IFCINDEXEDPOLYCURVE(#8643,(IFCLINEINDEX((1,2,3,4,1))),$);
#8645=IFCARBITRARYCLOSEDPROFILEDEF(.AREA.,$,#8644);
#8646=IFCCARTESIANPOINT((0.,0.,0.));
#8647=IFCDIRECTION((0.,0.,1.));
#8648=IFCDIRECTION((1.,0.,0.));
#8649=IFCAXIS2PLACEMENT3D(#8646,#8647,#8648);
#8650=IFCDIRECTION((0.,0.,1.));
#8651=IFCEXTRUDEDAREASOLID(#8645,#8649,#8650,3.);
#8652=IFCSHAPEREPRESENTATION(#11,'Body','SweptSolid',(#8651));
#8653=IFCCARTESIANPOINTLIST2D(((0.,0.),(0.50288594690241484,0.)));
#8654=IFCINDEXEDPOLYCURVE(#8653,$,$);
#8655=IFCSHAPEREPRESENTATION(#23,'Axis','Curve2D',(#8654));
#8656=IFCWALL('0NVXeK55PB6Am0SwzLOmCi',$,'Wall',$,$,#8667,#8662,$,$);
#8657=IFCMATERIALLAYERSETUSAGE(#6474,.AXIS2.,.POSITIVE.,0.,$);
#8658=IFCRELASSOCIATESMATERIAL('0zsY2wn$H7Jxd_6iGE4R73',$,$,$,(#8656),#8657);
#8662=IFCPRODUCTDEFINITIONSHAPE($,$,(#8833,#8830));
#8663=IFCCARTESIANPOINT((0.21661378443241119,4.9045605659484863,0.));
#8664=IFCDIRECTION((0.,0.,1.));
#8665=IFCDIRECTION((0.0013066088763392381,-0.99999914638625775,0.));
#8666=IFCAXIS2PLACEMENT3D(#8663,#8664,#8665);
#8667=IFCLOCALPLACEMENT(#6198,#8666);
#8678=IFCPROPERTYSET('13OxS6b$5DcuNQfcUBxjLC',$,'EPset_Parametric',$,(#8680));
#8679=IFCRELDEFINESBYPROPERTIES('2md$U$vjnEKubjK3qYG_Pu',$,$,$,(#8656),#8678);
#8680=IFCPROPERTYSINGLEVALUE('Engine',$,IFCLABEL('Bonsai.DumbLayer2'),$);
#8694=IFCWALL('2rIId8cED0gv9MkfQBP9JP',$,'Wall',$,$,#8705,#8700,$,$);
#8695=IFCMATERIALLAYERSETUSAGE(#6474,.AXIS2.,.POSITIVE.,0.,$);
#8696=IFCRELASSOCIATESMATERIAL('2JHtorLF10NgghiOqS0eW3',$,$,$,(#8694),#8695);
#8700=IFCPRODUCTDEFINITIONSHAPE($,$,(#8731,#8728));
#8701=IFCCARTESIANPOINT((0.31960797309875488,2.6130661964416504,0.));
#8702=IFCDIRECTION((0.,0.,1.));
#8703=IFCDIRECTION((-0.99999999999998868,-1.5099580252808492E-07,0.));
#8704=IFCAXIS2PLACEMENT3D(#8701,#8702,#8703);
#8705=IFCLOCALPLACEMENT(#6198,#8704);
#8716=IFCPROPERTYSET('2OnVkSudH5wfkCZNFbhER3',$,'EPset_Parametric',$,(#8718));
#8717=IFCRELDEFINESBYPROPERTIES('0hTOXSATb9NBpomuzQH7n1',$,$,$,(#8694),#8716);
#8718=IFCPROPERTYSINGLEVALUE('Engine',$,IFCLABEL('Bonsai.DumbLayer2'),$);
#8719=IFCCARTESIANPOINTLIST2D(((0.,0.),(0.,0.10000000000000001),(3.5160191293831913,0.10000000000000001),(3.5160191293831913,0.)));
#8720=IFCINDEXEDPOLYCURVE(#8719,(IFCLINEINDEX((1,2,3,4,1))),$);
#8721=IFCARBITRARYCLOSEDPROFILEDEF(.AREA.,$,#8720);
#8722=IFCCARTESIANPOINT((0.,0.,0.));
#8723=IFCDIRECTION((0.,0.,1.));
#8724=IFCDIRECTION((1.,0.,0.));
#8725=IFCAXIS2PLACEMENT3D(#8722,#8723,#8724);
#8726=IFCDIRECTION((0.,0.,1.));
#8727=IFCEXTRUDEDAREASOLID(#8721,#8725,#8726,3.);
#8728=IFCSHAPEREPRESENTATION(#11,'Body','SweptSolid',(#8727));
#8729=IFCCARTESIANPOINTLIST2D(((0.,0.),(3.5160191293831913,0.)));
#8730=IFCINDEXEDPOLYCURVE(#8729,$,$);
#8731=IFCSHAPEREPRESENTATION(#23,'Axis','Curve2D',(#8730));
#8769=IFCWALL('1j817ELqL4TuA7rElvjuhQ',$,'Wall',$,$,#8780,#8775,$,$);
#8770=IFCMATERIALLAYERSETUSAGE(#6474,.AXIS2.,.POSITIVE.,0.,$);
#8771=IFCRELASSOCIATESMATERIAL('3QPapfLhn1xhcTGq7FX_WD',$,$,$,(#8769),#8770);
#8775=IFCPRODUCTDEFINITIONSHAPE($,$,(#8820,#8817));
#8776=IFCCARTESIANPOINT((-3.1963865756988525,2.5114238262176514,0.));
#8777=IFCDIRECTION((0.,0.,1.));
#8778=IFCDIRECTION((1.,0.,0.));
#8779=IFCAXIS2PLACEMENT3D(#8776,#8777,#8778);
#8780=IFCLOCALPLACEMENT(#6198,#8779);
#8791=IFCPROPERTYSET('1P_a7SUHj7bv53WTEUjZnm',$,'EPset_Parametric',$,(#8793));
#8792=IFCRELDEFINESBYPROPERTIES('14zv_JIijDt9w1JCJPgWfW',$,$,$,(#8769),#8791);
#8793=IFCPROPERTYSINGLEVALUE('Engine',$,IFCLABEL('Bonsai.DumbLayer2'),$);
#8807=IFCRELCONNECTSPATHELEMENTS('0IKvNhDZP3wQFF6QMYX2FS',$,$,$,$,#8769,#8656,(),(),.ATPATH.,.ATEND.);
#8808=IFCCARTESIANPOINTLIST2D(((0.,0.),(0.,0.10000000000000001),(3.4159965955076834,0.10000000000000001),(3.4161272565068512,0.)));
#8809=IFCINDEXEDPOLYCURVE(#8808,(IFCLINEINDEX((1,2,3,4,1))),$);
#8810=IFCARBITRARYCLOSEDPROFILEDEF(.AREA.,$,#8809);
#8811=IFCCARTESIANPOINT((0.,0.,0.));
#8812=IFCDIRECTION((0.,0.,1.));
#8813=IFCDIRECTION((1.,0.,0.));
#8814=IFCAXIS2PLACEMENT3D(#8811,#8812,#8813);
#8815=IFCDIRECTION((0.,0.,1.));
#8816=IFCEXTRUDEDAREASOLID(#8810,#8814,#8815,3.);
#8817=IFCSHAPEREPRESENTATION(#11,'Body','SweptSolid',(#8816));
#8818=IFCCARTESIANPOINTLIST2D(((0.,0.),(3.4161272565068512,0.)));
#8819=IFCINDEXEDPOLYCURVE(#8818,$,$);
#8820=IFCSHAPEREPRESENTATION(#23,'Axis','Curve2D',(#8819));
#8821=IFCCARTESIANPOINTLIST2D(((0.,0.),(0.,0.10000000000000001),(6.5397590484790573,0.10000000000000001),(6.5397590484790573,0.)));
#8822=IFCINDEXEDPOLYCURVE(#8821,(IFCLINEINDEX((1,2,3,4,1))),$);
#8823=IFCARBITRARYCLOSEDPROFILEDEF(.AREA.,$,#8822);
#8824=IFCCARTESIANPOINT((0.,0.,0.));
#8825=IFCDIRECTION((0.,0.,1.));
#8826=IFCDIRECTION((1.,0.,0.));
#8827=IFCAXIS2PLACEMENT3D(#8824,#8825,#8826);
#8828=IFCDIRECTION((0.,0.,1.));
#8829=IFCEXTRUDEDAREASOLID(#8823,#8827,#8828,3.);
#8830=IFCSHAPEREPRESENTATION(#11,'Body','SweptSolid',(#8829));
#8831=IFCCARTESIANPOINTLIST2D(((0.,0.),(6.5397590484790573,0.)));
#8832=IFCINDEXEDPOLYCURVE(#8831,$,$);
#8833=IFCSHAPEREPRESENTATION(#23,'Axis','Curve2D',(#8832));
#8834=IFCWALL('0gRotDj$fD$eaTqWEVh4to',$,'Wall',$,$,#8845,#8840,$,$);
#8835=IFCMATERIALLAYERSETUSAGE(#6474,.AXIS2.,.POSITIVE.,0.,$);
#8836=IFCRELASSOCIATESMATERIAL('0IqPXqT2z2yhOrF7hMttH2',$,$,$,(#8834),#8835);
#8840=IFCPRODUCTDEFINITIONSHAPE($,$,(#8885,#8882));
#8841=IFCCARTESIANPOINT((0.32254135608673096,0.36802405118942261,0.));
#8842=IFCDIRECTION((0.,0.,1.));
#8843=IFCDIRECTION((1.,0.,0.));
#8844=IFCAXIS2PLACEMENT3D(#8841,#8842,#8843);
#8845=IFCLOCALPLACEMENT(#6198,#8844);
#8856=IFCPROPERTYSET('2ZivRy8iz54A7ihoFau0Kk',$,'EPset_Parametric',$,(#8858));
#8857=IFCRELDEFINESBYPROPERTIES('1bdl9MpaP2QhO52LIhIhhH',$,$,$,(#8834),#8856);
#8858=IFCPROPERTYSINGLEVALUE('Engine',$,IFCLABEL('Bonsai.DumbLayer2'),$);
#8872=IFCRELCONNECTSPATHELEMENTS('23KEckOqT8rOo5A9Fnn5VD',$,$,$,$,#8834,#7573,(),(),.ATPATH.,.ATEND.);
#8873=IFCCARTESIANPOINTLIST2D(((0.,0.),(0.,0.10000000000000001),(3.7978105389447894,0.10000000000000001),(3.7977070100101349,0.)));
#8874=IFCINDEXEDPOLYCURVE(#8873,(IFCLINEINDEX((1,2,3,4,1))),$);
#8875=IFCARBITRARYCLOSEDPROFILEDEF(.AREA.,$,#8874);
#8876=IFCCARTESIANPOINT((0.,0.,0.));
#8877=IFCDIRECTION((0.,0.,1.));
#8878=IFCDIRECTION((1.,0.,0.));
#8879=IFCAXIS2PLACEMENT3D(#8876,#8877,#8878);
#8880=IFCDIRECTION((0.,0.,1.));
#8881=IFCEXTRUDEDAREASOLID(#8875,#8879,#8880,3.);
#8882=IFCSHAPEREPRESENTATION(#11,'Body','SweptSolid',(#8881));
#8883=IFCCARTESIANPOINTLIST2D(((0.,0.),(3.897707063601322,0.)));
#8884=IFCINDEXEDPOLYCURVE(#8883,$,$);
#8885=IFCSHAPEREPRESENTATION(#23,'Axis','Curve2D',(#8884));
#8886=IFCCARTESIANPOINTLIST2D(((0.,0.),(0.,0.10000000000000001),(9.5598995431964102,0.10000000000000001),(9.6600031169709144,0.)));
#8887=IFCINDEXEDPOLYCURVE(#8886,(IFCLINEINDEX((1,2,3,4,1))),$);
#8888=IFCARBITRARYCLOSEDPROFILEDEF(.AREA.,$,#8887);
#8889=IFCCARTESIANPOINT((0.,0.,0.));
#8890=IFCDIRECTION((0.,0.,1.));
#8891=IFCDIRECTION((1.,0.,0.));
#8892=IFCAXIS2PLACEMENT3D(#8889,#8890,#8891);
#8893=IFCDIRECTION((0.,0.,1.));
#8894=IFCEXTRUDEDAREASOLID(#8888,#8892,#8893,3.);
#8895=IFCSHAPEREPRESENTATION(#11,'Body','SweptSolid',(#8894));
#8896=IFCCARTESIANPOINTLIST2D(((0.,0.),(9.6600031169709144,0.)));
#8897=IFCINDEXEDPOLYCURVE(#8896,$,$);
#8898=IFCSHAPEREPRESENTATION(#23,'Axis','Curve2D',(#8897));
#8899=IFCDOORTYPE('2$0woMX9n3oQPsqNTGff8s',$,'MASTER-2F',$,$,(#8900),(#8902,#8910,#8979),$,$,.DOOR.,.SINGLE_SWING_LEFT.,$,$);
#8900=IFCPROPERTYSET('1NQ1mXZ5zBru3M5xO1bSGq',$,'BBIM_Door',$,(#8901));
#8901=IFCPROPERTYSINGLEVALUE('Data',$,IFCTEXT('{"door_type": "DOUBLE_SWING_RIGHT", "overall_height": 2.0, "overall_width": 0.8440665602684021, "lining_properties": {"lining_depth": 0.05000000074505806, "lining_thickness": 0.05000000074505806, "lining_offset": 0.0, "lining_to_panel_offset_x": 0.02500000037252903, "lining_to_panel_offset_y": 0.02500000037252903, "transom_thickness": 0.0, "casing_thickness": 0.07500000298023224, "casing_depth": 0.004999999888241291, "threshold_thickness": 0.02500000037252903, "threshold_depth": 0.10000000149011612, "threshold_offset": 0.0}, "panel_properties": {"panel_depth": 0.03500000014901161, "panel_width_ratio": 1.0}}'),$);
#8902=IFCREPRESENTATIONMAP(#8903,#9352);
#8903=IFCAXIS2PLACEMENT3D(#8904,#8905,#8906);
#8904=IFCCARTESIANPOINT((0.,0.,0.));
#8905=IFCDIRECTION((0.,0.,1.));
#8906=IFCDIRECTION((1.,0.,0.));
#8910=IFCREPRESENTATIONMAP(#8911,#9416);
#8911=IFCAXIS2PLACEMENT3D(#8912,#8913,#8914);
#8912=IFCCARTESIANPOINT((0.,0.,0.));
#8913=IFCDIRECTION((0.,0.,1.));
#8914=IFCDIRECTION((1.,0.,0.));
#8979=IFCREPRESENTATIONMAP(#8980,#9436);
#8980=IFCAXIS2PLACEMENT3D(#8981,#8982,#8983);
#8981=IFCCARTESIANPOINT((0.,0.,0.));
#8982=IFCDIRECTION((0.,0.,1.));
#8983=IFCDIRECTION((1.,0.,0.));
#9285=IFCDOOR('1$9yrLYnrDs8fJiyjiWSOg',$,'Door',$,$,#9461,#9294,$,2.,0.8440665602684021,$,.DOUBLE_SWING_RIGHT.,$);
#9286=IFCRELDEFINESBYTYPE('2FKldq9tT1VR3pUKxPncmc',$,$,$,(#9285),#8899);
#9287=IFCCARTESIANPOINT((0.,0.,0.));
#9288=IFCDIRECTION((1.,0.,0.));
#9289=IFCDIRECTION((0.,1.,0.));
#9290=IFCDIRECTION((0.,0.,1.));
#9291=IFCCARTESIANTRANSFORMATIONOPERATOR3D(#9288,#9289,#9287,1.,#9290);
#9292=IFCMAPPEDITEM(#8902,#9291);
#9293=IFCSHAPEREPRESENTATION(#18,'Profile','MappedRepresentation',(#9292));
#9294=IFCPRODUCTDEFINITIONSHAPE($,$,(#9293,#9301,#9308));
#9295=IFCCARTESIANPOINT((0.,0.,0.));
#9296=IFCDIRECTION((1.,0.,0.));
#9297=IFCDIRECTION((0.,1.,0.));
#9298=IFCDIRECTION((0.,0.,1.));
#9299=IFCCARTESIANTRANSFORMATIONOPERATOR3D(#9296,#9297,#9295,1.,#9298);
#9300=IFCMAPPEDITEM(#8910,#9299);
#9301=IFCSHAPEREPRESENTATION(#11,'Body','MappedRepresentation',(#9300));
#9302=IFCCARTESIANPOINT((0.,0.,0.));
#9303=IFCDIRECTION((1.,0.,0.));
#9304=IFCDIRECTION((0.,1.,0.));
#9305=IFCDIRECTION((0.,0.,1.));
#9306=IFCCARTESIANTRANSFORMATIONOPERATOR3D(#9303,#9304,#9302,1.,#9305);
#9307=IFCMAPPEDITEM(#8979,#9306);
#9308=IFCSHAPEREPRESENTATION(#24,'Body','MappedRepresentation',(#9307));
#9309=IFCOPENINGELEMENT('3$$APa9yP6sg5O0C9ypx6F',$,'Opening',$,$,#9456,#9337,$,.OPENING.);
#9325=IFCCARTESIANPOINT((0.,0.,0.));
#9326=IFCDIRECTION((1.,0.,0.));
#9327=IFCDIRECTION((0.,0.,1.));
#9328=IFCAXIS2PLACEMENT3D(#9325,#9327,#9326);
#9329=IFCREPRESENTATIONMAP(#9328,#9446);
#9330=IFCCARTESIANPOINT((0.,0.,0.));
#9331=IFCDIRECTION((1.,0.,0.));
#9332=IFCDIRECTION((0.,1.,0.));
#9333=IFCDIRECTION((0.,0.,1.));
#9334=IFCCARTESIANTRANSFORMATIONOPERATOR3D(#9331,#9332,#9330,1.,#9333);
#9335=IFCMAPPEDITEM(#9329,#9334);
#9336=IFCSHAPEREPRESENTATION(#11,'Body','MappedRepresentation',(#9335));
#9337=IFCPRODUCTDEFINITIONSHAPE($,$,(#9336));
#9338=IFCRELVOIDSELEMENT('1mGSw38590YgGoxVTYZamK',$,$,$,#8656,#9309);
#9344=IFCRELFILLSELEMENT('22O3QYFWbBCf1tcaAQIhcC',$,$,$,#9309,#9285);
#9350=IFCCARTESIANPOINTLIST3D(((0.,0.,0.),(0.8440665602684021,0.,0.),(0.8440665602684021,0.,2.),(0.,0.,2.)));
#9351=IFCINDEXEDPOLYCURVE(#9350,(IFCLINEINDEX((1,2,3,4,1))),$);
#9352=IFCSHAPEREPRESENTATION(#18,'Profile','Curve3D',(#9351));
#9353=IFCCARTESIANPOINTLIST2D(((0.,0.),(0.,2.),(0.8440665602684021,2.),(0.8440665602684021,0.),(0.81906655989587307,0.),(0.81906655989587307,1.974999999627471),(0.02500000037252903,1.974999999627471),(0.02500000037252903,0.)));
#9354=IFCINDEXEDPOLYCURVE(#9353,(IFCLINEINDEX((1,2,3,4,5,6,7,8,1))),$);
#9355=IFCARBITRARYCLOSEDPROFILEDEF(.AREA.,$,#9354);
#9356=IFCCARTESIANPOINT((0.,0.,0.));
#9357=IFCDIRECTION((0.,-1.,0.));
#9358=IFCDIRECTION((1.,0.,0.));
#9359=IFCAXIS2PLACEMENT3D(#9356,#9357,#9358);
#9360=IFCDIRECTION((0.,0.,-1.));
#9361=IFCEXTRUDEDAREASOLID(#9355,#9359,#9360,0.05000000074505806);
#9362=IFCCARTESIANPOINTLIST2D(((0.,0.),(0.79406655952334404,0.),(0.79406655952334404,0.10000000149011612),(0.,0.10000000149011612)));
#9363=IFCINDEXEDPOLYCURVE(#9362,(IFCLINEINDEX((1,2,3,4,1))),$);
#9364=IFCARBITRARYCLOSEDPROFILEDEF(.AREA.,$,#9363);
#9365=IFCCARTESIANPOINT((0.02500000037252903,0.,0.));
#9366=IFCDIRECTION((0.,0.,1.));
#9367=IFCDIRECTION((1.,0.,0.));
#9368=IFCAXIS2PLACEMENT3D(#9365,#9366,#9367);
#9369=IFCDIRECTION((0.,0.,1.));
#9370=IFCEXTRUDEDAREASOLID(#9364,#9368,#9369,0.02500000037252903);
#9371=IFCCARTESIANPOINTLIST2D(((0.,0.),(0.,2.0250000022351742),(0.89406656473875046,2.0250000022351742),(0.89406656473875046,0.),(0.84406656213104725,0.),(0.84406656213104725,1.974999999627471),(0.050000002607703209,1.974999999627471),(0.050000002607703209,0.)));
#9372=IFCINDEXEDPOLYCURVE(#9371,(IFCLINEINDEX((1,2,3,4,5,6,7,8,1))),$);
#9373=IFCARBITRARYCLOSEDPROFILEDEF(.AREA.,$,#9372);
#9374=IFCCARTESIANPOINT((-0.025000002235174179,-0.004999999888241291,0.));
#9375=IFCDIRECTION((0.,-1.,0.));
#9376=IFCDIRECTION((1.,0.,0.));
#9377=IFCAXIS2PLACEMENT3D(#9374,#9375,#9376);
#9378=IFCDIRECTION((0.,0.,-1.));
#9379=IFCEXTRUDEDAREASOLID(#9373,#9377,#9378,0.004999999888241291);
#9380=IFCCARTESIANPOINTLIST2D(((0.,0.),(0.,2.0250000022351742),(0.89406656473875046,2.0250000022351742),(0.89406656473875046,0.),(0.84406656213104725,0.),(0.84406656213104725,1.974999999627471),(0.050000002607703209,1.974999999627471),(0.050000002607703209,0.)));
#9381=IFCINDEXEDPOLYCURVE(#9380,(IFCLINEINDEX((1,2,3,4,5,6,7,8,1))),$);
#9382=IFCARBITRARYCLOSEDPROFILEDEF(.AREA.,$,#9381);
#9383=IFCCARTESIANPOINT((-0.025000002235174179,0.05000000074505806,0.));
#9384=IFCDIRECTION((0.,-1.,0.));
#9385=IFCDIRECTION((1.,0.,0.));
#9386=IFCAXIS2PLACEMENT3D(#9383,#9384,#9385);
#9387=IFCDIRECTION((0.,0.,-1.));
#9388=IFCEXTRUDEDAREASOLID(#9382,#9386,#9387,0.004999999888241291);
#9389=IFCCARTESIANPOINTLIST2D(((0.,0.),(0.79406655952334404,0.),(0.79406655952334404,0.035000000149011612),(0.,0.035000000149011612)));
#9390=IFCINDEXEDPOLYCURVE(#9389,(IFCLINEINDEX((1,2,3,4,1))),$);
#9391=IFCARBITRARYCLOSEDPROFILEDEF(.AREA.,$,#9390);
#9392=IFCCARTESIANPOINT((0.02500000037252903,0.02500000037252903,0.02500000037252903));
#9393=IFCDIRECTION((0.,0.,1.));
#9394=IFCDIRECTION((1.,0.,0.));
#9395=IFCAXIS2PLACEMENT3D(#9392,#9393,#9394);
#9396=IFCDIRECTION((0.,0.,1.));
#9397=IFCEXTRUDEDAREASOLID(#9391,#9395,#9396,1.9499999992549419);
#9398=IFCCARTESIANPOINTLIST2D(((0.,0.),(0.,-0.040000000000000001),(0.12,-0.040000000000000001),(0.12,-0.02),(0.02,-0.02),(0.02,0.)));
#9399=IFCINDEXEDPOLYCURVE(#9398,(IFCLINEINDEX((1,2,3,4,5,6,1))),$);
#9400=IFCARBITRARYCLOSEDPROFILEDEF(.AREA.,$,#9399);
#9401=IFCCARTESIANPOINT((0.075000000372529033,0.02500000037252903,1.015000000372529));
#9402=IFCDIRECTION((0.,0.,1.));
#9403=IFCDIRECTION((1.,0.,0.));
#9404=IFCAXIS2PLACEMENT3D(#9401,#9402,#9403);
#9405=IFCDIRECTION((0.,0.,1.));
#9406=IFCEXTRUDEDAREASOLID(#9400,#9404,#9405,0.02);
#9407=IFCEXTRUDEDAREASOLID(#9408,#9411,#9415,0.02);
#9408=IFCARBITRARYCLOSEDPROFILEDEF(.AREA.,$,#9409);
#9409=IFCINDEXEDPOLYCURVE(#9410,(IFCLINEINDEX((1,2,3,4,5,6,1))),$);
#9410=IFCCARTESIANPOINTLIST2D(((0.,0.),(0.,0.040000000000000008),(0.11999999999999998,0.040000000000000008),(0.11999999999999998,0.020000000000000004),(0.020000000000000004,0.020000000000000004),(0.020000000000000004,0.)));
#9411=IFCAXIS2PLACEMENT3D(#9412,#9413,#9414);
#9412=IFCCARTESIANPOINT((0.075000000372529033,0.060000000521540642,1.015000000372529));
#9413=IFCDIRECTION((0.,0.,1.));
#9414=IFCDIRECTION((1.,0.,0.));
#9415=IFCDIRECTION((0.,0.,1.));
#9416=IFCSHAPEREPRESENTATION(#11,'Body','SweptSolid',(#9361,#9397,#9406,#9407,#9370,#9379,#9388));
#9417=IFCSHAPEREPRESENTATION(#11,'Body','SweptSolid',(#9361,#9370,#9379,#9388));
#9418=IFCSHAPEASPECT((#9417),'Lining',$,.T.,#9294);
#9419=IFCSHAPEREPRESENTATION(#11,'Body','SweptSolid',(#9397,#9406,#9407));
#9420=IFCSHAPEASPECT((#9419),'Framing',$,.T.,#9294);
#9421=IFCCARTESIANPOINTLIST2D(((0.,0.),(0.02500000037252903,0.),(0.02500000037252903,0.05000000074505806),(0.,0.05000000074505806)));
#9422=IFCINDEXEDPOLYCURVE(#9421,(IFCLINEINDEX((1,2,3,4,1))),$);
#9423=IFCINDEXEDPOLYCURVE(#9424,(IFCLINEINDEX((1,2,3,4,1))),$);
#9424=IFCCARTESIANPOINTLIST2D(((0.8440665602684021,0.),(0.81906655989587307,0.),(0.81906655989587307,0.05000000074505806),(0.8440665602684021,0.05000000074505806)));
#9425=IFCCARTESIANPOINTLIST2D(((0.81906655989587307,0.05000000074505806),(0.81906655989587307,-0.74406655877828598),(0.78406655974686146,-0.74406655877828598)));
#9426=IFCINDEXEDPOLYCURVE(#9425,$,$);
#9427=IFCDIRECTION((1.,0.));
#9428=IFCCARTESIANPOINT((0.78406655974686146,0.05000000074505806));
#9429=IFCAXIS2PLACEMENT2D(#9428,#9427);
#9430=IFCELLIPSE(#9429,0.75906655937433243,0.79406655952334404);
#9431=IFCCARTESIANPOINT((0.78406655974686146,0.8440665602684021));
#9432=IFCCARTESIANPOINT((0.78406655974686146,-0.74406655877828598));
#9433=IFCTRIMMEDCURVE(#9430,(#9431),(#9432),.T.,.CARTESIAN.);
#9434=IFCCARTESIANPOINTLIST2D(((0.81906655989587307,0.05000000074505806),(0.78406655974686146,0.05000000074505806),(0.78406655974686146,0.8440665602684021),(0.81906655989587307,0.8440665602684021)));
#9435=IFCINDEXEDPOLYCURVE(#9434,(IFCLINEINDEX((1,2,3,4,1))),$);
#9436=IFCSHAPEREPRESENTATION(#24,'Body','Curve2D',(#9422,#9423,#9426,#9433,#9435));
#9437=IFCCARTESIANPOINTLIST2D(((0.,0.),(0.8440665602684021,0.),(0.8440665602684021,2.),(0.,2.)));
#9438=IFCINDEXEDPOLYCURVE(#9437,(IFCLINEINDEX((1,2,3,4,1))),$);
#9439=IFCARBITRARYCLOSEDPROFILEDEF(.AREA.,$,#9438);
#9440=IFCCARTESIANPOINT((0.,-0.60000002384185791,0.));
#9441=IFCDIRECTION((0.,-1.,0.));
#9442=IFCDIRECTION((1.,0.,0.));
#9443=IFCAXIS2PLACEMENT3D(#9440,#9441,#9442);
#9444=IFCDIRECTION((0.,0.,-1.));
#9445=IFCEXTRUDEDAREASOLID(#9439,#9443,#9444,1.2);
#9446=IFCSHAPEREPRESENTATION(#11,'Body','SweptSolid',(#9445));
#9452=IFCCARTESIANPOINT((3.341729163166085,0.10000001016121918,0.));
#9453=IFCDIRECTION((0.,0.,1.));
#9454=IFCDIRECTION((-0.99999999999999956,3.1781355122693228E-08,0.));
#9455=IFCAXIS2PLACEMENT3D(#9452,#9453,#9454);
#9456=IFCLOCALPLACEMENT(#8667,#9455);
#9457=IFCCARTESIANPOINT((-8.8817841970012523E-16,-1.1102230246251565E-16,0.));
#9458=IFCDIRECTION((0.,0.,1.));
#9459=IFCDIRECTION((1.,2.1684043449710089E-19,0.));
#9460=IFCAXIS2PLACEMENT3D(#9457,#9458,#9459);
#9461=IFCLOCALPLACEMENT(#9456,#9460);
#9462=IFCDOORTYPE('0tnblNRlD7bR0d_ZaujEOd',$,'BEDROOM-1-2F',$,$,(#9463),(#9465,#9473,#9542),$,$,.DOOR.,.SINGLE_SWING_LEFT.,$,$);
#9463=IFCPROPERTYSET('3SOoolvwD3buJOma9f6X2c',$,'BBIM_Door',$,(#9464));
#9464=IFCPROPERTYSINGLEVALUE('Data',$,IFCTEXT('{"door_type": "SINGLE_SWING_LEFT", "overall_height": 2.0, "overall_width": 0.834307074546814, "lining_properties": {"lining_depth": 0.05000000074505806, "lining_thickness": 0.05000000074505806, "lining_offset": 0.0, "lining_to_panel_offset_x": 0.02500000037252903, "lining_to_panel_offset_y": 0.02500000037252903, "transom_thickness": 0.0, "casing_thickness": 0.07500000298023224, "casing_depth": 0.004999999888241291, "threshold_thickness": 0.02500000037252903, "threshold_depth": 0.10000000149011612, "threshold_offset": 0.0}, "panel_properties": {"panel_depth": 0.03500000014901161, "panel_width_ratio": 1.0}}'),$);
#9465=IFCREPRESENTATIONMAP(#9466,#9695);
#9466=IFCAXIS2PLACEMENT3D(#9467,#9468,#9469);
#9467=IFCCARTESIANPOINT((0.,0.,0.));
#9468=IFCDIRECTION((0.,0.,1.));
#9469=IFCDIRECTION((1.,0.,0.));
#9473=IFCREPRESENTATIONMAP(#9474,#9768);
#9474=IFCAXIS2PLACEMENT3D(#9475,#9476,#9477);
#9475=IFCCARTESIANPOINT((0.,0.,0.));
#9476=IFCDIRECTION((0.,0.,1.));
#9477=IFCDIRECTION((1.,0.,0.));
#9542=IFCREPRESENTATIONMAP(#9543,#9786);
#9543=IFCAXIS2PLACEMENT3D(#9544,#9545,#9546);
#9544=IFCCARTESIANPOINT((0.,0.,0.));
#9545=IFCDIRECTION((0.,0.,1.));
#9546=IFCDIRECTION((1.,0.,0.));
#9628=IFCDOOR('2_MZEhtUbEduPBd6D7GFVW',$,'Door',$,$,#9811,#9637,$,2.,0.83430707454681396,$,.SINGLE_SWING_LEFT.,$);
#9629=IFCRELDEFINESBYTYPE('0iMI5MRcT6wOI8xIezo3H8',$,$,$,(#9628),#9462);
#9630=IFCCARTESIANPOINT((0.,0.,0.));
#9631=IFCDIRECTION((1.,0.,0.));
#9632=IFCDIRECTION((0.,1.,0.));
#9633=IFCDIRECTION((0.,0.,1.));
#9634=IFCCARTESIANTRANSFORMATIONOPERATOR3D(#9631,#9632,#9630,1.,#9633);
#9635=IFCMAPPEDITEM(#9465,#9634);
#9636=IFCSHAPEREPRESENTATION(#18,'Profile','MappedRepresentation',(#9635));
#9637=IFCPRODUCTDEFINITIONSHAPE($,$,(#9636,#9644,#9651));
#9638=IFCCARTESIANPOINT((0.,0.,0.));
#9639=IFCDIRECTION((1.,0.,0.));
#9640=IFCDIRECTION((0.,1.,0.));
#9641=IFCDIRECTION((0.,0.,1.));
#9642=IFCCARTESIANTRANSFORMATIONOPERATOR3D(#9639,#9640,#9638,1.,#9641);
#9643=IFCMAPPEDITEM(#9473,#9642);
#9644=IFCSHAPEREPRESENTATION(#11,'Body','MappedRepresentation',(#9643));
#9645=IFCCARTESIANPOINT((0.,0.,0.));
#9646=IFCDIRECTION((1.,0.,0.));
#9647=IFCDIRECTION((0.,1.,0.));
#9648=IFCDIRECTION((0.,0.,1.));
#9649=IFCCARTESIANTRANSFORMATIONOPERATOR3D(#9646,#9647,#9645,1.,#9648);
#9650=IFCMAPPEDITEM(#9542,#9649);
#9651=IFCSHAPEREPRESENTATION(#24,'Body','MappedRepresentation',(#9650));
#9652=IFCOPENINGELEMENT('0WBeMjgWDBDRWBNVD43_uA',$,'Opening',$,$,#9806,#9680,$,.OPENING.);
#9668=IFCCARTESIANPOINT((0.,0.,0.));
#9669=IFCDIRECTION((1.,0.,0.));
#9670=IFCDIRECTION((0.,0.,1.));
#9671=IFCAXIS2PLACEMENT3D(#9668,#9670,#9669);
#9672=IFCREPRESENTATIONMAP(#9671,#9796);
#9673=IFCCARTESIANPOINT((0.,0.,0.));
#9674=IFCDIRECTION((1.,0.,0.));
#9675=IFCDIRECTION((0.,1.,0.));
#9676=IFCDIRECTION((0.,0.,1.));
#9677=IFCCARTESIANTRANSFORMATIONOPERATOR3D(#9674,#9675,#9673,1.,#9676);
#9678=IFCMAPPEDITEM(#9672,#9677);
#9679=IFCSHAPEREPRESENTATION(#11,'Body','MappedRepresentation',(#9678));
#9680=IFCPRODUCTDEFINITIONSHAPE($,$,(#9679));
#9681=IFCRELVOIDSELEMENT('0dvKR_ITT0MRkpCmzKHDs$',$,$,$,#8656,#9652);
#9687=IFCRELFILLSELEMENT('0Jvq56RE5DjPMbRcbfhCHm',$,$,$,#9652,#9628);
#9693=IFCCARTESIANPOINTLIST3D(((0.,0.,0.),(0.83430707454681396,0.,0.),(0.83430707454681396,0.,2.),(0.,0.,2.)));
#9694=IFCINDEXEDPOLYCURVE(#9693,(IFCLINEINDEX((1,2,3,4,1))),$);
#9695=IFCSHAPEREPRESENTATION(#18,'Profile','Curve3D',(#9694));
#9696=IFCCARTESIANPOINTLIST2D(((0.,0.),(0.,2.),(0.83430707454681396,2.),(0.83430707454681396,0.),(0.80930707417428493,0.),(0.80930707417428493,1.974999999627471),(0.02500000037252903,1.974999999627471),(0.02500000037252903,0.)));
#9697=IFCINDEXEDPOLYCURVE(#9696,(IFCLINEINDEX((1,2,3,4,5,6,7,8,1))),$);
#9698=IFCARBITRARYCLOSEDPROFILEDEF(.AREA.,$,#9697);
#9699=IFCCARTESIANPOINT((0.,0.02500000037252903,0.));
#9700=IFCDIRECTION((0.,-1.,0.));
#9701=IFCDIRECTION((1.,0.,0.));
#9702=IFCAXIS2PLACEMENT3D(#9699,#9700,#9701);
#9703=IFCDIRECTION((0.,0.,-1.));
#9704=IFCEXTRUDEDAREASOLID(#9698,#9702,#9703,0.02500000037252903);
#9705=IFCCARTESIANPOINTLIST2D(((0.,0.),(0.,2.),(0.83430707454681396,2.),(0.83430707454681396,0.),(0.78430707380175591,0.),(0.78430707380175591,1.9499999992549419),(0.05000000074505806,1.9499999992549419),(0.05000000074505806,0.)));
#9706=IFCINDEXEDPOLYCURVE(#9705,(IFCLINEINDEX((1,2,3,4,5,6,7,8,1))),$);
#9707=IFCARBITRARYCLOSEDPROFILEDEF(.AREA.,$,#9706);
#9708=IFCCARTESIANPOINT((0.,0.,0.));
#9709=IFCDIRECTION((0.,-1.,0.));
#9710=IFCDIRECTION((1.,0.,0.));
#9711=IFCAXIS2PLACEMENT3D(#9708,#9709,#9710);
#9712=IFCDIRECTION((0.,0.,-1.));
#9713=IFCEXTRUDEDAREASOLID(#9707,#9711,#9712,0.02500000037252903);
#9714=IFCCARTESIANPOINTLIST2D(((0.,0.),(0.73430707305669785,0.),(0.73430707305669785,0.10000000149011612),(0.,0.10000000149011612)));
#9715=IFCINDEXEDPOLYCURVE(#9714,(IFCLINEINDEX((1,2,3,4,1))),$);
#9716=IFCARBITRARYCLOSEDPROFILEDEF(.AREA.,$,#9715);
#9717=IFCCARTESIANPOINT((0.05000000074505806,0.,0.));
#9718=IFCDIRECTION((0.,0.,1.));
#9719=IFCDIRECTION((1.,0.,0.));
#9720=IFCAXIS2PLACEMENT3D(#9717,#9718,#9719);
#9721=IFCDIRECTION((0.,0.,1.));
#9722=IFCEXTRUDEDAREASOLID(#9716,#9720,#9721,0.02500000037252903);
#9723=IFCCARTESIANPOINTLIST2D(((0.,0.),(0.,2.0250000022351742),(0.88430707901716232,2.0250000022351742),(0.88430707901716232,0.),(0.80930707603693008,0.),(0.80930707603693008,1.9499999992549419),(0.075000002980232239,1.9499999992549419),(0.075000002980232239,0.)));
#9724=IFCINDEXEDPOLYCURVE(#9723,(IFCLINEINDEX((1,2,3,4,5,6,7,8,1))),$);
#9725=IFCARBITRARYCLOSEDPROFILEDEF(.AREA.,$,#9724);
#9726=IFCCARTESIANPOINT((-0.025000002235174179,-0.004999999888241291,0.));
#9727=IFCDIRECTION((0.,-1.,0.));
#9728=IFCDIRECTION((1.,0.,0.));
#9729=IFCAXIS2PLACEMENT3D(#9726,#9727,#9728);
#9730=IFCDIRECTION((0.,0.,-1.));
#9731=IFCEXTRUDEDAREASOLID(#9725,#9729,#9730,0.004999999888241291);
#9732=IFCCARTESIANPOINTLIST2D(((0.,0.),(0.,2.0250000022351742),(0.88430707901716232,2.0250000022351742),(0.88430707901716232,0.),(0.83430707640945911,0.),(0.83430707640945911,1.974999999627471),(0.050000002607703209,1.974999999627471),(0.050000002607703209,0.)));
#9733=IFCINDEXEDPOLYCURVE(#9732,(IFCLINEINDEX((1,2,3,4,5,6,7,8,1))),$);
#9734=IFCARBITRARYCLOSEDPROFILEDEF(.AREA.,$,#9733);
#9735=IFCCARTESIANPOINT((-0.025000002235174179,0.05000000074505806,0.));
#9736=IFCDIRECTION((0.,-1.,0.));
#9737=IFCDIRECTION((1.,0.,0.));
#9738=IFCAXIS2PLACEMENT3D(#9735,#9736,#9737);
#9739=IFCDIRECTION((0.,0.,-1.));
#9740=IFCEXTRUDEDAREASOLID(#9734,#9738,#9739,0.004999999888241291);
#9741=IFCCARTESIANPOINTLIST2D(((0.,0.),(0.78430707380175591,0.),(0.78430707380175591,0.035000000149011612),(0.,0.035000000149011612)));
#9742=IFCINDEXEDPOLYCURVE(#9741,(IFCLINEINDEX((1,2,3,4,1))),$);
#9743=IFCARBITRARYCLOSEDPROFILEDEF(.AREA.,$,#9742);
#9744=IFCCARTESIANPOINT((0.02500000037252903,0.02500000037252903,0.02500000037252903));
#9745=IFCDIRECTION((0.,0.,1.));
#9746=IFCDIRECTION((1.,0.,0.));
#9747=IFCAXIS2PLACEMENT3D(#9744,#9745,#9746);
#9748=IFCDIRECTION((0.,0.,1.));
#9749=IFCEXTRUDEDAREASOLID(#9743,#9747,#9748,1.9499999992549419);
#9750=IFCCARTESIANPOINTLIST2D(((0.,0.),(0.,-0.040000000000000001),(-0.11999999999999988,-0.040000000000000001),(-0.11999999999999988,-0.02),(-0.020000000000000018,-0.02),(-0.020000000000000018,0.)));
#9751=IFCINDEXEDPOLYCURVE(#9750,(IFCLINEINDEX((1,2,3,4,5,6,1))),$);
#9752=IFCARBITRARYCLOSEDPROFILEDEF(.AREA.,$,#9751);
#9753=IFCCARTESIANPOINT((0.75930707417428489,0.02500000037252903,1.015000000372529));
#9754=IFCDIRECTION((0.,0.,1.));
#9755=IFCDIRECTION((1.,0.,0.));
#9756=IFCAXIS2PLACEMENT3D(#9753,#9754,#9755);
#9757=IFCDIRECTION((0.,0.,1.));
#9758=IFCEXTRUDEDAREASOLID(#9752,#9756,#9757,0.02);
#9759=IFCEXTRUDEDAREASOLID(#9760,#9763,#9767,0.02);
#9760=IFCARBITRARYCLOSEDPROFILEDEF(.AREA.,$,#9761);
#9761=IFCINDEXEDPOLYCURVE(#9762,(IFCLINEINDEX((1,2,3,4,5,6,1))),$);
#9762=IFCCARTESIANPOINTLIST2D(((0.,0.),(0.,0.040000000000000008),(-0.11999999999999988,0.040000000000000008),(-0.11999999999999988,0.020000000000000004),(-0.020000000000000018,0.020000000000000004),(-0.020000000000000018,0.)));
#9763=IFCAXIS2PLACEMENT3D(#9764,#9765,#9766);
#9764=IFCCARTESIANPOINT((0.75930707417428489,0.060000000521540642,1.015000000372529));
#9765=IFCDIRECTION((0.,0.,1.));
#9766=IFCDIRECTION((1.,0.,0.));
#9767=IFCDIRECTION((0.,0.,1.));
#9768=IFCSHAPEREPRESENTATION(#11,'Body','SweptSolid',(#9704,#9713,#9749,#9758,#9759,#9722,#9731,#9740));
#9769=IFCSHAPEREPRESENTATION(#11,'Body','SweptSolid',(#9704,#9713,#9722,#9731,#9740));
#9770=IFCSHAPEASPECT((#9769),'Lining',$,.T.,#9637);
#9771=IFCSHAPEREPRESENTATION(#11,'Body','SweptSolid',(#9749,#9758,#9759));
#9772=IFCSHAPEASPECT((#9771),'Framing',$,.T.,#9637);
#9773=IFCCARTESIANPOINTLIST2D(((0.,0.),(0.,0.05000000074505806),(0.02500000037252903,0.05000000074505806),(0.02500000037252903,0.02500000037252903),(0.05000000074505806,0.02500000037252903),(0.05000000074505806,0.)));
#9774=IFCINDEXEDPOLYCURVE(#9773,(IFCLINEINDEX((1,2,3,4,5,6,1))),$);
#9775=IFCINDEXEDPOLYCURVE(#9776,(IFCLINEINDEX((1,2,3,4,5,6,1))),$);
#9776=IFCCARTESIANPOINTLIST2D(((0.83430707454681396,0.),(0.83430707454681396,0.05000000074505806),(0.80930707417428493,0.05000000074505806),(0.80930707417428493,0.02500000037252903),(0.78430707380175591,0.02500000037252903),(0.78430707380175591,0.)));
#9777=IFCDIRECTION((1.,0.));
#9778=IFCCARTESIANPOINT((0.060000000521540642,0.05000000074505806));
#9779=IFCAXIS2PLACEMENT2D(#9778,#9777);
#9780=IFCELLIPSE(#9779,0.74930707365274429,0.78430707380175591);
#9781=IFCCARTESIANPOINT((0.80930707417428493,0.05000000074505806));
#9782=IFCCARTESIANPOINT((0.060000000521540642,0.83430707454681396));
#9783=IFCTRIMMEDCURVE(#9780,(#9781),(#9782),.T.,.CARTESIAN.);
#9784=IFCCARTESIANPOINTLIST2D(((0.02500000037252903,0.05000000074505806),(0.060000000521540642,0.05000000074505806),(0.060000000521540642,0.83430707454681396),(0.02500000037252903,0.83430707454681396)));
#9785=IFCINDEXEDPOLYCURVE(#9784,(IFCLINEINDEX((1,2,3,4,1))),$);
#9786=IFCSHAPEREPRESENTATION(#24,'Body','Curve2D',(#9774,#9775,#9783,#9785));
#9787=IFCCARTESIANPOINTLIST2D(((0.,0.),(0.83430707454681396,0.),(0.83430707454681396,2.),(0.,2.)));
#9788=IFCINDEXEDPOLYCURVE(#9787,(IFCLINEINDEX((1,2,3,4,1))),$);
#9789=IFCARBITRARYCLOSEDPROFILEDEF(.AREA.,$,#9788);
#9790=IFCCARTESIANPOINT((0.,-0.60000002384185791,0.));
#9791=IFCDIRECTION((0.,-1.,0.));
#9792=IFCDIRECTION((1.,0.,0.));
#9793=IFCAXIS2PLACEMENT3D(#9790,#9791,#9792);
#9794=IFCDIRECTION((0.,0.,-1.));
#9795=IFCEXTRUDEDAREASOLID(#9789,#9793,#9794,1.2);
#9796=IFCSHAPEREPRESENTATION(#11,'Body','SweptSolid',(#9795));
#9802=IFCCARTESIANPOINT((2.109742304122193,0.10000002228766303,0.));
#9803=IFCDIRECTION((0.,0.,1.));
#9804=IFCDIRECTION((-0.99999999999999956,3.1781355122693228E-08,0.));
#9805=IFCAXIS2PLACEMENT3D(#9802,#9803,#9804);
#9806=IFCLOCALPLACEMENT(#8667,#9805);
#9807=IFCCARTESIANPOINT((-4.4408920985006262E-16,5.5511151231257827E-17,0.));
#9808=IFCDIRECTION((0.,0.,1.));
#9809=IFCDIRECTION((1.,2.1684043449710089E-19,0.));
#9810=IFCAXIS2PLACEMENT3D(#9807,#9808,#9809);
#9811=IFCLOCALPLACEMENT(#9806,#9810);
#9812=IFCDOORTYPE('1xtS5$DRvFZAUPpARdZCCl',$,'TOILET-2F',$,$,(#9813),(#9815,#9823,#9901),$,$,.DOOR.,.SINGLE_SWING_LEFT.,$,$);
#9813=IFCPROPERTYSET('12j1JAOZDBmRxo77Uubldj',$,'BBIM_Door',$,(#9814));
#9814=IFCPROPERTYSINGLEVALUE('Data',$,IFCTEXT('{"door_type": "SINGLE_SWING_RIGHT", "overall_height": 2.0, "overall_width": 0.8630244731903076, "lining_properties": {"lining_depth": 0.05000000074505806, "lining_thickness": 0.05000000074505806, "lining_offset": 0.0, "lining_to_panel_offset_x": 0.02500000037252903, "lining_to_panel_offset_y": 0.02500000037252903, "transom_thickness": 0.0, "casing_thickness": 0.07500000298023224, "casing_depth": 0.004999999888241291, "threshold_thickness": 0.02500000037252903, "threshold_depth": 0.10000000149011612, "threshold_offset": 0.0}, "panel_properties": {"panel_depth": 0.03500000014901161, "panel_width_ratio": 1.0}}'),$);
#9815=IFCREPRESENTATIONMAP(#9816,#10531);
#9816=IFCAXIS2PLACEMENT3D(#9817,#9818,#9819);
#9817=IFCCARTESIANPOINT((0.,0.,0.));
#9818=IFCDIRECTION((0.,0.,1.));
#9819=IFCDIRECTION((1.,0.,0.));
#9823=IFCREPRESENTATIONMAP(#9824,#10604);
#9824=IFCAXIS2PLACEMENT3D(#9825,#9826,#9827);
#9825=IFCCARTESIANPOINT((0.,0.,0.));
#9826=IFCDIRECTION((0.,0.,1.));
#9827=IFCDIRECTION((1.,0.,0.));
#9901=IFCREPRESENTATIONMAP(#9902,#10618);
#9902=IFCAXIS2PLACEMENT3D(#9903,#9904,#9905);
#9903=IFCCARTESIANPOINT((0.,0.,0.));
#9904=IFCDIRECTION((0.,0.,1.));
#9905=IFCDIRECTION((1.,0.,0.));
#9920=IFCDOOR('3DTScbh2jDFRlIaBh7uBbB',$,'Door',$,$,#10658,#9929,$,2.,0.86302447319030762,$,.SINGLE_SWING_LEFT.,$);
#9921=IFCRELDEFINESBYTYPE('343N2Sy$j7bRUuTP56N_Pu',$,$,$,(#10212,#9920),#9812);
#9922=IFCCARTESIANPOINT((0.,0.,0.));
#9923=IFCDIRECTION((1.,0.,0.));
#9924=IFCDIRECTION((0.,1.,0.));
#9925=IFCDIRECTION((0.,0.,1.));
#9926=IFCCARTESIANTRANSFORMATIONOPERATOR3D(#9923,#9924,#9922,1.,#9925);
#9927=IFCMAPPEDITEM(#9815,#9926);
#9928=IFCSHAPEREPRESENTATION(#18,'Profile','MappedRepresentation',(#9927));
#9929=IFCPRODUCTDEFINITIONSHAPE($,$,(#9928,#9936,#9943));
#9930=IFCCARTESIANPOINT((0.,0.,0.));
#9931=IFCDIRECTION((1.,0.,0.));
#9932=IFCDIRECTION((0.,1.,0.));
#9933=IFCDIRECTION((0.,0.,1.));
#9934=IFCCARTESIANTRANSFORMATIONOPERATOR3D(#9931,#9932,#9930,1.,#9933);
#9935=IFCMAPPEDITEM(#9823,#9934);
#9936=IFCSHAPEREPRESENTATION(#11,'Body','MappedRepresentation',(#9935));
#9937=IFCCARTESIANPOINT((0.,0.,0.));
#9938=IFCDIRECTION((1.,0.,0.));
#9939=IFCDIRECTION((0.,1.,0.));
#9940=IFCDIRECTION((0.,0.,1.));
#9941=IFCCARTESIANTRANSFORMATIONOPERATOR3D(#9938,#9939,#9937,1.,#9940);
#9942=IFCMAPPEDITEM(#9901,#9941);
#9943=IFCSHAPEREPRESENTATION(#24,'Body','MappedRepresentation',(#9942));
#9944=IFCOPENINGELEMENT('39iuU2wWPFd8e$nLzmagoL',$,'Opening',$,$,#10653,#9972,$,.OPENING.);
#9960=IFCCARTESIANPOINT((0.,0.,0.));
#9961=IFCDIRECTION((1.,0.,0.));
#9962=IFCDIRECTION((0.,0.,1.));
#9963=IFCAXIS2PLACEMENT3D(#9960,#9962,#9961);
#9964=IFCREPRESENTATIONMAP(#9963,#10628);
#9965=IFCCARTESIANPOINT((0.,0.,0.));
#9966=IFCDIRECTION((1.,0.,0.));
#9967=IFCDIRECTION((0.,1.,0.));
#9968=IFCDIRECTION((0.,0.,1.));
#9969=IFCCARTESIANTRANSFORMATIONOPERATOR3D(#9966,#9967,#9965,1.,#9968);
#9970=IFCMAPPEDITEM(#9964,#9969);
#9971=IFCSHAPEREPRESENTATION(#11,'Body','MappedRepresentation',(#9970));
#9972=IFCPRODUCTDEFINITIONSHAPE($,$,(#9971));
#9973=IFCRELVOIDSELEMENT('3aQp2hq8X5$gKL4SGAl6WQ',$,$,$,#8511,#9944);
#9979=IFCRELFILLSELEMENT('1VWFKrdPnA5OB$6ox0cWAM',$,$,$,#9944,#9920);
#9988=IFCCARTESIANPOINTLIST2D(((0.,0.),(0.,2.),(0.71652066707611084,2.),(0.71652066707611084,0.),(0.69152066670358181,0.),(0.69152066670358181,1.974999999627471),(0.02500000037252903,1.974999999627471),(0.02500000037252903,0.)));
#9989=IFCINDEXEDPOLYCURVE(#9988,(IFCLINEINDEX((1,2,3,4,5,6,7,8,1))),$);
#9990=IFCARBITRARYCLOSEDPROFILEDEF(.AREA.,$,#9989);
#9991=IFCCARTESIANPOINT((0.,0.02500000037252903,0.));
#9992=IFCDIRECTION((0.,-1.,0.));
#9993=IFCDIRECTION((1.,0.,0.));
#9994=IFCAXIS2PLACEMENT3D(#9991,#9992,#9993);
#9995=IFCDIRECTION((0.,0.,-1.));
#9996=IFCEXTRUDEDAREASOLID(#9990,#9994,#9995,0.02500000037252903);
#9997=IFCCARTESIANPOINTLIST2D(((0.,0.),(0.,2.),(0.71652066707611084,2.),(0.71652066707611084,0.),(0.66652066633105278,0.),(0.66652066633105278,1.9499999992549419),(0.05000000074505806,1.9499999992549419),(0.05000000074505806,0.)));
#9998=IFCINDEXEDPOLYCURVE(#9997,(IFCLINEINDEX((1,2,3,4,5,6,7,8,1))),$);
#9999=IFCARBITRARYCLOSEDPROFILEDEF(.AREA.,$,#9998);
#10000=IFCCARTESIANPOINT((0.,0.,0.));
#10001=IFCDIRECTION((0.,-1.,0.));
#10002=IFCDIRECTION((1.,0.,0.));
#10003=IFCAXIS2PLACEMENT3D(#10000,#10001,#10002);
#10004=IFCDIRECTION((0.,0.,-1.));
#10005=IFCEXTRUDEDAREASOLID(#9999,#10003,#10004,0.02500000037252903);
#10006=IFCCARTESIANPOINTLIST2D(((0.,0.),(0.61652066558599472,0.),(0.61652066558599472,0.10000000149011612),(0.,0.10000000149011612)));
#10007=IFCINDEXEDPOLYCURVE(#10006,(IFCLINEINDEX((1,2,3,4,1))),$);
#10008=IFCARBITRARYCLOSEDPROFILEDEF(.AREA.,$,#10007);
#10009=IFCCARTESIANPOINT((0.05000000074505806,0.,0.));
#10010=IFCDIRECTION((0.,0.,1.));
#10011=IFCDIRECTION((1.,0.,0.));
#10012=IFCAXIS2PLACEMENT3D(#10009,#10010,#10011);
#10013=IFCDIRECTION((0.,0.,1.));
#10014=IFCEXTRUDEDAREASOLID(#10008,#10012,#10013,0.02500000037252903);
#10015=IFCCARTESIANPOINTLIST2D(((0.,0.),(0.,2.0250000022351742),(0.7665206715464592,2.0250000022351742),(0.7665206715464592,0.),(0.69152066856622696,0.),(0.69152066856622696,1.9499999992549419),(0.075000002980232239,1.9499999992549419),(0.075000002980232239,0.)));
#10016=IFCINDEXEDPOLYCURVE(#10015,(IFCLINEINDEX((1,2,3,4,5,6,7,8,1))),$);
#10017=IFCARBITRARYCLOSEDPROFILEDEF(.AREA.,$,#10016);
#10018=IFCCARTESIANPOINT((-0.025000002235174179,-0.004999999888241291,0.));
#10019=IFCDIRECTION((0.,-1.,0.));
#10020=IFCDIRECTION((1.,0.,0.));
#10021=IFCAXIS2PLACEMENT3D(#10018,#10019,#10020);
#10022=IFCDIRECTION((0.,0.,-1.));
#10023=IFCEXTRUDEDAREASOLID(#10017,#10021,#10022,0.004999999888241291);
#10024=IFCCARTESIANPOINTLIST2D(((0.,0.),(0.,2.0250000022351742),(0.7665206715464592,2.0250000022351742),(0.7665206715464592,0.),(0.71652066893875599,0.),(0.71652066893875599,1.974999999627471),(0.050000002607703209,1.974999999627471),(0.050000002607703209,0.)));
#10025=IFCINDEXEDPOLYCURVE(#10024,(IFCLINEINDEX((1,2,3,4,5,6,7,8,1))),$);
#10026=IFCARBITRARYCLOSEDPROFILEDEF(.AREA.,$,#10025);
#10027=IFCCARTESIANPOINT((-0.025000002235174179,0.05000000074505806,0.));
#10028=IFCDIRECTION((0.,-1.,0.));
#10029=IFCDIRECTION((1.,0.,0.));
#10030=IFCAXIS2PLACEMENT3D(#10027,#10028,#10029);
#10031=IFCDIRECTION((0.,0.,-1.));
#10032=IFCEXTRUDEDAREASOLID(#10026,#10030,#10031,0.004999999888241291);
#10033=IFCCARTESIANPOINTLIST2D(((0.,0.),(0.66652066633105278,0.),(0.66652066633105278,0.035000000149011612),(0.,0.035000000149011612)));
#10034=IFCINDEXEDPOLYCURVE(#10033,(IFCLINEINDEX((1,2,3,4,1))),$);
#10035=IFCARBITRARYCLOSEDPROFILEDEF(.AREA.,$,#10034);
#10036=IFCCARTESIANPOINT((0.02500000037252903,0.02500000037252903,0.02500000037252903));
#10037=IFCDIRECTION((0.,0.,1.));
#10038=IFCDIRECTION((1.,0.,0.));
#10039=IFCAXIS2PLACEMENT3D(#10036,#10037,#10038);
#10040=IFCDIRECTION((0.,0.,1.));
#10041=IFCEXTRUDEDAREASOLID(#10035,#10039,#10040,1.9499999992549419);
#10042=IFCCARTESIANPOINTLIST2D(((0.,0.),(0.,-0.040000000000000001),(-0.11999999999999988,-0.040000000000000001),(-0.11999999999999988,-0.02),(-0.020000000000000018,-0.02),(-0.020000000000000018,0.)));
#10043=IFCINDEXEDPOLYCURVE(#10042,(IFCLINEINDEX((1,2,3,4,5,6,1))),$);
#10044=IFCARBITRARYCLOSEDPROFILEDEF(.AREA.,$,#10043);
#10045=IFCCARTESIANPOINT((0.64152066670358177,0.02500000037252903,1.015000000372529));
#10046=IFCDIRECTION((0.,0.,1.));
#10047=IFCDIRECTION((1.,0.,0.));
#10048=IFCAXIS2PLACEMENT3D(#10045,#10046,#10047);
#10049=IFCDIRECTION((0.,0.,1.));
#10050=IFCEXTRUDEDAREASOLID(#10044,#10048,#10049,0.02);
#10051=IFCEXTRUDEDAREASOLID(#10052,#10055,#10059,0.02);
#10052=IFCARBITRARYCLOSEDPROFILEDEF(.AREA.,$,#10053);
#10053=IFCINDEXEDPOLYCURVE(#10054,(IFCLINEINDEX((1,2,3,4,5,6,1))),$);
#10054=IFCCARTESIANPOINTLIST2D(((0.,0.),(0.,0.040000000000000008),(-0.11999999999999988,0.040000000000000008),(-0.11999999999999988,0.020000000000000004),(-0.020000000000000018,0.020000000000000004),(-0.020000000000000018,0.)));
#10055=IFCAXIS2PLACEMENT3D(#10056,#10057,#10058);
#10056=IFCCARTESIANPOINT((0.64152066670358177,0.060000000521540642,1.015000000372529));
#10057=IFCDIRECTION((0.,0.,1.));
#10058=IFCDIRECTION((1.,0.,0.));
#10059=IFCDIRECTION((0.,0.,1.));
#10061=IFCSHAPEREPRESENTATION(#11,'Body','SweptSolid',(#9996,#10005,#10014,#10023,#10032));
#10062=IFCSHAPEASPECT((#10061),'Lining',$,.T.,#9929);
#10063=IFCSHAPEREPRESENTATION(#11,'Body','SweptSolid',(#10041,#10050,#10051));
#10064=IFCSHAPEASPECT((#10063),'Framing',$,.T.,#9929);
#10104=IFCDOORTYPE('1RAmj8htP1kRg1$fBTpece',$,'BEDROOM-2-2F',$,$,(#10105),(#10107,#10115,#10193),$,$,.DOOR.,.SINGLE_SWING_LEFT.,$,$);
#10105=IFCPROPERTYSET('3qVmYHSpnCXByibJ5uIaGC',$,'BBIM_Door',$,(#10106));
#10106=IFCPROPERTYSINGLEVALUE('Data',$,IFCTEXT('{"door_type": "SINGLE_SWING_LEFT", "overall_height": 2.0, "overall_width": 0.834307074546814, "lining_properties": {"lining_depth": 0.05000000074505806, "lining_thickness": 0.05000000074505806, "lining_offset": 0.0, "lining_to_panel_offset_x": 0.02500000037252903, "lining_to_panel_offset_y": 0.02500000037252903, "transom_thickness": 0.0, "casing_thickness": 0.07500000298023224, "casing_depth": 0.004999999888241291, "threshold_thickness": 0.02500000037252903, "threshold_depth": 0.10000000149011612, "threshold_offset": 0.0}, "panel_properties": {"panel_depth": 0.03500000014901161, "panel_width_ratio": 1.0}}'),$);
#10107=IFCREPRESENTATIONMAP(#10108,#10112);
#10108=IFCAXIS2PLACEMENT3D(#10109,#10110,#10111);
#10109=IFCCARTESIANPOINT((0.,0.,0.));
#10110=IFCDIRECTION((0.,0.,1.));
#10111=IFCDIRECTION((1.,0.,0.));
#10112=IFCSHAPEREPRESENTATION(#18,'Profile','Curve3D',(#10113));
#10113=IFCINDEXEDPOLYCURVE(#10114,(IFCLINEINDEX((1,2,3,4,1))),$);
#10114=IFCCARTESIANPOINTLIST3D(((0.,0.,0.),(0.83430707454681396,0.,0.),(0.83430707454681396,0.,2.),(0.,0.,2.)));
#10115=IFCREPRESENTATIONMAP(#10116,#10120);
#10116=IFCAXIS2PLACEMENT3D(#10117,#10118,#10119);
#10117=IFCCARTESIANPOINT((0.,0.,0.));
#10118=IFCDIRECTION((0.,0.,1.));
#10119=IFCDIRECTION((1.,0.,0.));
#10120=IFCSHAPEREPRESENTATION(#11,'Body','SweptSolid',(#10121,#10130,#10139,#10148,#10157,#10166,#10175,#10184));
#10121=IFCEXTRUDEDAREASOLID(#10122,#10125,#10129,0.02500000037252903);
#10122=IFCARBITRARYCLOSEDPROFILEDEF(.AREA.,$,#10123);
#10123=IFCINDEXEDPOLYCURVE(#10124,(IFCLINEINDEX((1,2,3,4,5,6,7,8,1))),$);
#10124=IFCCARTESIANPOINTLIST2D(((0.,0.),(0.,2.),(0.83430707454681396,2.),(0.83430707454681396,0.),(0.80930707417428493,0.),(0.80930707417428493,1.974999999627471),(0.02500000037252903,1.974999999627471),(0.02500000037252903,0.)));
#10125=IFCAXIS2PLACEMENT3D(#10126,#10127,#10128);
#10126=IFCCARTESIANPOINT((0.,0.02500000037252903,0.));
#10127=IFCDIRECTION((0.,-1.,0.));
#10128=IFCDIRECTION((1.,0.,0.));
#10129=IFCDIRECTION((0.,0.,-1.));
#10130=IFCEXTRUDEDAREASOLID(#10131,#10134,#10138,0.02500000037252903);
#10131=IFCARBITRARYCLOSEDPROFILEDEF(.AREA.,$,#10132);
#10132=IFCINDEXEDPOLYCURVE(#10133,(IFCLINEINDEX((1,2,3,4,5,6,7,8,1))),$);
#10133=IFCCARTESIANPOINTLIST2D(((0.,0.),(0.,2.),(0.83430707454681396,2.),(0.83430707454681396,0.),(0.78430707380175591,0.),(0.78430707380175591,1.9499999992549419),(0.05000000074505806,1.9499999992549419),(0.05000000074505806,0.)));
#10134=IFCAXIS2PLACEMENT3D(#10135,#10136,#10137);
#10135=IFCCARTESIANPOINT((0.,0.,0.));
#10136=IFCDIRECTION((0.,-1.,0.));
#10137=IFCDIRECTION((1.,0.,0.));
#10138=IFCDIRECTION((0.,0.,-1.));
#10139=IFCEXTRUDEDAREASOLID(#10140,#10143,#10147,1.9499999992549419);
#10140=IFCARBITRARYCLOSEDPROFILEDEF(.AREA.,$,#10141);
#10141=IFCINDEXEDPOLYCURVE(#10142,(IFCLINEINDEX((1,2,3,4,1))),$);
#10142=IFCCARTESIANPOINTLIST2D(((0.,0.),(0.78430707380175591,0.),(0.78430707380175591,0.035000000149011612),(0.,0.035000000149011612)));
#10143=IFCAXIS2PLACEMENT3D(#10144,#10145,#10146);
#10144=IFCCARTESIANPOINT((0.02500000037252903,0.02500000037252903,0.02500000037252903));
#10145=IFCDIRECTION((0.,0.,1.));
#10146=IFCDIRECTION((1.,0.,0.));
#10147=IFCDIRECTION((0.,0.,1.));
#10148=IFCEXTRUDEDAREASOLID(#10149,#10152,#10156,0.02);
#10149=IFCARBITRARYCLOSEDPROFILEDEF(.AREA.,$,#10150);
#10150=IFCINDEXEDPOLYCURVE(#10151,(IFCLINEINDEX((1,2,3,4,5,6,1))),$);
#10151=IFCCARTESIANPOINTLIST2D(((0.,0.),(0.,-0.040000000000000001),(-0.11999999999999988,-0.040000000000000001),(-0.11999999999999988,-0.02),(-0.020000000000000018,-0.02),(-0.020000000000000018,0.)));
#10152=IFCAXIS2PLACEMENT3D(#10153,#10154,#10155);
#10153=IFCCARTESIANPOINT((0.75930707417428489,0.02500000037252903,1.015000000372529));
#10154=IFCDIRECTION((0.,0.,1.));
#10155=IFCDIRECTION((1.,0.,0.));
#10156=IFCDIRECTION((0.,0.,1.));
#10157=IFCEXTRUDEDAREASOLID(#10158,#10161,#10165,0.02);
#10158=IFCARBITRARYCLOSEDPROFILEDEF(.AREA.,$,#10159);
#10159=IFCINDEXEDPOLYCURVE(#10160,(IFCLINEINDEX((1,2,3,4,5,6,1))),$);
#10160=IFCCARTESIANPOINTLIST2D(((0.,0.),(0.,0.040000000000000008),(-0.11999999999999988,0.040000000000000008),(-0.11999999999999988,0.020000000000000004),(-0.020000000000000018,0.020000000000000004),(-0.020000000000000018,0.)));
#10161=IFCAXIS2PLACEMENT3D(#10162,#10163,#10164);
#10162=IFCCARTESIANPOINT((0.75930707417428489,0.060000000521540642,1.015000000372529));
#10163=IFCDIRECTION((0.,0.,1.));
#10164=IFCDIRECTION((1.,0.,0.));
#10165=IFCDIRECTION((0.,0.,1.));
#10166=IFCEXTRUDEDAREASOLID(#10167,#10170,#10174,0.02500000037252903);
#10167=IFCARBITRARYCLOSEDPROFILEDEF(.AREA.,$,#10168);
#10168=IFCINDEXEDPOLYCURVE(#10169,(IFCLINEINDEX((1,2,3,4,1))),$);
#10169=IFCCARTESIANPOINTLIST2D(((0.,0.),(0.73430707305669785,0.),(0.73430707305669785,0.10000000149011612),(0.,0.10000000149011612)));
#10170=IFCAXIS2PLACEMENT3D(#10171,#10172,#10173);
#10171=IFCCARTESIANPOINT((0.05000000074505806,0.,0.));
#10172=IFCDIRECTION((0.,0.,1.));
#10173=IFCDIRECTION((1.,0.,0.));
#10174=IFCDIRECTION((0.,0.,1.));
#10175=IFCEXTRUDEDAREASOLID(#10176,#10179,#10183,0.004999999888241291);
#10176=IFCARBITRARYCLOSEDPROFILEDEF(.AREA.,$,#10177);
#10177=IFCINDEXEDPOLYCURVE(#10178,(IFCLINEINDEX((1,2,3,4,5,6,7,8,1))),$);
#10178=IFCCARTESIANPOINTLIST2D(((0.,0.),(0.,2.0250000022351742),(0.88430707901716232,2.0250000022351742),(0.88430707901716232,0.),(0.80930707603693008,0.),(0.80930707603693008,1.9499999992549419),(0.075000002980232239,1.9499999992549419),(0.075000002980232239,0.)));
#10179=IFCAXIS2PLACEMENT3D(#10180,#10181,#10182);
#10180=IFCCARTESIANPOINT((-0.025000002235174179,-0.004999999888241291,0.));
#10181=IFCDIRECTION((0.,-1.,0.));
#10182=IFCDIRECTION((1.,0.,0.));
#10183=IFCDIRECTION((0.,0.,-1.));
#10184=IFCEXTRUDEDAREASOLID(#10185,#10188,#10192,0.004999999888241291);
#10185=IFCARBITRARYCLOSEDPROFILEDEF(.AREA.,$,#10186);
#10186=IFCINDEXEDPOLYCURVE(#10187,(IFCLINEINDEX((1,2,3,4,5,6,7,8,1))),$);
#10187=IFCCARTESIANPOINTLIST2D(((0.,0.),(0.,2.0250000022351742),(0.88430707901716232,2.0250000022351742),(0.88430707901716232,0.),(0.83430707640945911,0.),(0.83430707640945911,1.974999999627471),(0.050000002607703209,1.974999999627471),(0.050000002607703209,0.)));
#10188=IFCAXIS2PLACEMENT3D(#10189,#10190,#10191);
#10189=IFCCARTESIANPOINT((-0.025000002235174179,0.05000000074505806,0.));
#10190=IFCDIRECTION((0.,-1.,0.));
#10191=IFCDIRECTION((1.,0.,0.));
#10192=IFCDIRECTION((0.,0.,-1.));
#10193=IFCREPRESENTATIONMAP(#10194,#10198);
#10194=IFCAXIS2PLACEMENT3D(#10195,#10196,#10197);
#10195=IFCCARTESIANPOINT((0.,0.,0.));
#10196=IFCDIRECTION((0.,0.,1.));
#10197=IFCDIRECTION((1.,0.,0.));
#10198=IFCSHAPEREPRESENTATION(#24,'Body','Curve2D',(#10199,#10201,#10203,#10210));
#10199=IFCINDEXEDPOLYCURVE(#10200,(IFCLINEINDEX((1,2,3,4,5,6,1))),$);
#10200=IFCCARTESIANPOINTLIST2D(((0.,0.),(0.,0.05000000074505806),(0.02500000037252903,0.05000000074505806),(0.02500000037252903,0.02500000037252903),(0.05000000074505806,0.02500000037252903),(0.05000000074505806,0.)));
#10201=IFCINDEXEDPOLYCURVE(#10202,(IFCLINEINDEX((1,2,3,4,5,6,1))),$);
#10202=IFCCARTESIANPOINTLIST2D(((0.83430707454681396,0.),(0.83430707454681396,0.05000000074505806),(0.80930707417428493,0.05000000074505806),(0.80930707417428493,0.02500000037252903),(0.78430707380175591,0.02500000037252903),(0.78430707380175591,0.)));
#10203=IFCTRIMMEDCURVE(#10204,(#10208),(#10209),.T.,.CARTESIAN.);
#10204=IFCELLIPSE(#10205,0.74930707365274429,0.78430707380175591);
#10205=IFCAXIS2PLACEMENT2D(#10206,#10207);
#10206=IFCCARTESIANPOINT((0.060000000521540642,0.05000000074505806));
#10207=IFCDIRECTION((1.,0.));
#10208=IFCCARTESIANPOINT((0.80930707417428493,0.05000000074505806));
#10209=IFCCARTESIANPOINT((0.060000000521540642,0.83430707454681396));
#10210=IFCINDEXEDPOLYCURVE(#10211,(IFCLINEINDEX((1,2,3,4,1))),$);
#10211=IFCCARTESIANPOINTLIST2D(((0.02500000037252903,0.05000000074505806),(0.060000000521540642,0.05000000074505806),(0.060000000521540642,0.83430707454681396),(0.02500000037252903,0.83430707454681396)));
#10212=IFCDOOR('08WHYHnEnFAAriK15qXPgo',$,'Door',$,$,#10643,#10220,$,2.,0.86302447319030762,$,.SINGLE_SWING_RIGHT.,$);
#10213=IFCCARTESIANPOINT((0.,0.,0.));
#10214=IFCDIRECTION((1.,0.,0.));
#10215=IFCDIRECTION((0.,1.,0.));
#10216=IFCDIRECTION((0.,0.,1.));
#10217=IFCCARTESIANTRANSFORMATIONOPERATOR3D(#10214,#10215,#10213,1.,#10216);
#10218=IFCMAPPEDITEM(#9815,#10217);
#10219=IFCSHAPEREPRESENTATION(#18,'Profile','MappedRepresentation',(#10218));
#10220=IFCPRODUCTDEFINITIONSHAPE($,$,(#10219,#10227,#10234));
#10221=IFCCARTESIANPOINT((0.,0.,0.));
#10222=IFCDIRECTION((1.,0.,0.));
#10223=IFCDIRECTION((0.,1.,0.));
#10224=IFCDIRECTION((0.,0.,1.));
#10225=IFCCARTESIANTRANSFORMATIONOPERATOR3D(#10222,#10223,#10221,1.,#10224);
#10226=IFCMAPPEDITEM(#9823,#10225);
#10227=IFCSHAPEREPRESENTATION(#11,'Body','MappedRepresentation',(#10226));
#10228=IFCCARTESIANPOINT((0.,0.,0.));
#10229=IFCDIRECTION((1.,0.,0.));
#10230=IFCDIRECTION((0.,1.,0.));
#10231=IFCDIRECTION((0.,0.,1.));
#10232=IFCCARTESIANTRANSFORMATIONOPERATOR3D(#10229,#10230,#10228,1.,#10231);
#10233=IFCMAPPEDITEM(#9901,#10232);
#10234=IFCSHAPEREPRESENTATION(#24,'Body','MappedRepresentation',(#10233));
#10235=IFCOPENINGELEMENT('2sHZevOOj1hfsAiFKHRQ9G',$,'Opening',$,$,#10638,#10248,$,.OPENING.);
#10241=IFCCARTESIANPOINT((0.,0.,0.));
#10242=IFCDIRECTION((1.,0.,0.));
#10243=IFCDIRECTION((0.,1.,0.));
#10244=IFCDIRECTION((0.,0.,1.));
#10245=IFCCARTESIANTRANSFORMATIONOPERATOR3D(#10242,#10243,#10241,1.,#10244);
#10246=IFCMAPPEDITEM(#9964,#10245);
#10247=IFCSHAPEREPRESENTATION(#11,'Body','MappedRepresentation',(#10246));
#10248=IFCPRODUCTDEFINITIONSHAPE($,$,(#10247));
#10249=IFCRELVOIDSELEMENT('1YKYIpZED3R9OdvaZOXBhD',$,$,$,#8834,#10235);
#10255=IFCRELFILLSELEMENT('2VNTz_IPj8xB65OBsb448a',$,$,$,#10235,#10212);
#10398=IFCCARTESIANPOINTLIST2D(((0.,0.),(0.,2.),(0.86302447319030762,2.),(0.86302447319030762,0.),(0.83802447281777859,0.),(0.83802447281777859,1.974999999627471),(0.02500000037252903,1.974999999627471),(0.02500000037252903,0.)));
#10399=IFCINDEXEDPOLYCURVE(#10398,(IFCLINEINDEX((1,2,3,4,5,6,7,8,1))),$);
#10400=IFCARBITRARYCLOSEDPROFILEDEF(.AREA.,$,#10399);
#10401=IFCCARTESIANPOINT((0.,0.02500000037252903,0.));
#10402=IFCDIRECTION((0.,-1.,0.));
#10403=IFCDIRECTION((1.,0.,0.));
#10404=IFCAXIS2PLACEMENT3D(#10401,#10402,#10403);
#10405=IFCDIRECTION((0.,0.,-1.));
#10406=IFCEXTRUDEDAREASOLID(#10400,#10404,#10405,0.02500000037252903);
#10407=IFCCARTESIANPOINTLIST2D(((0.,0.),(0.,2.),(0.86302447319030762,2.),(0.86302447319030762,0.),(0.81302447244524956,0.),(0.81302447244524956,1.9499999992549419),(0.05000000074505806,1.9499999992549419),(0.05000000074505806,0.)));
#10408=IFCINDEXEDPOLYCURVE(#10407,(IFCLINEINDEX((1,2,3,4,5,6,7,8,1))),$);
#10409=IFCARBITRARYCLOSEDPROFILEDEF(.AREA.,$,#10408);
#10410=IFCCARTESIANPOINT((0.,0.,0.));
#10411=IFCDIRECTION((0.,-1.,0.));
#10412=IFCDIRECTION((1.,0.,0.));
#10413=IFCAXIS2PLACEMENT3D(#10410,#10411,#10412);
#10414=IFCDIRECTION((0.,0.,-1.));
#10415=IFCEXTRUDEDAREASOLID(#10409,#10413,#10414,0.02500000037252903);
#10416=IFCCARTESIANPOINTLIST2D(((0.,0.),(0.7630244717001915,0.),(0.7630244717001915,0.10000000149011612),(0.,0.10000000149011612)));
#10417=IFCINDEXEDPOLYCURVE(#10416,(IFCLINEINDEX((1,2,3,4,1))),$);
#10418=IFCARBITRARYCLOSEDPROFILEDEF(.AREA.,$,#10417);
#10419=IFCCARTESIANPOINT((0.05000000074505806,0.,0.));
#10420=IFCDIRECTION((0.,0.,1.));
#10421=IFCDIRECTION((1.,0.,0.));
#10422=IFCAXIS2PLACEMENT3D(#10419,#10420,#10421);
#10423=IFCDIRECTION((0.,0.,1.));
#10424=IFCEXTRUDEDAREASOLID(#10418,#10422,#10423,0.02500000037252903);
#10425=IFCCARTESIANPOINTLIST2D(((0.,0.),(0.,2.0250000022351742),(0.91302447766065598,2.0250000022351742),(0.91302447766065598,0.),(0.83802447468042374,0.),(0.83802447468042374,1.9499999992549419),(0.075000002980232239,1.9499999992549419),(0.075000002980232239,0.)));
#10426=IFCINDEXEDPOLYCURVE(#10425,(IFCLINEINDEX((1,2,3,4,5,6,7,8,1))),$);
#10427=IFCARBITRARYCLOSEDPROFILEDEF(.AREA.,$,#10426);
#10428=IFCCARTESIANPOINT((-0.025000002235174179,-0.004999999888241291,0.));
#10429=IFCDIRECTION((0.,-1.,0.));
#10430=IFCDIRECTION((1.,0.,0.));
#10431=IFCAXIS2PLACEMENT3D(#10428,#10429,#10430);
#10432=IFCDIRECTION((0.,0.,-1.));
#10433=IFCEXTRUDEDAREASOLID(#10427,#10431,#10432,0.004999999888241291);
#10434=IFCCARTESIANPOINTLIST2D(((0.,0.),(0.,2.0250000022351742),(0.91302447766065598,2.0250000022351742),(0.91302447766065598,0.),(0.86302447505295277,0.),(0.86302447505295277,1.974999999627471),(0.050000002607703209,1.974999999627471),(0.050000002607703209,0.)));
#10435=IFCINDEXEDPOLYCURVE(#10434,(IFCLINEINDEX((1,2,3,4,5,6,7,8,1))),$);
#10436=IFCARBITRARYCLOSEDPROFILEDEF(.AREA.,$,#10435);
#10437=IFCCARTESIANPOINT((-0.025000002235174179,0.05000000074505806,0.));
#10438=IFCDIRECTION((0.,-1.,0.));
#10439=IFCDIRECTION((1.,0.,0.));
#10440=IFCAXIS2PLACEMENT3D(#10437,#10438,#10439);
#10441=IFCDIRECTION((0.,0.,-1.));
#10442=IFCEXTRUDEDAREASOLID(#10436,#10440,#10441,0.004999999888241291);
#10443=IFCCARTESIANPOINTLIST2D(((0.,0.),(0.81302447244524956,0.),(0.81302447244524956,0.035000000149011612),(0.,0.035000000149011612)));
#10444=IFCINDEXEDPOLYCURVE(#10443,(IFCLINEINDEX((1,2,3,4,1))),$);
#10445=IFCARBITRARYCLOSEDPROFILEDEF(.AREA.,$,#10444);
#10446=IFCCARTESIANPOINT((0.02500000037252903,0.02500000037252903,0.02500000037252903));
#10447=IFCDIRECTION((0.,0.,1.));
#10448=IFCDIRECTION((1.,0.,0.));
#10449=IFCAXIS2PLACEMENT3D(#10446,#10447,#10448);
#10450=IFCDIRECTION((0.,0.,1.));
#10451=IFCEXTRUDEDAREASOLID(#10445,#10449,#10450,1.9499999992549419);
#10452=IFCCARTESIANPOINTLIST2D(((0.,0.),(0.,-0.040000000000000001),(0.12,-0.040000000000000001),(0.12,-0.02),(0.02,-0.02),(0.02,0.)));
#10453=IFCINDEXEDPOLYCURVE(#10452,(IFCLINEINDEX((1,2,3,4,5,6,1))),$);
#10454=IFCARBITRARYCLOSEDPROFILEDEF(.AREA.,$,#10453);
#10455=IFCCARTESIANPOINT((0.075000000372529033,0.02500000037252903,1.015000000372529));
#10456=IFCDIRECTION((0.,0.,1.));
#10457=IFCDIRECTION((1.,0.,0.));
#10458=IFCAXIS2PLACEMENT3D(#10455,#10456,#10457);
#10459=IFCDIRECTION((0.,0.,1.));
#10460=IFCEXTRUDEDAREASOLID(#10454,#10458,#10459,0.02);
#10461=IFCEXTRUDEDAREASOLID(#10462,#10465,#10469,0.02);
#10462=IFCARBITRARYCLOSEDPROFILEDEF(.AREA.,$,#10463);
#10463=IFCINDEXEDPOLYCURVE(#10464,(IFCLINEINDEX((1,2,3,4,5,6,1))),$);
#10464=IFCCARTESIANPOINTLIST2D(((0.,0.),(0.,0.040000000000000008),(0.11999999999999998,0.040000000000000008),(0.11999999999999998,0.020000000000000004),(0.020000000000000004,0.020000000000000004),(0.020000000000000004,0.)));
#10465=IFCAXIS2PLACEMENT3D(#10466,#10467,#10468);
#10466=IFCCARTESIANPOINT((0.075000000372529033,0.060000000521540642,1.015000000372529));
#10467=IFCDIRECTION((0.,0.,1.));
#10468=IFCDIRECTION((1.,0.,0.));
#10469=IFCDIRECTION((0.,0.,1.));
#10471=IFCSHAPEREPRESENTATION(#11,'Body','SweptSolid',(#10442,#10415,#10540,#10549,#10433,#10406,#10558,#10576,#10567,#10424));
#10472=IFCSHAPEASPECT((#10471),'Lining',$,.T.,#10220);
#10473=IFCSHAPEREPRESENTATION(#11,'Body','SweptSolid',(#10594,#10595,#10460,#10585,#10461,#10451));
#10474=IFCSHAPEASPECT((#10473),'Framing',$,.T.,#10220);
#10529=IFCCARTESIANPOINTLIST3D(((0.,0.,0.),(0.86302447319030762,0.,0.),(0.86302447319030762,0.,2.),(0.,0.,2.)));
#10530=IFCINDEXEDPOLYCURVE(#10529,(IFCLINEINDEX((1,2,3,4,1))),$);
#10531=IFCSHAPEREPRESENTATION(#18,'Profile','Curve3D',(#10530));
#10532=IFCCARTESIANPOINTLIST2D(((0.,0.),(0.,2.),(0.86302447319030762,2.),(0.86302447319030762,0.),(0.83802447281777859,0.),(0.83802447281777859,1.974999999627471),(0.02500000037252903,1.974999999627471),(0.02500000037252903,0.)));
#10533=IFCINDEXEDPOLYCURVE(#10532,(IFCLINEINDEX((1,2,3,4,5,6,7,8,1))),$);
#10534=IFCARBITRARYCLOSEDPROFILEDEF(.AREA.,$,#10533);
#10535=IFCCARTESIANPOINT((0.,0.02500000037252903,0.));
#10536=IFCDIRECTION((0.,-1.,0.));
#10537=IFCDIRECTION((1.,0.,0.));
#10538=IFCAXIS2PLACEMENT3D(#10535,#10536,#10537);
#10539=IFCDIRECTION((0.,0.,-1.));
#10540=IFCEXTRUDEDAREASOLID(#10534,#10538,#10539,0.02500000037252903);
#10541=IFCCARTESIANPOINTLIST2D(((0.,0.),(0.,2.),(0.86302447319030762,2.),(0.86302447319030762,0.),(0.81302447244524956,0.),(0.81302447244524956,1.9499999992549419),(0.05000000074505806,1.9499999992549419),(0.05000000074505806,0.)));
#10542=IFCINDEXEDPOLYCURVE(#10541,(IFCLINEINDEX((1,2,3,4,5,6,7,8,1))),$);
#10543=IFCARBITRARYCLOSEDPROFILEDEF(.AREA.,$,#10542);
#10544=IFCCARTESIANPOINT((0.,0.,0.));
#10545=IFCDIRECTION((0.,-1.,0.));
#10546=IFCDIRECTION((1.,0.,0.));
#10547=IFCAXIS2PLACEMENT3D(#10544,#10545,#10546);
#10548=IFCDIRECTION((0.,0.,-1.));
#10549=IFCEXTRUDEDAREASOLID(#10543,#10547,#10548,0.02500000037252903);
#10550=IFCCARTESIANPOINTLIST2D(((0.,0.),(0.7630244717001915,0.),(0.7630244717001915,0.10000000149011612),(0.,0.10000000149011612)));
#10551=IFCINDEXEDPOLYCURVE(#10550,(IFCLINEINDEX((1,2,3,4,1))),$);
#10552=IFCARBITRARYCLOSEDPROFILEDEF(.AREA.,$,#10551);
#10553=IFCCARTESIANPOINT((0.05000000074505806,0.,0.));
#10554=IFCDIRECTION((0.,0.,1.));
#10555=IFCDIRECTION((1.,0.,0.));
#10556=IFCAXIS2PLACEMENT3D(#10553,#10554,#10555);
#10557=IFCDIRECTION((0.,0.,1.));
#10558=IFCEXTRUDEDAREASOLID(#10552,#10556,#10557,0.02500000037252903);
#10559=IFCCARTESIANPOINTLIST2D(((0.,0.),(0.,2.0250000022351742),(0.91302447766065598,2.0250000022351742),(0.91302447766065598,0.),(0.83802447468042374,0.),(0.83802447468042374,1.9499999992549419),(0.075000002980232239,1.9499999992549419),(0.075000002980232239,0.)));
#10560=IFCINDEXEDPOLYCURVE(#10559,(IFCLINEINDEX((1,2,3,4,5,6,7,8,1))),$);
#10561=IFCARBITRARYCLOSEDPROFILEDEF(.AREA.,$,#10560);
#10562=IFCCARTESIANPOINT((-0.025000002235174179,-0.004999999888241291,0.));
#10563=IFCDIRECTION((0.,-1.,0.));
#10564=IFCDIRECTION((1.,0.,0.));
#10565=IFCAXIS2PLACEMENT3D(#10562,#10563,#10564);
#10566=IFCDIRECTION((0.,0.,-1.));
#10567=IFCEXTRUDEDAREASOLID(#10561,#10565,#10566,0.004999999888241291);
#10568=IFCCARTESIANPOINTLIST2D(((0.,0.),(0.,2.0250000022351742),(0.91302447766065598,2.0250000022351742),(0.91302447766065598,0.),(0.86302447505295277,0.),(0.86302447505295277,1.974999999627471),(0.050000002607703209,1.974999999627471),(0.050000002607703209,0.)));
#10569=IFCINDEXEDPOLYCURVE(#10568,(IFCLINEINDEX((1,2,3,4,5,6,7,8,1))),$);
#10570=IFCARBITRARYCLOSEDPROFILEDEF(.AREA.,$,#10569);
#10571=IFCCARTESIANPOINT((-0.025000002235174179,0.05000000074505806,0.));
#10572=IFCDIRECTION((0.,-1.,0.));
#10573=IFCDIRECTION((1.,0.,0.));
#10574=IFCAXIS2PLACEMENT3D(#10571,#10572,#10573);
#10575=IFCDIRECTION((0.,0.,-1.));
#10576=IFCEXTRUDEDAREASOLID(#10570,#10574,#10575,0.004999999888241291);
#10577=IFCCARTESIANPOINTLIST2D(((0.,0.),(0.81302447244524956,0.),(0.81302447244524956,0.035000000149011612),(0.,0.035000000149011612)));
#10578=IFCINDEXEDPOLYCURVE(#10577,(IFCLINEINDEX((1,2,3,4,1))),$);
#10579=IFCARBITRARYCLOSEDPROFILEDEF(.AREA.,$,#10578);
#10580=IFCCARTESIANPOINT((0.02500000037252903,0.02500000037252903,0.02500000037252903));
#10581=IFCDIRECTION((0.,0.,1.));
#10582=IFCDIRECTION((1.,0.,0.));
#10583=IFCAXIS2PLACEMENT3D(#10580,#10581,#10582);
#10584=IFCDIRECTION((0.,0.,1.));
#10585=IFCEXTRUDEDAREASOLID(#10579,#10583,#10584,1.9499999992549419);
#10586=IFCCARTESIANPOINTLIST2D(((0.,0.),(0.,-0.040000000000000001),(0.12,-0.040000000000000001),(0.12,-0.02),(0.02,-0.02),(0.02,0.)));
#10587=IFCINDEXEDPOLYCURVE(#10586,(IFCLINEINDEX((1,2,3,4,5,6,1))),$);
#10588=IFCARBITRARYCLOSEDPROFILEDEF(.AREA.,$,#10587);
#10589=IFCCARTESIANPOINT((0.075000000372529033,0.02500000037252903,1.015000000372529));
#10590=IFCDIRECTION((0.,0.,1.));
#10591=IFCDIRECTION((1.,0.,0.));
#10592=IFCAXIS2PLACEMENT3D(#10589,#10590,#10591);
#10593=IFCDIRECTION((0.,0.,1.));
#10594=IFCEXTRUDEDAREASOLID(#10588,#10592,#10593,0.02);
#10595=IFCEXTRUDEDAREASOLID(#10596,#10599,#10603,0.02);
#10596=IFCARBITRARYCLOSEDPROFILEDEF(.AREA.,$,#10597);
#10597=IFCINDEXEDPOLYCURVE(#10598,(IFCLINEINDEX((1,2,3,4,5,6,1))),$);
#10598=IFCCARTESIANPOINTLIST2D(((0.,0.),(0.,0.040000000000000008),(0.11999999999999998,0.040000000000000008),(0.11999999999999998,0.020000000000000004),(0.020000000000000004,0.020000000000000004),(0.020000000000000004,0.)));
#10599=IFCAXIS2PLACEMENT3D(#10600,#10601,#10602);
#10600=IFCCARTESIANPOINT((0.075000000372529033,0.060000000521540642,1.015000000372529));
#10601=IFCDIRECTION((0.,0.,1.));
#10602=IFCDIRECTION((1.,0.,0.));
#10603=IFCDIRECTION((0.,0.,1.));
#10604=IFCSHAPEREPRESENTATION(#11,'Body','SweptSolid',(#10540,#10549,#10585,#10594,#10595,#10558,#10567,#10576));
#10605=IFCCARTESIANPOINTLIST2D(((0.,0.),(0.,0.05000000074505806),(0.02500000037252903,0.05000000074505806),(0.02500000037252903,0.02500000037252903),(0.05000000074505806,0.02500000037252903),(0.05000000074505806,0.)));
#10606=IFCINDEXEDPOLYCURVE(#10605,(IFCLINEINDEX((1,2,3,4,5,6,1))),$);
#10607=IFCINDEXEDPOLYCURVE(#10608,(IFCLINEINDEX((1,2,3,4,5,6,1))),$);
#10608=IFCCARTESIANPOINTLIST2D(((0.86302447319030762,0.),(0.86302447319030762,0.05000000074505806),(0.83802447281777859,0.05000000074505806),(0.83802447281777859,0.02500000037252903),(0.81302447244524956,0.02500000037252903),(0.81302447244524956,0.)));
#10609=IFCDIRECTION((1.,0.));
#10610=IFCCARTESIANPOINT((0.80302447266876698,0.05000000074505806));
#10611=IFCAXIS2PLACEMENT2D(#10610,#10609);
#10612=IFCELLIPSE(#10611,0.77802447229623795,0.81302447244524956);
#10613=IFCCARTESIANPOINT((0.80302447266876698,0.86302447319030762));
#10614=IFCCARTESIANPOINT((0.02500000037252903,0.05000000074505806));
#10615=IFCTRIMMEDCURVE(#10612,(#10613),(#10614),.T.,.CARTESIAN.);
#10616=IFCCARTESIANPOINTLIST2D(((0.83802447281777859,0.05000000074505806),(0.80302447266876698,0.05000000074505806),(0.80302447266876698,0.86302447319030762),(0.83802447281777859,0.86302447319030762)));
#10617=IFCINDEXEDPOLYCURVE(#10616,(IFCLINEINDEX((1,2,3,4,1))),$);
#10618=IFCSHAPEREPRESENTATION(#24,'Body','Curve2D',(#10606,#10607,#10615,#10617));
#10619=IFCCARTESIANPOINTLIST2D(((0.,0.),(0.86302447319030762,0.),(0.86302447319030762,2.),(0.,2.)));
#10620=IFCINDEXEDPOLYCURVE(#10619,(IFCLINEINDEX((1,2,3,4,1))),$);
#10621=IFCARBITRARYCLOSEDPROFILEDEF(.AREA.,$,#10620);
#10622=IFCCARTESIANPOINT((0.,-0.60000002384185791,0.));
#10623=IFCDIRECTION((0.,-1.,0.));
#10624=IFCDIRECTION((1.,0.,0.));
#10625=IFCAXIS2PLACEMENT3D(#10622,#10623,#10624);
#10626=IFCDIRECTION((0.,0.,-1.));
#10627=IFCEXTRUDEDAREASOLID(#10621,#10625,#10626,1.2);
#10628=IFCSHAPEREPRESENTATION(#11,'Body','SweptSolid',(#10627));
#10634=IFCCARTESIANPOINT((1.0401499271392822,0.099999994039535522,0.));
#10635=IFCDIRECTION((0.,0.,1.));
#10636=IFCDIRECTION((-0.99999999999998868,1.5099580252808492E-07,0.));
#10637=IFCAXIS2PLACEMENT3D(#10634,#10635,#10636);
#10638=IFCLOCALPLACEMENT(#8845,#10637);
#10639=IFCCARTESIANPOINT((-4.4408920985006262E-16,0.,0.));
#10640=IFCDIRECTION((0.,0.,1.));
#10641=IFCDIRECTION((1.,0.,0.));
#10642=IFCAXIS2PLACEMENT3D(#10639,#10640,#10641);
#10643=IFCLOCALPLACEMENT(#10638,#10642);
#10649=IFCCARTESIANPOINT((3.5660109670954467,0.099999843017040568,0.));
#10650=IFCDIRECTION((0.,0.,1.));
#10651=IFCDIRECTION((-0.99999999999999611,8.742277657347468E-08,0.));
#10652=IFCAXIS2PLACEMENT3D(#10649,#10650,#10651);
#10653=IFCLOCALPLACEMENT(#8522,#10652);
#10654=IFCCARTESIANPOINT((0.,8.8817841970012523E-16,0.));
#10655=IFCDIRECTION((0.,0.,1.));
#10656=IFCDIRECTION((1.,0.,0.));
#10657=IFCAXIS2PLACEMENT3D(#10654,#10655,#10656);
#10658=IFCLOCALPLACEMENT(#10653,#10657);
#10659=IFCDOORTYPE('3MfC8VqRP8M9z7vP7hWYKA',$,'BALCONY-2F',$,$,(#10660),(#10662,#10670,#10748),$,$,.DOOR.,.SINGLE_SWING_LEFT.,$,$);
#10660=IFCPROPERTYSET('0yYuyrRAj2jeADt7hwlwf9',$,'BBIM_Door',$,(#10661));
#10661=IFCPROPERTYSINGLEVALUE('Data',$,IFCTEXT('{"door_type": "SINGLE_SWING_LEFT", "overall_height": 2.0, "overall_width": 0.8903958797454834, "lining_properties": {"lining_depth": 0.05000000074505806, "lining_thickness": 0.05000000074505806, "lining_offset": 0.0, "lining_to_panel_offset_x": 0.02500000037252903, "lining_to_panel_offset_y": 0.02500000037252903, "transom_thickness": 0.0, "casing_thickness": 0.07500000298023224, "casing_depth": 0.004999999888241291, "threshold_thickness": 0.02500000037252903, "threshold_depth": 0.10000000149011612, "threshold_offset": 0.0}, "panel_properties": {"panel_depth": 0.03500000014901161, "panel_width_ratio": 1.0}}'),$);
#10662=IFCREPRESENTATIONMAP(#10663,#10849);
#10663=IFCAXIS2PLACEMENT3D(#10664,#10665,#10666);
#10664=IFCCARTESIANPOINT((0.,0.,0.));
#10665=IFCDIRECTION((0.,0.,1.));
#10666=IFCDIRECTION((1.,0.,0.));
#10670=IFCREPRESENTATIONMAP(#10671,#10922);
#10671=IFCAXIS2PLACEMENT3D(#10672,#10673,#10674);
#10672=IFCCARTESIANPOINT((0.,0.,0.));
#10673=IFCDIRECTION((0.,0.,1.));
#10674=IFCDIRECTION((1.,0.,0.));
#10748=IFCREPRESENTATIONMAP(#10749,#10940);
#10749=IFCAXIS2PLACEMENT3D(#10750,#10751,#10752);
#10750=IFCCARTESIANPOINT((0.,0.,0.));
#10751=IFCDIRECTION((0.,0.,1.));
#10752=IFCDIRECTION((1.,0.,0.));
#10767=IFCDOOR('1vtNHFXF50ohR1$ld9nOPE',$,'Door',$,$,#10965,#10776,$,2.,0.8903958797454834,$,.SINGLE_SWING_LEFT.,$);
#10768=IFCRELDEFINESBYTYPE('3m0mBHk_LDwxe4SXHnH3eI',$,$,$,(#10767),#10659);
#10769=IFCCARTESIANPOINT((0.,0.,0.));
#10770=IFCDIRECTION((1.,0.,0.));
#10771=IFCDIRECTION((0.,1.,0.));
#10772=IFCDIRECTION((0.,0.,1.));
#10773=IFCCARTESIANTRANSFORMATIONOPERATOR3D(#10770,#10771,#10769,1.,#10772);
#10774=IFCMAPPEDITEM(#10662,#10773);
#10775=IFCSHAPEREPRESENTATION(#18,'Profile','MappedRepresentation',(#10774));
#10776=IFCPRODUCTDEFINITIONSHAPE($,$,(#10775,#10783,#10790));
#10777=IFCCARTESIANPOINT((0.,0.,0.));
#10778=IFCDIRECTION((1.,0.,0.));
#10779=IFCDIRECTION((0.,1.,0.));
#10780=IFCDIRECTION((0.,0.,1.));
#10781=IFCCARTESIANTRANSFORMATIONOPERATOR3D(#10778,#10779,#10777,1.,#10780);
#10782=IFCMAPPEDITEM(#10670,#10781);
#10783=IFCSHAPEREPRESENTATION(#11,'Body','MappedRepresentation',(#10782));
#10784=IFCCARTESIANPOINT((0.,0.,0.));
#10785=IFCDIRECTION((1.,0.,0.));
#10786=IFCDIRECTION((0.,1.,0.));
#10787=IFCDIRECTION((0.,0.,1.));
#10788=IFCCARTESIANTRANSFORMATIONOPERATOR3D(#10785,#10786,#10784,1.,#10787);
#10789=IFCMAPPEDITEM(#10748,#10788);
#10790=IFCSHAPEREPRESENTATION(#24,'Body','MappedRepresentation',(#10789));
#10791=IFCOPENINGELEMENT('3Jn6tjTKP4$84ZcGpURRKB',$,'Opening',$,$,#10960,#10819,$,.OPENING.);
#10807=IFCCARTESIANPOINT((0.,0.,0.));
#10808=IFCDIRECTION((1.,0.,0.));
#10809=IFCDIRECTION((0.,0.,1.));
#10810=IFCAXIS2PLACEMENT3D(#10807,#10809,#10808);
#10811=IFCREPRESENTATIONMAP(#10810,#10950);
#10812=IFCCARTESIANPOINT((0.,0.,0.));
#10813=IFCDIRECTION((1.,0.,0.));
#10814=IFCDIRECTION((0.,1.,0.));
#10815=IFCDIRECTION((0.,0.,1.));
#10816=IFCCARTESIANTRANSFORMATIONOPERATOR3D(#10813,#10814,#10812,1.,#10815);
#10817=IFCMAPPEDITEM(#10811,#10816);
#10818=IFCSHAPEREPRESENTATION(#11,'Body','MappedRepresentation',(#10817));
#10819=IFCPRODUCTDEFINITIONSHAPE($,$,(#10818));
#10820=IFCRELVOIDSELEMENT('2BSYNTmqrCUOrltGk0S73t',$,$,$,#7748,#10791);
#10826=IFCRELFILLSELEMENT('3i_gbXfc1FBuEBbVB64hfy',$,$,$,#10791,#10767);
#10847=IFCCARTESIANPOINTLIST3D(((0.,0.,0.),(0.8903958797454834,0.,0.),(0.8903958797454834,0.,2.),(0.,0.,2.)));
#10848=IFCINDEXEDPOLYCURVE(#10847,(IFCLINEINDEX((1,2,3,4,1))),$);
#10849=IFCSHAPEREPRESENTATION(#18,'Profile','Curve3D',(#10848));
#10850=IFCCARTESIANPOINTLIST2D(((0.,0.),(0.,2.),(0.8903958797454834,2.),(0.8903958797454834,0.),(0.86539587937295437,0.),(0.86539587937295437,1.974999999627471),(0.02500000037252903,1.974999999627471),(0.02500000037252903,0.)));
#10851=IFCINDEXEDPOLYCURVE(#10850,(IFCLINEINDEX((1,2,3,4,5,6,7,8,1))),$);
#10852=IFCARBITRARYCLOSEDPROFILEDEF(.AREA.,$,#10851);
#10853=IFCCARTESIANPOINT((0.,0.02500000037252903,0.));
#10854=IFCDIRECTION((0.,-1.,0.));
#10855=IFCDIRECTION((1.,0.,0.));
#10856=IFCAXIS2PLACEMENT3D(#10853,#10854,#10855);
#10857=IFCDIRECTION((0.,0.,-1.));
#10858=IFCEXTRUDEDAREASOLID(#10852,#10856,#10857,0.02500000037252903);
#10859=IFCCARTESIANPOINTLIST2D(((0.,0.),(0.,2.),(0.8903958797454834,2.),(0.8903958797454834,0.),(0.84039587900042534,0.),(0.84039587900042534,1.9499999992549419),(0.05000000074505806,1.9499999992549419),(0.05000000074505806,0.)));
#10860=IFCINDEXEDPOLYCURVE(#10859,(IFCLINEINDEX((1,2,3,4,5,6,7,8,1))),$);
#10861=IFCARBITRARYCLOSEDPROFILEDEF(.AREA.,$,#10860);
#10862=IFCCARTESIANPOINT((0.,0.,0.));
#10863=IFCDIRECTION((0.,-1.,0.));
#10864=IFCDIRECTION((1.,0.,0.));
#10865=IFCAXIS2PLACEMENT3D(#10862,#10863,#10864);
#10866=IFCDIRECTION((0.,0.,-1.));
#10867=IFCEXTRUDEDAREASOLID(#10861,#10865,#10866,0.02500000037252903);
#10868=IFCCARTESIANPOINTLIST2D(((0.,0.),(0.79039587825536728,0.),(0.79039587825536728,0.10000000149011612),(0.,0.10000000149011612)));
#10869=IFCINDEXEDPOLYCURVE(#10868,(IFCLINEINDEX((1,2,3,4,1))),$);
#10870=IFCARBITRARYCLOSEDPROFILEDEF(.AREA.,$,#10869);
#10871=IFCCARTESIANPOINT((0.05000000074505806,0.,0.));
#10872=IFCDIRECTION((0.,0.,1.));
#10873=IFCDIRECTION((1.,0.,0.));
#10874=IFCAXIS2PLACEMENT3D(#10871,#10872,#10873);
#10875=IFCDIRECTION((0.,0.,1.));
#10876=IFCEXTRUDEDAREASOLID(#10870,#10874,#10875,0.02500000037252903);
#10877=IFCCARTESIANPOINTLIST2D(((0.,0.),(0.,2.0250000022351742),(0.94039588421583176,2.0250000022351742),(0.94039588421583176,0.),(0.86539588123559952,0.),(0.86539588123559952,1.9499999992549419),(0.075000002980232239,1.9499999992549419),(0.075000002980232239,0.)));
#10878=IFCINDEXEDPOLYCURVE(#10877,(IFCLINEINDEX((1,2,3,4,5,6,7,8,1))),$);
#10879=IFCARBITRARYCLOSEDPROFILEDEF(.AREA.,$,#10878);
#10880=IFCCARTESIANPOINT((-0.025000002235174179,-0.004999999888241291,0.));
#10881=IFCDIRECTION((0.,-1.,0.));
#10882=IFCDIRECTION((1.,0.,0.));
#10883=IFCAXIS2PLACEMENT3D(#10880,#10881,#10882);
#10884=IFCDIRECTION((0.,0.,-1.));
#10885=IFCEXTRUDEDAREASOLID(#10879,#10883,#10884,0.004999999888241291);
#10886=IFCCARTESIANPOINTLIST2D(((0.,0.),(0.,2.0250000022351742),(0.94039588421583176,2.0250000022351742),(0.94039588421583176,0.),(0.89039588160812855,0.),(0.89039588160812855,1.974999999627471),(0.050000002607703209,1.974999999627471),(0.050000002607703209,0.)));
#10887=IFCINDEXEDPOLYCURVE(#10886,(IFCLINEINDEX((1,2,3,4,5,6,7,8,1))),$);
#10888=IFCARBITRARYCLOSEDPROFILEDEF(.AREA.,$,#10887);
#10889=IFCCARTESIANPOINT((-0.025000002235174179,0.05000000074505806,0.));
#10890=IFCDIRECTION((0.,-1.,0.));
#10891=IFCDIRECTION((1.,0.,0.));
#10892=IFCAXIS2PLACEMENT3D(#10889,#10890,#10891);
#10893=IFCDIRECTION((0.,0.,-1.));
#10894=IFCEXTRUDEDAREASOLID(#10888,#10892,#10893,0.004999999888241291);
#10895=IFCCARTESIANPOINTLIST2D(((0.,0.),(0.84039587900042534,0.),(0.84039587900042534,0.035000000149011612),(0.,0.035000000149011612)));
#10896=IFCINDEXEDPOLYCURVE(#10895,(IFCLINEINDEX((1,2,3,4,1))),$);
#10897=IFCARBITRARYCLOSEDPROFILEDEF(.AREA.,$,#10896);
#10898=IFCCARTESIANPOINT((0.02500000037252903,0.02500000037252903,0.02500000037252903));
#10899=IFCDIRECTION((0.,0.,1.));
#10900=IFCDIRECTION((1.,0.,0.));
#10901=IFCAXIS2PLACEMENT3D(#10898,#10899,#10900);
#10902=IFCDIRECTION((0.,0.,1.));
#10903=IFCEXTRUDEDAREASOLID(#10897,#10901,#10902,1.9499999992549419);
#10904=IFCCARTESIANPOINTLIST2D(((0.,0.),(0.,-0.040000000000000001),(-0.11999999999999988,-0.040000000000000001),(-0.11999999999999988,-0.02),(-0.020000000000000018,-0.02),(-0.020000000000000018,0.)));
#10905=IFCINDEXEDPOLYCURVE(#10904,(IFCLINEINDEX((1,2,3,4,5,6,1))),$);
#10906=IFCARBITRARYCLOSEDPROFILEDEF(.AREA.,$,#10905);
#10907=IFCCARTESIANPOINT((0.81539587937295432,0.02500000037252903,1.015000000372529));
#10908=IFCDIRECTION((0.,0.,1.));
#10909=IFCDIRECTION((1.,0.,0.));
#10910=IFCAXIS2PLACEMENT3D(#10907,#10908,#10909);
#10911=IFCDIRECTION((0.,0.,1.));
#10912=IFCEXTRUDEDAREASOLID(#10906,#10910,#10911,0.02);
#10913=IFCEXTRUDEDAREASOLID(#10914,#10917,#10921,0.02);
#10914=IFCARBITRARYCLOSEDPROFILEDEF(.AREA.,$,#10915);
#10915=IFCINDEXEDPOLYCURVE(#10916,(IFCLINEINDEX((1,2,3,4,5,6,1))),$);
#10916=IFCCARTESIANPOINTLIST2D(((0.,0.),(0.,0.040000000000000008),(-0.11999999999999988,0.040000000000000008),(-0.11999999999999988,0.020000000000000004),(-0.020000000000000018,0.020000000000000004),(-0.020000000000000018,0.)));
#10917=IFCAXIS2PLACEMENT3D(#10918,#10919,#10920);
#10918=IFCCARTESIANPOINT((0.81539587937295432,0.060000000521540642,1.015000000372529));
#10919=IFCDIRECTION((0.,0.,1.));
#10920=IFCDIRECTION((1.,0.,0.));
#10921=IFCDIRECTION((0.,0.,1.));
#10922=IFCSHAPEREPRESENTATION(#11,'Body','SweptSolid',(#10858,#10867,#10903,#10912,#10913,#10876,#10885,#10894));
#10923=IFCSHAPEREPRESENTATION(#11,'Body','SweptSolid',(#10858,#10867,#10876,#10885,#10894));
#10924=IFCSHAPEASPECT((#10923),'Lining',$,.T.,#10776);
#10925=IFCSHAPEREPRESENTATION(#11,'Body','SweptSolid',(#10903,#10912,#10913));
#10926=IFCSHAPEASPECT((#10925),'Framing',$,.T.,#10776);
#10927=IFCCARTESIANPOINTLIST2D(((0.,0.),(0.,0.05000000074505806),(0.02500000037252903,0.05000000074505806),(0.02500000037252903,0.02500000037252903),(0.05000000074505806,0.02500000037252903),(0.05000000074505806,0.)));
#10928=IFCINDEXEDPOLYCURVE(#10927,(IFCLINEINDEX((1,2,3,4,5,6,1))),$);
#10929=IFCINDEXEDPOLYCURVE(#10930,(IFCLINEINDEX((1,2,3,4,5,6,1))),$);
#10930=IFCCARTESIANPOINTLIST2D(((0.8903958797454834,0.),(0.8903958797454834,0.05000000074505806),(0.86539587937295437,0.05000000074505806),(0.86539587937295437,0.02500000037252903),(0.84039587900042534,0.02500000037252903),(0.84039587900042534,0.)));
#10931=IFCDIRECTION((1.,0.));
#10932=IFCCARTESIANPOINT((0.060000000521540642,0.05000000074505806));
#10933=IFCAXIS2PLACEMENT2D(#10932,#10931);
#10934=IFCELLIPSE(#10933,0.80539587885141373,0.84039587900042534);
#10935=IFCCARTESIANPOINT((0.86539587937295437,0.05000000074505806));
#10936=IFCCARTESIANPOINT((0.060000000521540642,0.8903958797454834));
#10937=IFCTRIMMEDCURVE(#10934,(#10935),(#10936),.T.,.CARTESIAN.);
#10938=IFCCARTESIANPOINTLIST2D(((0.02500000037252903,0.05000000074505806),(0.060000000521540642,0.05000000074505806),(0.060000000521540642,0.8903958797454834),(0.02500000037252903,0.8903958797454834)));
#10939=IFCINDEXEDPOLYCURVE(#10938,(IFCLINEINDEX((1,2,3,4,1))),$);
#10940=IFCSHAPEREPRESENTATION(#24,'Body','Curve2D',(#10928,#10929,#10937,#10939));
#10941=IFCCARTESIANPOINTLIST2D(((0.,0.),(0.8903958797454834,0.),(0.8903958797454834,2.),(0.,2.)));
#10942=IFCINDEXEDPOLYCURVE(#10941,(IFCLINEINDEX((1,2,3,4,1))),$);
#10943=IFCARBITRARYCLOSEDPROFILEDEF(.AREA.,$,#10942);
#10944=IFCCARTESIANPOINT((0.,-0.60000002384185791,0.));
#10945=IFCDIRECTION((0.,-1.,0.));
#10946=IFCDIRECTION((1.,0.,0.));
#10947=IFCAXIS2PLACEMENT3D(#10944,#10945,#10946);
#10948=IFCDIRECTION((0.,0.,-1.));
#10949=IFCEXTRUDEDAREASOLID(#10943,#10947,#10948,1.2);
#10950=IFCSHAPEREPRESENTATION(#11,'Body','SweptSolid',(#10949));
#10956=IFCCARTESIANPOINT((0.29626670125326748,1.6778308875586845E-07,0.));
#10957=IFCDIRECTION((0.,0.,1.));
#10958=IFCDIRECTION((0.99999999999998479,-1.7484555314694642E-07,0.));
#10959=IFCAXIS2PLACEMENT3D(#10956,#10957,#10958);
#10960=IFCLOCALPLACEMENT(#8163,#10959);
#10961=IFCCARTESIANPOINT((2.2204460492503131E-16,0.,0.));
#10962=IFCDIRECTION((0.,0.,1.));
#10963=IFCDIRECTION((1.,0.,0.));
#10964=IFCAXIS2PLACEMENT3D(#10961,#10962,#10963);
#10965=IFCLOCALPLACEMENT(#10960,#10964);
#10966=IFCWINDOWTYPE('1sp09bt7v75vlOCOp4xA0T',$,'BEADROOM-2-2F',$,$,(#10967),(#10969,#10977,#11063),$,$,.WINDOW.,.SINGLE_PANEL.,$,$);
#10967=IFCPROPERTYSET('0hrl7hFNTDyA5aikYeP6Lx',$,'BBIM_Window',$,(#10968));
#10968=IFCPROPERTYSINGLEVALUE('Data',$,IFCTEXT('{"window_type": "DOUBLE_PANEL_VERTICAL", "overall_height": 0.8999999761581421, "overall_width": 1.249635934829712, "lining_properties": {"lining_depth": 0.05000000074505806, "lining_thickness": 0.05000000074505806, "lining_offset": 0.05000000074505806, "lining_to_panel_offset_x": 0.02500000037252903, "lining_to_panel_offset_y": 0.02500000037252903, "mullion_thickness": 0.05000000074505806, "first_mullion_offset": 0.6660541296005249}, "panel_properties": {"frame_depth": [0.03500000014901161, 0.03500000014901161, 0.03500000014901161], "frame_thickness": [0.03500000014901161, 0.03500000014901161, 0.03500000014901161]}}'),$);
#10969=IFCREPRESENTATIONMAP(#10970,#11183);
#10970=IFCAXIS2PLACEMENT3D(#10971,#10972,#10973);
#10971=IFCCARTESIANPOINT((0.,0.,0.));
#10972=IFCDIRECTION((0.,0.,1.));
#10973=IFCDIRECTION((1.,0.,0.));
#10977=IFCREPRESENTATIONMAP(#10978,#11264);
#10978=IFCAXIS2PLACEMENT3D(#10979,#10980,#10981);
#10979=IFCCARTESIANPOINT((0.,0.,0.));
#10980=IFCDIRECTION((0.,0.,1.));
#10981=IFCDIRECTION((1.,0.,0.));
#11063=IFCREPRESENTATIONMAP(#11064,#11303);
#11064=IFCAXIS2PLACEMENT3D(#11065,#11066,#11067);
#11065=IFCCARTESIANPOINT((0.,0.,0.));
#11066=IFCDIRECTION((0.,0.,1.));
#11067=IFCDIRECTION((1.,0.,0.));
#11101=IFCWINDOW('1L1wgOl5T6wxqXFelmS0rG',$,'Window',$,$,#11328,#11110,$,0.89999997615814209,1.2496359348297119,$,.DOUBLE_PANEL_VERTICAL.,$);
#11102=IFCRELDEFINESBYTYPE('3Zdgjzd4f0PhUckA9hUbZ5',$,$,$,(#11101),#10966);
#11103=IFCCARTESIANPOINT((0.,0.,0.));
#11104=IFCDIRECTION((1.,0.,0.));
#11105=IFCDIRECTION((0.,1.,0.));
#11106=IFCDIRECTION((0.,0.,1.));
#11107=IFCCARTESIANTRANSFORMATIONOPERATOR3D(#11104,#11105,#11103,1.,#11106);
#11108=IFCMAPPEDITEM(#10969,#11107);
#11109=IFCSHAPEREPRESENTATION(#18,'Profile','MappedRepresentation',(#11108));
#11110=IFCPRODUCTDEFINITIONSHAPE($,$,(#11109,#11117,#11124));
#11111=IFCCARTESIANPOINT((0.,0.,0.));
#11112=IFCDIRECTION((1.,0.,0.));
#11113=IFCDIRECTION((0.,1.,0.));
#11114=IFCDIRECTION((0.,0.,1.));
#11115=IFCCARTESIANTRANSFORMATIONOPERATOR3D(#11112,#11113,#11111,1.,#11114);
#11116=IFCMAPPEDITEM(#10977,#11115);
#11117=IFCSHAPEREPRESENTATION(#11,'Body','MappedRepresentation',(#11116));
#11118=IFCCARTESIANPOINT((0.,0.,0.));
#11119=IFCDIRECTION((1.,0.,0.));
#11120=IFCDIRECTION((0.,1.,0.));
#11121=IFCDIRECTION((0.,0.,1.));
#11122=IFCCARTESIANTRANSFORMATIONOPERATOR3D(#11119,#11120,#11118,1.,#11121);
#11123=IFCMAPPEDITEM(#11063,#11122);
#11124=IFCSHAPEREPRESENTATION(#24,'Body','MappedRepresentation',(#11123));
#11125=IFCOPENINGELEMENT('314qhFvtb9rAk0u168RxaT',$,'Opening',$,$,#11323,#11153,$,.OPENING.);
#11141=IFCCARTESIANPOINT((0.,0.,0.));
#11142=IFCDIRECTION((1.,0.,0.));
#11143=IFCDIRECTION((0.,0.,1.));
#11144=IFCAXIS2PLACEMENT3D(#11141,#11143,#11142);
#11145=IFCREPRESENTATIONMAP(#11144,#11313);
#11146=IFCCARTESIANPOINT((0.,0.,0.));
#11147=IFCDIRECTION((1.,0.,0.));
#11148=IFCDIRECTION((0.,1.,0.));
#11149=IFCDIRECTION((0.,0.,1.));
#11150=IFCCARTESIANTRANSFORMATIONOPERATOR3D(#11147,#11148,#11146,1.,#11149);
#11151=IFCMAPPEDITEM(#11145,#11150);
#11152=IFCSHAPEREPRESENTATION(#11,'Body','MappedRepresentation',(#11151));
#11153=IFCPRODUCTDEFINITIONSHAPE($,$,(#11152));
#11154=IFCRELVOIDSELEMENT('39neFU5XPB5gg2Z_yV9zN8',$,$,$,#7798,#11125);
#11160=IFCRELFILLSELEMENT('0iAYlN8k5FDB$WYYfjZq0C',$,$,$,#11125,#11101);
#11181=IFCCARTESIANPOINTLIST3D(((0.,0.,0.),(1.2496359348297119,0.,0.),(1.2496359348297119,0.,0.89999997615814209),(0.,0.,0.89999997615814209)));
#11182=IFCINDEXEDPOLYCURVE(#11181,(IFCLINEINDEX((1,2,3,4,1))),$);
#11183=IFCSHAPEREPRESENTATION(#18,'Profile','Curve3D',(#11182));
#11184=IFCCARTESIANPOINTLIST2D(((0.6660541296005249,0.),(0.,0.),(0.,0.89999997615814209),(0.6660541296005249,0.89999997615814209),(0.6660541296005249,0.87499997578561306),(0.02500000037252903,0.87499997578561306),(0.02500000037252903,0.02500000037252903),(0.6660541296005249,0.02500000037252903)));
#11185=IFCINDEXEDPOLYCURVE(#11184,(IFCLINEINDEX((1,2,3,4,5,6,7,8,1))),$);
#11186=IFCARBITRARYCLOSEDPROFILEDEF(.AREA.,$,#11185);
#11187=IFCCARTESIANPOINT((0.,0.090000001713633537,0.));
#11188=IFCDIRECTION((0.,-1.,0.));
#11189=IFCDIRECTION((1.,0.,0.));
#11190=IFCAXIS2PLACEMENT3D(#11187,#11188,#11189);
#11191=IFCDIRECTION((0.,0.,-1.));
#11192=IFCEXTRUDEDAREASOLID(#11186,#11190,#11191,0.0099999997764825821);
#11193=IFCCARTESIANPOINTLIST2D(((0.,0.),(0.6660541296005249,0.),(0.6660541296005249,0.89999997615814209),(0.,0.89999997615814209)));
#11194=IFCINDEXEDPOLYCURVE(#11193,(IFCLINEINDEX((1,2,3,4,1))),$);
#11195=IFCCARTESIANPOINTLIST2D(((0.05000000074505806,0.05000000074505806),(0.64105412922799587,0.05000000074505806),(0.64105412922799587,0.84999997541308403),(0.05000000074505806,0.84999997541308403)));
#11196=IFCINDEXEDPOLYCURVE(#11195,(IFCLINEINDEX((1,2,3,4,1))),$);
#11197=IFCARBITRARYPROFILEDEFWITHVOIDS(.AREA.,$,#11194,(#11196));
#11198=IFCCARTESIANPOINT((0.,0.05000000074505806,0.));
#11199=IFCDIRECTION((0.,-1.,0.));
#11200=IFCDIRECTION((1.,0.,0.));
#11201=IFCAXIS2PLACEMENT3D(#11198,#11199,#11200);
#11202=IFCDIRECTION((0.,0.,-1.));
#11203=IFCEXTRUDEDAREASOLID(#11197,#11201,#11202,0.040000000968575478);
#11204=IFCCARTESIANPOINTLIST2D(((0.,0.),(0.64105412922799587,0.),(0.64105412922799587,0.84999997541308403),(0.,0.84999997541308403)));
#11205=IFCINDEXEDPOLYCURVE(#11204,(IFCLINEINDEX((1,2,3,4,1))),$);
#11206=IFCCARTESIANPOINTLIST2D(((0.035000000149011612,0.035000000149011612),(0.60605412907898426,0.035000000149011612),(0.60605412907898426,0.81499997526407242),(0.035000000149011612,0.81499997526407242)));
#11207=IFCINDEXEDPOLYCURVE(#11206,(IFCLINEINDEX((1,2,3,4,1))),$);
#11208=IFCARBITRARYPROFILEDEFWITHVOIDS(.AREA.,$,#11205,(#11207));
#11209=IFCCARTESIANPOINT((0.02500000037252903,0.090000001713633537,0.02500000037252903));
#11210=IFCDIRECTION((0.,-1.,0.));
#11211=IFCDIRECTION((1.,0.,0.));
#11212=IFCAXIS2PLACEMENT3D(#11209,#11210,#11211);
#11213=IFCDIRECTION((0.,0.,-1.));
#11214=IFCEXTRUDEDAREASOLID(#11208,#11212,#11213,0.035000000149011612);
#11215=IFCINDEXEDPOLYCURVE(#11216,(IFCLINEINDEX((1,2,3,4,1))),$);
#11216=IFCCARTESIANPOINTLIST2D(((0.035000000149011612,0.035000000149011612),(0.60605412907898426,0.035000000149011612),(0.60605412907898426,0.81499997526407242),(0.035000000149011612,0.81499997526407242)));
#11217=IFCARBITRARYCLOSEDPROFILEDEF(.AREA.,$,#11215);
#11218=IFCCARTESIANPOINT((0.02500000037252903,0.10250000178813934,0.02500000037252903));
#11219=IFCDIRECTION((0.,-1.,0.));
#11220=IFCDIRECTION((1.,0.,0.));
#11221=IFCAXIS2PLACEMENT3D(#11218,#11219,#11220);
#11222=IFCDIRECTION((0.,0.,-1.));
#11223=IFCEXTRUDEDAREASOLID(#11217,#11221,#11222,0.01);
#11224=IFCCARTESIANPOINTLIST2D(((0.,0.89999997615814209),(0.58358180522918701,0.89999997615814209),(0.58358180522918701,0.),(0.,0.),(0.,0.02500000037252903),(0.55858180485665798,0.02500000037252903),(0.55858180485665798,0.87499997578561306),(0.,0.87499997578561306)));
#11225=IFCINDEXEDPOLYCURVE(#11224,(IFCLINEINDEX((1,2,3,4,5,6,7,8,1))),$);
#11226=IFCARBITRARYCLOSEDPROFILEDEF(.AREA.,$,#11225);
#11227=IFCCARTESIANPOINT((0.6660541296005249,0.090000001713633537,0.));
#11228=IFCDIRECTION((0.,-1.,0.));
#11229=IFCDIRECTION((1.,0.,0.));
#11230=IFCAXIS2PLACEMENT3D(#11227,#11228,#11229);
#11231=IFCDIRECTION((0.,0.,-1.));
#11232=IFCEXTRUDEDAREASOLID(#11226,#11230,#11231,0.0099999997764825821);
#11233=IFCCARTESIANPOINTLIST2D(((0.,0.),(0.58358180522918701,0.),(0.58358180522918701,0.89999997615814209),(0.,0.89999997615814209)));
#11234=IFCINDEXEDPOLYCURVE(#11233,(IFCLINEINDEX((1,2,3,4,1))),$);
#11235=IFCCARTESIANPOINTLIST2D(((0.02500000037252903,0.05000000074505806),(0.53358180448412895,0.05000000074505806),(0.53358180448412895,0.84999997541308403),(0.02500000037252903,0.84999997541308403)));
#11236=IFCINDEXEDPOLYCURVE(#11235,(IFCLINEINDEX((1,2,3,4,1))),$);
#11237=IFCARBITRARYPROFILEDEFWITHVOIDS(.AREA.,$,#11234,(#11236));
#11238=IFCCARTESIANPOINT((0.6660541296005249,0.05000000074505806,0.));
#11239=IFCDIRECTION((0.,-1.,0.));
#11240=IFCDIRECTION((1.,0.,0.));
#11241=IFCAXIS2PLACEMENT3D(#11238,#11239,#11240);
#11242=IFCDIRECTION((0.,0.,-1.));
#11243=IFCEXTRUDEDAREASOLID(#11237,#11241,#11242,0.040000000968575478);
#11244=IFCCARTESIANPOINTLIST2D(((0.,0.),(0.55858180485665798,0.),(0.55858180485665798,0.84999997541308403),(0.,0.84999997541308403)));
#11245=IFCINDEXEDPOLYCURVE(#11244,(IFCLINEINDEX((1,2,3,4,1))),$);
#11246=IFCCARTESIANPOINTLIST2D(((0.035000000149011612,0.035000000149011612),(0.52358180470764637,0.035000000149011612),(0.52358180470764637,0.81499997526407242),(0.035000000149011612,0.81499997526407242)));
#11247=IFCINDEXEDPOLYCURVE(#11246,(IFCLINEINDEX((1,2,3,4,1))),$);
#11248=IFCARBITRARYPROFILEDEFWITHVOIDS(.AREA.,$,#11245,(#11247));
#11249=IFCCARTESIANPOINT((0.6660541296005249,0.090000001713633537,0.02500000037252903));
#11250=IFCDIRECTION((0.,-1.,0.));
#11251=IFCDIRECTION((1.,0.,0.));
#11252=IFCAXIS2PLACEMENT3D(#11249,#11250,#11251);
#11253=IFCDIRECTION((0.,0.,-1.));
#11254=IFCEXTRUDEDAREASOLID(#11248,#11252,#11253,0.035000000149011612);
#11255=IFCINDEXEDPOLYCURVE(#11256,(IFCLINEINDEX((1,2,3,4,1))),$);
#11256=IFCCARTESIANPOINTLIST2D(((0.035000000149011612,0.035000000149011612),(0.52358180470764637,0.035000000149011612),(0.52358180470764637,0.81499997526407242),(0.035000000149011612,0.81499997526407242)));
#11257=IFCARBITRARYCLOSEDPROFILEDEF(.AREA.,$,#11255);
#11258=IFCCARTESIANPOINT((0.6660541296005249,0.10250000178813934,0.02500000037252903));
#11259=IFCDIRECTION((0.,-1.,0.));
#11260=IFCDIRECTION((1.,0.,0.));
#11261=IFCAXIS2PLACEMENT3D(#11258,#11259,#11260);
#11262=IFCDIRECTION((0.,0.,-1.));
#11263=IFCEXTRUDEDAREASOLID(#11257,#11261,#11262,0.01);
#11264=IFCSHAPEREPRESENTATION(#11,'Body','SweptSolid',(#11192,#11203,#11214,#11223,#11232,#11243,#11254,#11263));
#11265=IFCSHAPEREPRESENTATION(#11,'Body','SweptSolid',(#11192,#11203,#11232,#11243));
#11266=IFCSHAPEASPECT((#11265),'Lining',$,.T.,#11110);
#11267=IFCSHAPEREPRESENTATION(#11,'Body','SweptSolid',(#11214,#11254));
#11268=IFCSHAPEASPECT((#11267),'Framing',$,.T.,#11110);
#11269=IFCSHAPEREPRESENTATION(#11,'Body','SweptSolid',(#11223,#11263));
#11270=IFCSHAPEASPECT((#11269),'Glazing',$,.T.,#11110);
#11271=IFCCARTESIANPOINTLIST2D(((0.05000000074505806,0.05000000074505806),(0.64105412922799587,0.05000000074505806)));
#11272=IFCINDEXEDPOLYCURVE(#11271,$,$);
#11273=IFCCARTESIANPOINTLIST2D(((0.,0.10000000149011612),(0.02500000037252903,0.10000000149011612),(0.02500000037252903,0.090000001713633537),(0.05000000074505806,0.090000001713633537),(0.05000000074505806,0.05000000074505806),(0.,0.05000000074505806)));
#11274=IFCINDEXEDPOLYCURVE(#11273,(IFCLINEINDEX((1,2,3,4,5,6,1))),$);
#11275=IFCCARTESIANPOINTLIST2D(((0.6660541296005249,0.10000000149011612),(0.6660541296005249,0.10000000149011612),(0.6660541296005249,0.090000001713633537),(0.64105412922799587,0.090000001713633537),(0.64105412922799587,0.05000000074505806),(0.6660541296005249,0.05000000074505806)));
#11276=IFCINDEXEDPOLYCURVE(#11275,$,$);
#11277=IFCCARTESIANPOINTLIST2D(((0.02500000037252903,0.090000001713633537),(0.060000000521540642,0.090000001713633537),(0.060000000521540642,0.12500000186264515),(0.02500000037252903,0.12500000186264515)));
#11278=IFCINDEXEDPOLYCURVE(#11277,(IFCLINEINDEX((1,2,3,4,1))),$);
#11279=IFCINDEXEDPOLYCURVE(#11280,(IFCLINEINDEX((1,2,3,4,1))),$);
#11280=IFCCARTESIANPOINTLIST2D(((0.6660541296005249,0.090000001713633537),(0.63105412945151329,0.090000001713633537),(0.63105412945151329,0.12500000186264515),(0.6660541296005249,0.12500000186264515)));
#11281=IFCCARTESIANPOINTLIST2D(((0.060000000521540642,0.090000001713633537),(0.63105412945151329,0.090000001713633537)));
#11282=IFCINDEXEDPOLYCURVE(#11281,$,$);
#11283=IFCINDEXEDPOLYCURVE(#11284,$,$);
#11284=IFCCARTESIANPOINTLIST2D(((0.060000000521540642,0.12500000186264515),(0.63105412945151329,0.12500000186264515)));
#11285=IFCINDEXEDPOLYCURVE(#11286,$,$);
#11286=IFCCARTESIANPOINTLIST2D(((0.060000000521540642,0.10750000178813934),(0.63105412945151329,0.10750000178813934)));
#11287=IFCCARTESIANPOINTLIST2D(((0.69105412997305393,0.05000000074505806),(1.1996359340846539,0.05000000074505806)));
#11288=IFCINDEXEDPOLYCURVE(#11287,$,$);
#11289=IFCCARTESIANPOINTLIST2D(((0.6660541296005249,0.10000000149011612),(0.6660541296005249,0.10000000149011612),(0.6660541296005249,0.090000001713633537),(0.69105412997305393,0.090000001713633537),(0.69105412997305393,0.05000000074505806),(0.6660541296005249,0.05000000074505806)));
#11290=IFCINDEXEDPOLYCURVE(#11289,$,$);
#11291=IFCCARTESIANPOINTLIST2D(((1.2496359348297119,0.10000000149011612),(1.2246359344571829,0.10000000149011612),(1.2246359344571829,0.090000001713633537),(1.1996359340846539,0.090000001713633537),(1.1996359340846539,0.05000000074505806),(1.2496359348297119,0.05000000074505806)));
#11292=IFCINDEXEDPOLYCURVE(#11291,(IFCLINEINDEX((1,2,3,4,5,6,1))),$);
#11293=IFCCARTESIANPOINTLIST2D(((0.6660541296005249,0.090000001713633537),(0.70105412974953651,0.090000001713633537),(0.70105412974953651,0.12500000186264515),(0.6660541296005249,0.12500000186264515)));
#11294=IFCINDEXEDPOLYCURVE(#11293,(IFCLINEINDEX((1,2,3,4,1))),$);
#11295=IFCINDEXEDPOLYCURVE(#11296,(IFCLINEINDEX((1,2,3,4,1))),$);
#11296=IFCCARTESIANPOINTLIST2D(((1.2246359344571829,0.090000001713633537),(1.1896359343081713,0.090000001713633537),(1.1896359343081713,0.12500000186264515),(1.2246359344571829,0.12500000186264515)));
#11297=IFCCARTESIANPOINTLIST2D(((0.70105412974953651,0.090000001713633537),(1.1896359343081713,0.090000001713633537)));
#11298=IFCINDEXEDPOLYCURVE(#11297,$,$);
#11299=IFCINDEXEDPOLYCURVE(#11300,$,$);
#11300=IFCCARTESIANPOINTLIST2D(((0.70105412974953651,0.12500000186264515),(1.1896359343081713,0.12500000186264515)));
#11301=IFCINDEXEDPOLYCURVE(#11302,$,$);
#11302=IFCCARTESIANPOINTLIST2D(((0.70105412974953651,0.10750000178813934),(1.1896359343081713,0.10750000178813934)));
#11303=IFCSHAPEREPRESENTATION(#24,'Body','Curve2D',(#11272,#11274,#11276,#11278,#11279,#11282,#11283,#11285,#11288,#11290,#11292,#11294,#11295,#11298,#11299,#11301));
#11304=IFCCARTESIANPOINTLIST2D(((0.,0.),(1.2496359348297119,0.),(1.2496359348297119,0.89999997615814209),(0.,0.89999997615814209)));
#11305=IFCINDEXEDPOLYCURVE(#11304,(IFCLINEINDEX((1,2,3,4,1))),$);
#11306=IFCARBITRARYCLOSEDPROFILEDEF(.AREA.,$,#11305);
#11307=IFCCARTESIANPOINT((0.,-0.60000002384185791,0.));
#11308=IFCDIRECTION((0.,-1.,0.));
#11309=IFCDIRECTION((1.,0.,0.));
#11310=IFCAXIS2PLACEMENT3D(#11307,#11308,#11309);
#11311=IFCDIRECTION((0.,0.,-1.));
#11312=IFCEXTRUDEDAREASOLID(#11306,#11310,#11311,1.2);
#11313=IFCSHAPEREPRESENTATION(#11,'Body','SweptSolid',(#11312));
#11319=IFCCARTESIANPOINT((0.28804555529111187,2.384185791015625E-07,1.));
#11320=IFCDIRECTION((0.,0.,1.));
#11321=IFCDIRECTION((0.99999999999997158,-2.3841857910155572E-07,0.));
#11322=IFCAXIS2PLACEMENT3D(#11319,#11320,#11321);
#11323=IFCLOCALPLACEMENT(#8227,#11322);
#11324=IFCCARTESIANPOINT((8.8817841970012523E-16,0.,0.));
#11325=IFCDIRECTION((0.,0.,1.));
#11326=IFCDIRECTION((1.,0.,0.));
#11327=IFCAXIS2PLACEMENT3D(#11324,#11325,#11326);
#11328=IFCLOCALPLACEMENT(#11323,#11327);
#11329=IFCDOORTYPE('0pZqQB8Aj4ggNNTSCPv2cW',$,'MASTER-BALCONY-2F',$,$,(#11330),(#11332,#11340,#11409,#11421),$,$,.DOOR.,.SINGLE_SWING_LEFT.,$,$);
#11330=IFCPROPERTYSET('0wNH7pAYrFNuI7ZRSpk_Ou',$,'BBIM_Door',$,(#11331));
#11331=IFCPROPERTYSINGLEVALUE('Data',$,IFCTEXT('{"door_type": "SLIDING_TO_LEFT", "overall_height": 2.0, "overall_width": 2.0069265365600586, "lining_properties": {"lining_depth": 0.05000000074505806, "lining_thickness": 0.05000000074505806, "lining_offset": 0.0, "transom_thickness": 0.0, "casing_thickness": 0.07500000298023224, "casing_depth": 0.004999999888241291, "threshold_thickness": 0.02500000037252903, "threshold_depth": 0.10000000149011612, "threshold_offset": 0.0}, "panel_properties": {"panel_depth": 0.03500000014901161, "panel_width_ratio": 1.0}}'),$);
#11332=IFCREPRESENTATIONMAP(#11333,#11535);
#11333=IFCAXIS2PLACEMENT3D(#11334,#11335,#11336);
#11334=IFCCARTESIANPOINT((0.,0.,0.));
#11335=IFCDIRECTION((0.,0.,1.));
#11336=IFCDIRECTION((1.,0.,0.));
#11340=IFCREPRESENTATIONMAP(#11341,#11599);
#11341=IFCAXIS2PLACEMENT3D(#11342,#11343,#11344);
#11342=IFCCARTESIANPOINT((0.,0.,0.));
#11343=IFCDIRECTION((0.,0.,1.));
#11344=IFCDIRECTION((1.,0.,0.));
#11409=IFCREPRESENTATIONMAP(#11410,#11610);
#11410=IFCAXIS2PLACEMENT3D(#11411,#11412,#11413);
#11411=IFCCARTESIANPOINT((0.,0.,0.));
#11412=IFCDIRECTION((0.,0.,1.));
#11413=IFCDIRECTION((1.,0.,0.));
#11421=IFCREPRESENTATIONMAP(#11422,#11615);
#11422=IFCAXIS2PLACEMENT3D(#11423,#11424,#11425);
#11423=IFCCARTESIANPOINT((0.,0.,0.));
#11424=IFCDIRECTION((0.,0.,1.));
#11425=IFCDIRECTION((1.,0.,0.));
#11431=IFCDOOR('3ywizM6vb57wld6f3Hvw8t',$,'Door',$,$,#11640,#11440,$,2.,2.0069265365600586,$,.SLIDING_TO_LEFT.,$);
#11432=IFCRELDEFINESBYTYPE('0kth1HpVb5RvSvVKG_X7JK',$,$,$,(#11431),#11329);
#11433=IFCCARTESIANPOINT((0.,0.,0.));
#11434=IFCDIRECTION((1.,0.,0.));
#11435=IFCDIRECTION((0.,1.,0.));
#11436=IFCDIRECTION((0.,0.,1.));
#11437=IFCCARTESIANTRANSFORMATIONOPERATOR3D(#11434,#11435,#11433,1.,#11436);
#11438=IFCMAPPEDITEM(#11332,#11437);
#11439=IFCSHAPEREPRESENTATION(#18,'Profile','MappedRepresentation',(#11438));
#11440=IFCPRODUCTDEFINITIONSHAPE($,$,(#11439,#11447,#11454,#11461));
#11441=IFCCARTESIANPOINT((0.,0.,0.));
#11442=IFCDIRECTION((1.,0.,0.));
#11443=IFCDIRECTION((0.,1.,0.));
#11444=IFCDIRECTION((0.,0.,1.));
#11445=IFCCARTESIANTRANSFORMATIONOPERATOR3D(#11442,#11443,#11441,1.,#11444);
#11446=IFCMAPPEDITEM(#11340,#11445);
#11447=IFCSHAPEREPRESENTATION(#11,'Body','MappedRepresentation',(#11446));
#11448=IFCCARTESIANPOINT((0.,0.,0.));
#11449=IFCDIRECTION((1.,0.,0.));
#11450=IFCDIRECTION((0.,1.,0.));
#11451=IFCDIRECTION((0.,0.,1.));
#11452=IFCCARTESIANTRANSFORMATIONOPERATOR3D(#11449,#11450,#11448,1.,#11451);
#11453=IFCMAPPEDITEM(#11409,#11452);
#11454=IFCSHAPEREPRESENTATION(#24,'Body','MappedRepresentation',(#11453));
#11455=IFCCARTESIANPOINT((0.,0.,0.));
#11456=IFCDIRECTION((1.,0.,0.));
#11457=IFCDIRECTION((0.,1.,0.));
#11458=IFCDIRECTION((0.,0.,1.));
#11459=IFCCARTESIANTRANSFORMATIONOPERATOR3D(#11456,#11457,#11455,1.,#11458);
#11460=IFCMAPPEDITEM(#11421,#11459);
#11461=IFCSHAPEREPRESENTATION(#25,'Annotation','MappedRepresentation',(#11460));
#11462=IFCOPENINGELEMENT('0u6fO0YCP4Huk3wc5lQ_fY',$,'Opening',$,$,#11635,#11490,$,.OPENING.);
#11478=IFCCARTESIANPOINT((0.,0.,0.));
#11479=IFCDIRECTION((1.,0.,0.));
#11480=IFCDIRECTION((0.,0.,1.));
#11481=IFCAXIS2PLACEMENT3D(#11478,#11480,#11479);
#11482=IFCREPRESENTATIONMAP(#11481,#11625);
#11483=IFCCARTESIANPOINT((0.,0.,0.));
#11484=IFCDIRECTION((1.,0.,0.));
#11485=IFCDIRECTION((0.,1.,0.));
#11486=IFCDIRECTION((0.,0.,1.));
#11487=IFCCARTESIANTRANSFORMATIONOPERATOR3D(#11484,#11485,#11483,1.,#11486);
#11488=IFCMAPPEDITEM(#11482,#11487);
#11489=IFCSHAPEREPRESENTATION(#11,'Body','MappedRepresentation',(#11488));
#11490=IFCPRODUCTDEFINITIONSHAPE($,$,(#11489));
#11491=IFCRELVOIDSELEMENT('290o3DvZX7POZgK5P_e6sn',$,$,$,#7698,#11462);
#11497=IFCRELFILLSELEMENT('3sXjFyRWr9kvoDUdowL6wz',$,$,$,#11462,#11431);
#11533=IFCCARTESIANPOINTLIST3D(((0.,0.,0.),(2.0069265365600586,0.,0.),(2.0069265365600586,0.,2.),(0.,0.,2.)));
#11534=IFCINDEXEDPOLYCURVE(#11533,(IFCLINEINDEX((1,2,3,4,1))),$);
#11535=IFCSHAPEREPRESENTATION(#18,'Profile','Curve3D',(#11534));
#11536=IFCCARTESIANPOINTLIST2D(((0.,0.),(0.,2.),(2.0069265365600586,2.),(2.0069265365600586,0.),(1.9569265358150005,0.),(1.9569265358150005,1.9499999992549419),(0.05000000074505806,1.9499999992549419),(0.05000000074505806,0.)));
#11537=IFCINDEXEDPOLYCURVE(#11536,(IFCLINEINDEX((1,2,3,4,5,6,7,8,1))),$);
#11538=IFCARBITRARYCLOSEDPROFILEDEF(.AREA.,$,#11537);
#11539=IFCCARTESIANPOINT((0.,0.,0.));
#11540=IFCDIRECTION((0.,-1.,0.));
#11541=IFCDIRECTION((1.,0.,0.));
#11542=IFCAXIS2PLACEMENT3D(#11539,#11540,#11541);
#11543=IFCDIRECTION((0.,0.,-1.));
#11544=IFCEXTRUDEDAREASOLID(#11538,#11542,#11543,0.05000000074505806);
#11545=IFCCARTESIANPOINTLIST2D(((0.,0.),(1.9069265350699425,0.),(1.9069265350699425,0.10000000149011612),(0.,0.10000000149011612)));
#11546=IFCINDEXEDPOLYCURVE(#11545,(IFCLINEINDEX((1,2,3,4,1))),$);
#11547=IFCARBITRARYCLOSEDPROFILEDEF(.AREA.,$,#11546);
#11548=IFCCARTESIANPOINT((0.05000000074505806,0.,0.));
#11549=IFCDIRECTION((0.,0.,1.));
#11550=IFCDIRECTION((1.,0.,0.));
#11551=IFCAXIS2PLACEMENT3D(#11548,#11549,#11550);
#11552=IFCDIRECTION((0.,0.,1.));
#11553=IFCEXTRUDEDAREASOLID(#11547,#11551,#11552,0.02500000037252903);
#11554=IFCCARTESIANPOINTLIST2D(((0.,0.),(0.,2.0250000022351742),(2.056926541030407,2.0250000022351742),(2.056926541030407,0.),(1.9819265380501747,0.),(1.9819265380501747,1.9499999992549419),(0.075000002980232239,1.9499999992549419),(0.075000002980232239,0.)));
#11555=IFCINDEXEDPOLYCURVE(#11554,(IFCLINEINDEX((1,2,3,4,5,6,7,8,1))),$);
#11556=IFCARBITRARYCLOSEDPROFILEDEF(.AREA.,$,#11555);
#11557=IFCCARTESIANPOINT((-0.025000002235174179,-0.004999999888241291,0.));
#11558=IFCDIRECTION((0.,-1.,0.));
#11559=IFCDIRECTION((1.,0.,0.));
#11560=IFCAXIS2PLACEMENT3D(#11557,#11558,#11559);
#11561=IFCDIRECTION((0.,0.,-1.));
#11562=IFCEXTRUDEDAREASOLID(#11556,#11560,#11561,0.004999999888241291);
#11563=IFCCARTESIANPOINTLIST2D(((0.,0.),(0.,2.0250000022351742),(2.056926541030407,2.0250000022351742),(2.056926541030407,0.),(1.9819265380501747,0.),(1.9819265380501747,1.9499999992549419),(0.075000002980232239,1.9499999992549419),(0.075000002980232239,0.)));
#11564=IFCINDEXEDPOLYCURVE(#11563,(IFCLINEINDEX((1,2,3,4,5,6,7,8,1))),$);
#11565=IFCARBITRARYCLOSEDPROFILEDEF(.AREA.,$,#11564);
#11566=IFCCARTESIANPOINT((-0.025000002235174179,0.05000000074505806,0.));
#11567=IFCDIRECTION((0.,-1.,0.));
#11568=IFCDIRECTION((1.,0.,0.));
#11569=IFCAXIS2PLACEMENT3D(#11566,#11567,#11568);
#11570=IFCDIRECTION((0.,0.,-1.));
#11571=IFCEXTRUDEDAREASOLID(#11565,#11569,#11570,0.004999999888241291);
#11572=IFCCARTESIANPOINTLIST2D(((0.,0.),(1.9069265350699425,0.),(1.9069265350699425,0.035000000149011612),(0.,0.035000000149011612)));
#11573=IFCINDEXEDPOLYCURVE(#11572,(IFCLINEINDEX((1,2,3,4,1))),$);
#11574=IFCARBITRARYCLOSEDPROFILEDEF(.AREA.,$,#11573);
#11575=IFCCARTESIANPOINT((0.05000000074505806,-0.035000000149011612,0.02500000037252903));
#11576=IFCDIRECTION((0.,0.,1.));
#11577=IFCDIRECTION((1.,0.,0.));
#11578=IFCAXIS2PLACEMENT3D(#11575,#11576,#11577);
#11579=IFCDIRECTION((0.,0.,1.));
#11580=IFCEXTRUDEDAREASOLID(#11574,#11578,#11579,1.9249999988824129);
#11581=IFCCARTESIANPOINTLIST2D(((0.,0.),(0.,-0.040000000000000008),(-0.11999999999999988,-0.040000000000000008),(-0.11999999999999988,-0.020000000000000004),(-0.020000000000000018,-0.020000000000000004),(-0.020000000000000018,0.)));
#11582=IFCINDEXEDPOLYCURVE(#11581,(IFCLINEINDEX((1,2,3,4,5,6,1))),$);
#11583=IFCARBITRARYCLOSEDPROFILEDEF(.AREA.,$,#11582);
#11584=IFCCARTESIANPOINT((1.9069265358150005,-0.035000000149011612,1.015000000372529));
#11585=IFCDIRECTION((0.,0.,1.));
#11586=IFCDIRECTION((1.,0.,0.));
#11587=IFCAXIS2PLACEMENT3D(#11584,#11585,#11586);
#11588=IFCDIRECTION((0.,0.,1.));
#11589=IFCEXTRUDEDAREASOLID(#11583,#11587,#11588,0.02);
#11590=IFCEXTRUDEDAREASOLID(#11591,#11594,#11598,0.02);
#11591=IFCARBITRARYCLOSEDPROFILEDEF(.AREA.,$,#11592);
#11592=IFCINDEXEDPOLYCURVE(#11593,(IFCLINEINDEX((1,2,3,4,5,6,1))),$);
#11593=IFCCARTESIANPOINTLIST2D(((0.,0.),(0.,0.040000000000000008),(-0.11999999999999988,0.040000000000000008),(-0.11999999999999988,0.020000000000000004),(-0.020000000000000018,0.020000000000000004),(-0.020000000000000018,0.)));
#11594=IFCAXIS2PLACEMENT3D(#11595,#11596,#11597);
#11595=IFCCARTESIANPOINT((1.9069265358150005,0.,1.015000000372529));
#11596=IFCDIRECTION((0.,0.,1.));
#11597=IFCDIRECTION((1.,0.,0.));
#11598=IFCDIRECTION((0.,0.,1.));
#11599=IFCSHAPEREPRESENTATION(#11,'Body','SweptSolid',(#11544,#11580,#11589,#11590,#11553,#11562,#11571));
#11600=IFCSHAPEREPRESENTATION(#11,'Body','SweptSolid',(#11544,#11553,#11562,#11571));
#11601=IFCSHAPEASPECT((#11600),'Lining',$,.T.,#11440);
#11602=IFCSHAPEREPRESENTATION(#11,'Body','SweptSolid',(#11580,#11589,#11590));
#11603=IFCSHAPEASPECT((#11602),'Framing',$,.T.,#11440);
#11604=IFCCARTESIANPOINTLIST2D(((0.,0.),(0.05000000074505806,0.),(0.05000000074505806,0.05000000074505806),(0.,0.05000000074505806)));
#11605=IFCINDEXEDPOLYCURVE(#11604,(IFCLINEINDEX((1,2,3,4,1))),$);
#11606=IFCINDEXEDPOLYCURVE(#11607,(IFCLINEINDEX((1,2,3,4,1))),$);
#11607=IFCCARTESIANPOINTLIST2D(((2.0069265365600586,0.),(1.9569265358150005,0.),(1.9569265358150005,0.05000000074505806),(2.0069265365600586,0.05000000074505806)));
#11608=IFCCARTESIANPOINTLIST2D(((-0.90346326678991318,-0.035000000149011612),(1.0034632682800293,-0.035000000149011612),(1.0034632682800293,0.),(-0.90346326678991318,0.)));
#11609=IFCINDEXEDPOLYCURVE(#11608,(IFCLINEINDEX((1,2,3,4,1))),$);
#11610=IFCSHAPEREPRESENTATION(#24,'Body','Curve2D',(#11605,#11606,#11609));
#11611=IFCCARTESIANPOINTLIST2D(((0.71742428801953784,-0.081587428267465345),(1.2895022485405208,-0.081587428267465345)));
#11612=IFCINDEXEDPOLYCURVE(#11611,$,$);
#11613=IFCCARTESIANPOINTLIST2D(((0.74742428801953786,-0.050529142855162856),(0.71742428801953784,-0.081587428267465345),(0.74742428801953786,-0.11264571367976783)));
#11614=IFCINDEXEDPOLYCURVE(#11613,$,$);
#11615=IFCSHAPEREPRESENTATION(#25,'Annotation','Curve2D',(#11612,#11614));
#11616=IFCCARTESIANPOINTLIST2D(((0.,0.),(2.0069265365600586,0.),(2.0069265365600586,2.),(0.,2.)));
#11617=IFCINDEXEDPOLYCURVE(#11616,(IFCLINEINDEX((1,2,3,4,1))),$);
#11618=IFCARBITRARYCLOSEDPROFILEDEF(.AREA.,$,#11617);
#11619=IFCCARTESIANPOINT((0.,-0.60000002384185791,0.));
#11620=IFCDIRECTION((0.,-1.,0.));
#11621=IFCDIRECTION((1.,0.,0.));
#11622=IFCAXIS2PLACEMENT3D(#11619,#11620,#11621);
#11623=IFCDIRECTION((0.,0.,-1.));
#11624=IFCEXTRUDEDAREASOLID(#11618,#11622,#11623,1.2);
#11625=IFCSHAPEREPRESENTATION(#11,'Body','SweptSolid',(#11624));
#11631=IFCCARTESIANPOINT((3.3469305776412885,0.099998831748962402,0.));
#11632=IFCDIRECTION((0.,0.,1.));
#11633=IFCDIRECTION((-0.99999999999992428,3.8941436741876494E-07,0.));
#11634=IFCAXIS2PLACEMENT3D(#11631,#11632,#11633);
#11635=IFCLOCALPLACEMENT(#8099,#11634);
#11636=IFCCARTESIANPOINT((0.,0.,0.));
#11637=IFCDIRECTION((0.,0.,1.));
#11638=IFCDIRECTION((1.,0.,0.));
#11639=IFCAXIS2PLACEMENT3D(#11636,#11637,#11638);
#11640=IFCLOCALPLACEMENT(#11635,#11639);
#11641=IFCWINDOWTYPE('28PD8wKgv0dOJkNcbsL75P',$,'BEDROOM-1-2F',$,$,(#11642),(#11644,#11652,#11738),$,$,.WINDOW.,.SINGLE_PANEL.,$,$);
#11642=IFCPROPERTYSET('3BKAd3KRj9kOUtLVUEUmIY',$,'BBIM_Window',$,(#11643));
#11643=IFCPROPERTYSINGLEVALUE('Data',$,IFCTEXT('{"window_type": "DOUBLE_PANEL_VERTICAL", "overall_height": 0.8999999761581421, "overall_width": 1.2305313348770142, "lining_properties": {"lining_depth": 0.05000000074505806, "lining_thickness": 0.05000000074505806, "lining_offset": 0.05000000074505806, "lining_to_panel_offset_x": 0.02500000037252903, "lining_to_panel_offset_y": 0.02500000037252903, "mullion_thickness": 0.05000000074505806, "first_mullion_offset": 0.6236790418624878}, "panel_properties": {"frame_depth": [0.03500000014901161, 0.03500000014901161, 0.03500000014901161], "frame_thickness": [0.03500000014901161, 0.03500000014901161, 0.03500000014901161]}}'),$);
#11644=IFCREPRESENTATIONMAP(#11645,#11858);
#11645=IFCAXIS2PLACEMENT3D(#11646,#11647,#11648);
#11646=IFCCARTESIANPOINT((0.,0.,0.));
#11647=IFCDIRECTION((0.,0.,1.));
#11648=IFCDIRECTION((1.,0.,0.));
#11652=IFCREPRESENTATIONMAP(#11653,#11939);
#11653=IFCAXIS2PLACEMENT3D(#11654,#11655,#11656);
#11654=IFCCARTESIANPOINT((0.,0.,0.));
#11655=IFCDIRECTION((0.,0.,1.));
#11656=IFCDIRECTION((1.,0.,0.));
#11738=IFCREPRESENTATIONMAP(#11739,#11978);
#11739=IFCAXIS2PLACEMENT3D(#11740,#11741,#11742);
#11740=IFCCARTESIANPOINT((0.,0.,0.));
#11741=IFCDIRECTION((0.,0.,1.));
#11742=IFCDIRECTION((1.,0.,0.));
#11776=IFCWINDOW('0xFXC$ecv0kv9_o0DHegFw',$,'Window',$,$,#12003,#11785,$,0.89999997615814209,1.2305313348770142,$,.DOUBLE_PANEL_VERTICAL.,$);
#11777=IFCRELDEFINESBYTYPE('3t3RSPzeD9tQJf9S0dKamx',$,$,$,(#11776),#11641);
#11778=IFCCARTESIANPOINT((0.,0.,0.));
#11779=IFCDIRECTION((1.,0.,0.));
#11780=IFCDIRECTION((0.,1.,0.));
#11781=IFCDIRECTION((0.,0.,1.));
#11782=IFCCARTESIANTRANSFORMATIONOPERATOR3D(#11779,#11780,#11778,1.,#11781);
#11783=IFCMAPPEDITEM(#11644,#11782);
#11784=IFCSHAPEREPRESENTATION(#18,'Profile','MappedRepresentation',(#11783));
#11785=IFCPRODUCTDEFINITIONSHAPE($,$,(#11784,#11792,#11799));
#11786=IFCCARTESIANPOINT((0.,0.,0.));
#11787=IFCDIRECTION((1.,0.,0.));
#11788=IFCDIRECTION((0.,1.,0.));
#11789=IFCDIRECTION((0.,0.,1.));
#11790=IFCCARTESIANTRANSFORMATIONOPERATOR3D(#11787,#11788,#11786,1.,#11789);
#11791=IFCMAPPEDITEM(#11652,#11790);
#11792=IFCSHAPEREPRESENTATION(#11,'Body','MappedRepresentation',(#11791));
#11793=IFCCARTESIANPOINT((0.,0.,0.));
#11794=IFCDIRECTION((1.,0.,0.));
#11795=IFCDIRECTION((0.,1.,0.));
#11796=IFCDIRECTION((0.,0.,1.));
#11797=IFCCARTESIANTRANSFORMATIONOPERATOR3D(#11794,#11795,#11793,1.,#11796);
#11798=IFCMAPPEDITEM(#11738,#11797);
#11799=IFCSHAPEREPRESENTATION(#24,'Body','MappedRepresentation',(#11798));
#11800=IFCOPENINGELEMENT('1RGvR88cvBefDOKV6IloZ$',$,'Opening',$,$,#11998,#11828,$,.OPENING.);
#11816=IFCCARTESIANPOINT((0.,0.,0.));
#11817=IFCDIRECTION((1.,0.,0.));
#11818=IFCDIRECTION((0.,0.,1.));
#11819=IFCAXIS2PLACEMENT3D(#11816,#11818,#11817);
#11820=IFCREPRESENTATIONMAP(#11819,#11988);
#11821=IFCCARTESIANPOINT((0.,0.,0.));
#11822=IFCDIRECTION((1.,0.,0.));
#11823=IFCDIRECTION((0.,1.,0.));
#11824=IFCDIRECTION((0.,0.,1.));
#11825=IFCCARTESIANTRANSFORMATIONOPERATOR3D(#11822,#11823,#11821,1.,#11824);
#11826=IFCMAPPEDITEM(#11820,#11825);
#11827=IFCSHAPEREPRESENTATION(#11,'Body','MappedRepresentation',(#11826));
#11828=IFCPRODUCTDEFINITIONSHAPE($,$,(#11827));
#11829=IFCRELVOIDSELEMENT('1f_cE8vSXBcRu08Qptmz0O',$,$,$,#7648,#11800);
#11835=IFCRELFILLSELEMENT('0534dvDyL1ZQRIZSsvExMG',$,$,$,#11800,#11776);
#11856=IFCCARTESIANPOINTLIST3D(((0.,0.,0.),(1.2305313348770142,0.,0.),(1.2305313348770142,0.,0.89999997615814209),(0.,0.,0.89999997615814209)));
#11857=IFCINDEXEDPOLYCURVE(#11856,(IFCLINEINDEX((1,2,3,4,1))),$);
#11858=IFCSHAPEREPRESENTATION(#18,'Profile','Curve3D',(#11857));
#11859=IFCCARTESIANPOINTLIST2D(((0.62367904186248779,0.),(0.,0.),(0.,0.89999997615814209),(0.62367904186248779,0.89999997615814209),(0.62367904186248779,0.87499997578561306),(0.02500000037252903,0.87499997578561306),(0.02500000037252903,0.02500000037252903),(0.62367904186248779,0.02500000037252903)));
#11860=IFCINDEXEDPOLYCURVE(#11859,(IFCLINEINDEX((1,2,3,4,5,6,7,8,1))),$);
#11861=IFCARBITRARYCLOSEDPROFILEDEF(.AREA.,$,#11860);
#11862=IFCCARTESIANPOINT((0.,0.090000001713633537,0.));
#11863=IFCDIRECTION((0.,-1.,0.));
#11864=IFCDIRECTION((1.,0.,0.));
#11865=IFCAXIS2PLACEMENT3D(#11862,#11863,#11864);
#11866=IFCDIRECTION((0.,0.,-1.));
#11867=IFCEXTRUDEDAREASOLID(#11861,#11865,#11866,0.0099999997764825821);
#11868=IFCCARTESIANPOINTLIST2D(((0.,0.),(0.62367904186248779,0.),(0.62367904186248779,0.89999997615814209),(0.,0.89999997615814209)));
#11869=IFCINDEXEDPOLYCURVE(#11868,(IFCLINEINDEX((1,2,3,4,1))),$);
#11870=IFCCARTESIANPOINTLIST2D(((0.05000000074505806,0.05000000074505806),(0.59867904148995876,0.05000000074505806),(0.59867904148995876,0.84999997541308403),(0.05000000074505806,0.84999997541308403)));
#11871=IFCINDEXEDPOLYCURVE(#11870,(IFCLINEINDEX((1,2,3,4,1))),$);
#11872=IFCARBITRARYPROFILEDEFWITHVOIDS(.AREA.,$,#11869,(#11871));
#11873=IFCCARTESIANPOINT((0.,0.05000000074505806,0.));
#11874=IFCDIRECTION((0.,-1.,0.));
#11875=IFCDIRECTION((1.,0.,0.));
#11876=IFCAXIS2PLACEMENT3D(#11873,#11874,#11875);
#11877=IFCDIRECTION((0.,0.,-1.));
#11878=IFCEXTRUDEDAREASOLID(#11872,#11876,#11877,0.040000000968575478);
#11879=IFCCARTESIANPOINTLIST2D(((0.,0.),(0.59867904148995876,0.),(0.59867904148995876,0.84999997541308403),(0.,0.84999997541308403)));
#11880=IFCINDEXEDPOLYCURVE(#11879,(IFCLINEINDEX((1,2,3,4,1))),$);
#11881=IFCCARTESIANPOINTLIST2D(((0.035000000149011612,0.035000000149011612),(0.56367904134094715,0.035000000149011612),(0.56367904134094715,0.81499997526407242),(0.035000000149011612,0.81499997526407242)));
#11882=IFCINDEXEDPOLYCURVE(#11881,(IFCLINEINDEX((1,2,3,4,1))),$);
#11883=IFCARBITRARYPROFILEDEFWITHVOIDS(.AREA.,$,#11880,(#11882));
#11884=IFCCARTESIANPOINT((0.02500000037252903,0.090000001713633537,0.02500000037252903));
#11885=IFCDIRECTION((0.,-1.,0.));
#11886=IFCDIRECTION((1.,0.,0.));
#11887=IFCAXIS2PLACEMENT3D(#11884,#11885,#11886);
#11888=IFCDIRECTION((0.,0.,-1.));
#11889=IFCEXTRUDEDAREASOLID(#11883,#11887,#11888,0.035000000149011612);
#11890=IFCINDEXEDPOLYCURVE(#11891,(IFCLINEINDEX((1,2,3,4,1))),$);
#11891=IFCCARTESIANPOINTLIST2D(((0.035000000149011612,0.035000000149011612),(0.56367904134094715,0.035000000149011612),(0.56367904134094715,0.81499997526407242),(0.035000000149011612,0.81499997526407242)));
#11892=IFCARBITRARYCLOSEDPROFILEDEF(.AREA.,$,#11890);
#11893=IFCCARTESIANPOINT((0.02500000037252903,0.10250000178813934,0.02500000037252903));
#11894=IFCDIRECTION((0.,-1.,0.));
#11895=IFCDIRECTION((1.,0.,0.));
#11896=IFCAXIS2PLACEMENT3D(#11893,#11894,#11895);
#11897=IFCDIRECTION((0.,0.,-1.));
#11898=IFCEXTRUDEDAREASOLID(#11892,#11896,#11897,0.01);
#11899=IFCCARTESIANPOINTLIST2D(((0.,0.89999997615814209),(0.60685229301452637,0.89999997615814209),(0.60685229301452637,0.),(0.,0.),(0.,0.02500000037252903),(0.58185229264199734,0.02500000037252903),(0.58185229264199734,0.87499997578561306),(0.,0.87499997578561306)));
#11900=IFCINDEXEDPOLYCURVE(#11899,(IFCLINEINDEX((1,2,3,4,5,6,7,8,1))),$);
#11901=IFCARBITRARYCLOSEDPROFILEDEF(.AREA.,$,#11900);
#11902=IFCCARTESIANPOINT((0.62367904186248779,0.090000001713633537,0.));
#11903=IFCDIRECTION((0.,-1.,0.));
#11904=IFCDIRECTION((1.,0.,0.));
#11905=IFCAXIS2PLACEMENT3D(#11902,#11903,#11904);
#11906=IFCDIRECTION((0.,0.,-1.));
#11907=IFCEXTRUDEDAREASOLID(#11901,#11905,#11906,0.0099999997764825821);
#11908=IFCCARTESIANPOINTLIST2D(((0.,0.),(0.60685229301452637,0.),(0.60685229301452637,0.89999997615814209),(0.,0.89999997615814209)));
#11909=IFCINDEXEDPOLYCURVE(#11908,(IFCLINEINDEX((1,2,3,4,1))),$);
#11910=IFCCARTESIANPOINTLIST2D(((0.02500000037252903,0.05000000074505806),(0.55685229226946831,0.05000000074505806),(0.55685229226946831,0.84999997541308403),(0.02500000037252903,0.84999997541308403)));
#11911=IFCINDEXEDPOLYCURVE(#11910,(IFCLINEINDEX((1,2,3,4,1))),$);
#11912=IFCARBITRARYPROFILEDEFWITHVOIDS(.AREA.,$,#11909,(#11911));
#11913=IFCCARTESIANPOINT((0.62367904186248779,0.05000000074505806,0.));
#11914=IFCDIRECTION((0.,-1.,0.));
#11915=IFCDIRECTION((1.,0.,0.));
#11916=IFCAXIS2PLACEMENT3D(#11913,#11914,#11915);
#11917=IFCDIRECTION((0.,0.,-1.));
#11918=IFCEXTRUDEDAREASOLID(#11912,#11916,#11917,0.040000000968575478);
#11919=IFCCARTESIANPOINTLIST2D(((0.,0.),(0.58185229264199734,0.),(0.58185229264199734,0.84999997541308403),(0.,0.84999997541308403)));
#11920=IFCINDEXEDPOLYCURVE(#11919,(IFCLINEINDEX((1,2,3,4,1))),$);
#11921=IFCCARTESIANPOINTLIST2D(((0.035000000149011612,0.035000000149011612),(0.54685229249298573,0.035000000149011612),(0.54685229249298573,0.81499997526407242),(0.035000000149011612,0.81499997526407242)));
#11922=IFCINDEXEDPOLYCURVE(#11921,(IFCLINEINDEX((1,2,3,4,1))),$);
#11923=IFCARBITRARYPROFILEDEFWITHVOIDS(.AREA.,$,#11920,(#11922));
#11924=IFCCARTESIANPOINT((0.62367904186248779,0.090000001713633537,0.02500000037252903));
#11925=IFCDIRECTION((0.,-1.,0.));
#11926=IFCDIRECTION((1.,0.,0.));
#11927=IFCAXIS2PLACEMENT3D(#11924,#11925,#11926);
#11928=IFCDIRECTION((0.,0.,-1.));
#11929=IFCEXTRUDEDAREASOLID(#11923,#11927,#11928,0.035000000149011612);
#11930=IFCINDEXEDPOLYCURVE(#11931,(IFCLINEINDEX((1,2,3,4,1))),$);
#11931=IFCCARTESIANPOINTLIST2D(((0.035000000149011612,0.035000000149011612),(0.54685229249298573,0.035000000149011612),(0.54685229249298573,0.81499997526407242),(0.035000000149011612,0.81499997526407242)));
#11932=IFCARBITRARYCLOSEDPROFILEDEF(.AREA.,$,#11930);
#11933=IFCCARTESIANPOINT((0.62367904186248779,0.10250000178813934,0.02500000037252903));
#11934=IFCDIRECTION((0.,-1.,0.));
#11935=IFCDIRECTION((1.,0.,0.));
#11936=IFCAXIS2PLACEMENT3D(#11933,#11934,#11935);
#11937=IFCDIRECTION((0.,0.,-1.));
#11938=IFCEXTRUDEDAREASOLID(#11932,#11936,#11937,0.01);
#11939=IFCSHAPEREPRESENTATION(#11,'Body','SweptSolid',(#11867,#11878,#11889,#11898,#11907,#11918,#11929,#11938));
#11940=IFCSHAPEREPRESENTATION(#11,'Body','SweptSolid',(#11867,#11878,#11907,#11918));
#11941=IFCSHAPEASPECT((#11940),'Lining',$,.T.,#11785);
#11942=IFCSHAPEREPRESENTATION(#11,'Body','SweptSolid',(#11889,#11929));
#11943=IFCSHAPEASPECT((#11942),'Framing',$,.T.,#11785);
#11944=IFCSHAPEREPRESENTATION(#11,'Body','SweptSolid',(#11898,#11938));
#11945=IFCSHAPEASPECT((#11944),'Glazing',$,.T.,#11785);
#11946=IFCCARTESIANPOINTLIST2D(((0.05000000074505806,0.05000000074505806),(0.59867904148995876,0.05000000074505806)));
#11947=IFCINDEXEDPOLYCURVE(#11946,$,$);
#11948=IFCCARTESIANPOINTLIST2D(((0.,0.10000000149011612),(0.02500000037252903,0.10000000149011612),(0.02500000037252903,0.090000001713633537),(0.05000000074505806,0.090000001713633537),(0.05000000074505806,0.05000000074505806),(0.,0.05000000074505806)));
#11949=IFCINDEXEDPOLYCURVE(#11948,(IFCLINEINDEX((1,2,3,4,5,6,1))),$);
#11950=IFCCARTESIANPOINTLIST2D(((0.62367904186248779,0.10000000149011612),(0.62367904186248779,0.10000000149011612),(0.62367904186248779,0.090000001713633537),(0.59867904148995876,0.090000001713633537),(0.59867904148995876,0.05000000074505806),(0.62367904186248779,0.05000000074505806)));
#11951=IFCINDEXEDPOLYCURVE(#11950,$,$);
#11952=IFCCARTESIANPOINTLIST2D(((0.02500000037252903,0.090000001713633537),(0.060000000521540642,0.090000001713633537),(0.060000000521540642,0.12500000186264515),(0.02500000037252903,0.12500000186264515)));
#11953=IFCINDEXEDPOLYCURVE(#11952,(IFCLINEINDEX((1,2,3,4,1))),$);
#11954=IFCINDEXEDPOLYCURVE(#11955,(IFCLINEINDEX((1,2,3,4,1))),$);
#11955=IFCCARTESIANPOINTLIST2D(((0.62367904186248779,0.090000001713633537),(0.58867904171347618,0.090000001713633537),(0.58867904171347618,0.12500000186264515),(0.62367904186248779,0.12500000186264515)));
#11956=IFCCARTESIANPOINTLIST2D(((0.060000000521540642,0.090000001713633537),(0.58867904171347618,0.090000001713633537)));
#11957=IFCINDEXEDPOLYCURVE(#11956,$,$);
#11958=IFCINDEXEDPOLYCURVE(#11959,$,$);
#11959=IFCCARTESIANPOINTLIST2D(((0.060000000521540642,0.12500000186264515),(0.58867904171347618,0.12500000186264515)));
#11960=IFCINDEXEDPOLYCURVE(#11961,$,$);
#11961=IFCCARTESIANPOINTLIST2D(((0.060000000521540642,0.10750000178813934),(0.58867904171347618,0.10750000178813934)));
#11962=IFCCARTESIANPOINTLIST2D(((0.64867904223501682,0.05000000074505806),(1.1805313341319561,0.05000000074505806)));
#11963=IFCINDEXEDPOLYCURVE(#11962,$,$);
#11964=IFCCARTESIANPOINTLIST2D(((0.62367904186248779,0.10000000149011612),(0.62367904186248779,0.10000000149011612),(0.62367904186248779,0.090000001713633537),(0.64867904223501682,0.090000001713633537),(0.64867904223501682,0.05000000074505806),(0.62367904186248779,0.05000000074505806)));
#11965=IFCINDEXEDPOLYCURVE(#11964,$,$);
#11966=IFCCARTESIANPOINTLIST2D(((1.2305313348770142,0.10000000149011612),(1.2055313345044851,0.10000000149011612),(1.2055313345044851,0.090000001713633537),(1.1805313341319561,0.090000001713633537),(1.1805313341319561,0.05000000074505806),(1.2305313348770142,0.05000000074505806)));
#11967=IFCINDEXEDPOLYCURVE(#11966,(IFCLINEINDEX((1,2,3,4,5,6,1))),$);
#11968=IFCCARTESIANPOINTLIST2D(((0.62367904186248779,0.090000001713633537),(0.6586790420114994,0.090000001713633537),(0.6586790420114994,0.12500000186264515),(0.62367904186248779,0.12500000186264515)));
#11969=IFCINDEXEDPOLYCURVE(#11968,(IFCLINEINDEX((1,2,3,4,1))),$);
#11970=IFCINDEXEDPOLYCURVE(#11971,(IFCLINEINDEX((1,2,3,4,1))),$);
#11971=IFCCARTESIANPOINTLIST2D(((1.2055313345044851,0.090000001713633537),(1.1705313343554735,0.090000001713633537),(1.1705313343554735,0.12500000186264515),(1.2055313345044851,0.12500000186264515)));
#11972=IFCCARTESIANPOINTLIST2D(((0.6586790420114994,0.090000001713633537),(1.1705313343554735,0.090000001713633537)));
#11973=IFCINDEXEDPOLYCURVE(#11972,$,$);
#11974=IFCINDEXEDPOLYCURVE(#11975,$,$);
#11975=IFCCARTESIANPOINTLIST2D(((0.6586790420114994,0.12500000186264515),(1.1705313343554735,0.12500000186264515)));
#11976=IFCINDEXEDPOLYCURVE(#11977,$,$);
#11977=IFCCARTESIANPOINTLIST2D(((0.6586790420114994,0.10750000178813934),(1.1705313343554735,0.10750000178813934)));
#11978=IFCSHAPEREPRESENTATION(#24,'Body','Curve2D',(#11947,#11949,#11951,#11953,#11954,#11957,#11958,#11960,#11963,#11965,#11967,#11969,#11970,#11973,#11974,#11976));
#11979=IFCCARTESIANPOINTLIST2D(((0.,0.),(1.2305313348770142,0.),(1.2305313348770142,0.89999997615814209),(0.,0.89999997615814209)));
#11980=IFCINDEXEDPOLYCURVE(#11979,(IFCLINEINDEX((1,2,3,4,1))),$);
#11981=IFCARBITRARYCLOSEDPROFILEDEF(.AREA.,$,#11980);
#11982=IFCCARTESIANPOINT((0.,-0.60000002384185791,0.));
#11983=IFCDIRECTION((0.,-1.,0.));
#11984=IFCDIRECTION((1.,0.,0.));
#11985=IFCAXIS2PLACEMENT3D(#11982,#11983,#11984);
#11986=IFCDIRECTION((0.,0.,-1.));
#11987=IFCEXTRUDEDAREASOLID(#11981,#11985,#11986,1.2);
#11988=IFCSHAPEREPRESENTATION(#11,'Body','SweptSolid',(#11987));
#11994=IFCCARTESIANPOINT((0.44646068005860184,4.0942347379058219E-07,1.));
#11995=IFCDIRECTION((0.,0.,1.));
#11996=IFCDIRECTION((0.999999999999998,-6.3573025954609792E-08,0.));
#11997=IFCAXIS2PLACEMENT3D(#11994,#11995,#11996);
#11998=IFCLOCALPLACEMENT(#8035,#11997);
#11999=IFCCARTESIANPOINT((0.,0.,0.));
#12000=IFCDIRECTION((0.,0.,1.));
#12001=IFCDIRECTION((1.,-2.6469779601696886E-23,0.));
#12002=IFCAXIS2PLACEMENT3D(#11999,#12000,#12001);
#12003=IFCLOCALPLACEMENT(#11998,#12002);
#12004=IFCWINDOWTYPE('2zfe7yhKrEhu3KEDQ5BskU',$,'BEDROOM-1-WINDOW-2-2F',$,$,(#12005),(#12007,#12015,#12063),$,$,.WINDOW.,.SINGLE_PANEL.,$,$);
#12005=IFCPROPERTYSET('1TY$8xwWT6L8IVvg_stm81',$,'BBIM_Window',$,(#12006));
#12006=IFCPROPERTYSINGLEVALUE('Data',$,IFCTEXT('{"window_type": "SINGLE_PANEL", "overall_height": 0.8999999761581421, "overall_width": 0.8348268270492554, "lining_properties": {"lining_depth": 0.05000000074505806, "lining_thickness": 0.05000000074505806, "lining_offset": 0.05000000074505806, "lining_to_panel_offset_x": 0.02500000037252903, "lining_to_panel_offset_y": 0.02500000037252903}, "panel_properties": {"frame_depth": [0.03500000014901161, 0.03500000014901161, 0.03500000014901161], "frame_thickness": [0.03500000014901161, 0.03500000014901161, 0.03500000014901161]}}'),$);
#12007=IFCREPRESENTATIONMAP(#12008,#12012);
#12008=IFCAXIS2PLACEMENT3D(#12009,#12010,#12011);
#12009=IFCCARTESIANPOINT((0.,0.,0.));
#12010=IFCDIRECTION((0.,0.,1.));
#12011=IFCDIRECTION((1.,0.,0.));
#12012=IFCSHAPEREPRESENTATION(#18,'Profile','Curve3D',(#12013));
#12013=IFCINDEXEDPOLYCURVE(#12014,(IFCLINEINDEX((1,2,3,4,1))),$);
#12014=IFCCARTESIANPOINTLIST3D(((0.,0.,0.),(0.83482682704925537,0.,0.),(0.83482682704925537,0.,0.89999997615814209),(0.,0.,0.89999997615814209)));
#12015=IFCREPRESENTATIONMAP(#12016,#12020);
#12016=IFCAXIS2PLACEMENT3D(#12017,#12018,#12019);
#12017=IFCCARTESIANPOINT((0.,0.,0.));
#12018=IFCDIRECTION((0.,0.,1.));
#12019=IFCDIRECTION((1.,0.,0.));
#12020=IFCSHAPEREPRESENTATION(#11,'Body','SweptSolid',(#12021,#12032,#12043,#12054));
#12021=IFCEXTRUDEDAREASOLID(#12022,#12027,#12031,0.0099999997764825821);
#12022=IFCARBITRARYPROFILEDEFWITHVOIDS(.AREA.,$,#12023,(#12025));
#12023=IFCINDEXEDPOLYCURVE(#12024,(IFCLINEINDEX((1,2,3,4,1))),$);
#12024=IFCCARTESIANPOINTLIST2D(((0.,0.),(0.83482682704925537,0.),(0.83482682704925537,0.89999997615814209),(0.,0.89999997615814209)));
#12025=IFCINDEXEDPOLYCURVE(#12026,(IFCLINEINDEX((1,2,3,4,1))),$);
#12026=IFCCARTESIANPOINTLIST2D(((0.02500000037252903,0.02500000037252903),(0.80982682667672634,0.02500000037252903),(0.80982682667672634,0.87499997578561306),(0.02500000037252903,0.87499997578561306)));
#12027=IFCAXIS2PLACEMENT3D(#12028,#12029,#12030);
#12028=IFCCARTESIANPOINT((0.,0.090000001713633537,0.));
#12029=IFCDIRECTION((0.,-1.,0.));
#12030=IFCDIRECTION((1.,0.,0.));
#12031=IFCDIRECTION((0.,0.,-1.));
#12032=IFCEXTRUDEDAREASOLID(#12033,#12038,#12042,0.040000000968575478);
#12033=IFCARBITRARYPROFILEDEFWITHVOIDS(.AREA.,$,#12034,(#12036));
#12034=IFCINDEXEDPOLYCURVE(#12035,(IFCLINEINDEX((1,2,3,4,1))),$);
#12035=IFCCARTESIANPOINTLIST2D(((0.,0.),(0.83482682704925537,0.),(0.83482682704925537,0.89999997615814209),(0.,0.89999997615814209)));
#12036=IFCINDEXEDPOLYCURVE(#12037,(IFCLINEINDEX((1,2,3,4,1))),$);
#12037=IFCCARTESIANPOINTLIST2D(((0.05000000074505806,0.05000000074505806),(0.78482682630419731,0.05000000074505806),(0.78482682630419731,0.84999997541308403),(0.05000000074505806,0.84999997541308403)));
#12038=IFCAXIS2PLACEMENT3D(#12039,#12040,#12041);
#12039=IFCCARTESIANPOINT((0.,0.05000000074505806,0.));
#12040=IFCDIRECTION((0.,-1.,0.));
#12041=IFCDIRECTION((1.,0.,0.));
#12042=IFCDIRECTION((0.,0.,-1.));
#12043=IFCEXTRUDEDAREASOLID(#12044,#12049,#12053,0.035000000149011612);
#12044=IFCARBITRARYPROFILEDEFWITHVOIDS(.AREA.,$,#12045,(#12047));
#12045=IFCINDEXEDPOLYCURVE(#12046,(IFCLINEINDEX((1,2,3,4,1))),$);
#12046=IFCCARTESIANPOINTLIST2D(((0.,0.),(0.78482682630419731,0.),(0.78482682630419731,0.84999997541308403),(0.,0.84999997541308403)));
#12047=IFCINDEXEDPOLYCURVE(#12048,(IFCLINEINDEX((1,2,3,4,1))),$);
#12048=IFCCARTESIANPOINTLIST2D(((0.035000000149011612,0.035000000149011612),(0.7498268261551857,0.035000000149011612),(0.7498268261551857,0.81499997526407242),(0.035000000149011612,0.81499997526407242)));
#12049=IFCAXIS2PLACEMENT3D(#12050,#12051,#12052);
#12050=IFCCARTESIANPOINT((0.02500000037252903,0.090000001713633537,0.02500000037252903));
#12051=IFCDIRECTION((0.,-1.,0.));
#12052=IFCDIRECTION((1.,0.,0.));
#12053=IFCDIRECTION((0.,0.,-1.));
#12054=IFCEXTRUDEDAREASOLID(#12055,#12058,#12062,0.01);
#12055=IFCARBITRARYCLOSEDPROFILEDEF(.AREA.,$,#12056);
#12056=IFCINDEXEDPOLYCURVE(#12057,(IFCLINEINDEX((1,2,3,4,1))),$);
#12057=IFCCARTESIANPOINTLIST2D(((0.035000000149011612,0.035000000149011612),(0.7498268261551857,0.035000000149011612),(0.7498268261551857,0.81499997526407242),(0.035000000149011612,0.81499997526407242)));
#12058=IFCAXIS2PLACEMENT3D(#12059,#12060,#12061);
#12059=IFCCARTESIANPOINT((0.02500000037252903,0.10250000178813934,0.02500000037252903));
#12060=IFCDIRECTION((0.,-1.,0.));
#12061=IFCDIRECTION((1.,0.,0.));
#12062=IFCDIRECTION((0.,0.,-1.));
#12063=IFCREPRESENTATIONMAP(#12064,#12068);
#12064=IFCAXIS2PLACEMENT3D(#12065,#12066,#12067);
#12065=IFCCARTESIANPOINT((0.,0.,0.));
#12066=IFCDIRECTION((0.,0.,1.));
#12067=IFCDIRECTION((1.,0.,0.));
#12068=IFCSHAPEREPRESENTATION(#24,'Body','Curve2D',(#12069,#12071,#12073,#12075,#12077,#12079,#12081,#12083));
#12069=IFCINDEXEDPOLYCURVE(#12070,$,$);
#12070=IFCCARTESIANPOINTLIST2D(((0.05000000074505806,0.05000000074505806),(0.78482682630419731,0.05000000074505806)));
#12071=IFCINDEXEDPOLYCURVE(#12072,(IFCLINEINDEX((1,2,3,4,5,6,1))),$);
#12072=IFCCARTESIANPOINTLIST2D(((0.,0.10000000149011612),(0.02500000037252903,0.10000000149011612),(0.02500000037252903,0.090000001713633537),(0.05000000074505806,0.090000001713633537),(0.05000000074505806,0.05000000074505806),(0.,0.05000000074505806)));
#12073=IFCINDEXEDPOLYCURVE(#12074,(IFCLINEINDEX((1,2,3,4,5,6,1))),$);
#12074=IFCCARTESIANPOINTLIST2D(((0.83482682704925537,0.10000000149011612),(0.80982682667672634,0.10000000149011612),(0.80982682667672634,0.090000001713633537),(0.78482682630419731,0.090000001713633537),(0.78482682630419731,0.05000000074505806),(0.83482682704925537,0.05000000074505806)));
#12075=IFCINDEXEDPOLYCURVE(#12076,(IFCLINEINDEX((1,2,3,4,1))),$);
#12076=IFCCARTESIANPOINTLIST2D(((0.02500000037252903,0.090000001713633537),(0.060000000521540642,0.090000001713633537),(0.060000000521540642,0.12500000186264515),(0.02500000037252903,0.12500000186264515)));
#12077=IFCINDEXEDPOLYCURVE(#12078,(IFCLINEINDEX((1,2,3,4,1))),$);
#12078=IFCCARTESIANPOINTLIST2D(((0.80982682667672634,0.090000001713633537),(0.77482682652771473,0.090000001713633537),(0.77482682652771473,0.12500000186264515),(0.80982682667672634,0.12500000186264515)));
#12079=IFCINDEXEDPOLYCURVE(#12080,$,$);
#12080=IFCCARTESIANPOINTLIST2D(((0.060000000521540642,0.090000001713633537),(0.77482682652771473,0.090000001713633537)));
#12081=IFCINDEXEDPOLYCURVE(#12082,$,$);
#12082=IFCCARTESIANPOINTLIST2D(((0.060000000521540642,0.12500000186264515),(0.77482682652771473,0.12500000186264515)));
#12083=IFCINDEXEDPOLYCURVE(#12084,$,$);
#12084=IFCCARTESIANPOINTLIST2D(((0.060000000521540642,0.10750000178813934),(0.77482682652771473,0.10750000178813934)));
#12085=IFCWINDOW('3$EHe6TD50897Mrma47Kj6',$,'Window',$,$,#12570,#12094,$,0.89999997615814209,0.83482682704925537,$,$,$);
#12086=IFCRELDEFINESBYTYPE('35qUv4phL08vI3$x4xMFiz',$,$,$,(#12085),#12004);
#12087=IFCCARTESIANPOINT((0.,0.,0.));
#12088=IFCDIRECTION((1.,0.,0.));
#12089=IFCDIRECTION((0.,1.,0.));
#12090=IFCDIRECTION((0.,0.,1.));
#12091=IFCCARTESIANTRANSFORMATIONOPERATOR3D(#12088,#12089,#12087,1.,#12090);
#12092=IFCMAPPEDITEM(#12007,#12091);
#12093=IFCSHAPEREPRESENTATION(#18,'Profile','MappedRepresentation',(#12092));
#12094=IFCPRODUCTDEFINITIONSHAPE($,$,(#12093,#12101,#12108));
#12095=IFCCARTESIANPOINT((0.,0.,0.));
#12096=IFCDIRECTION((1.,0.,0.));
#12097=IFCDIRECTION((0.,1.,0.));
#12098=IFCDIRECTION((0.,0.,1.));
#12099=IFCCARTESIANTRANSFORMATIONOPERATOR3D(#12096,#12097,#12095,1.,#12098);
#12100=IFCMAPPEDITEM(#12015,#12099);
#12101=IFCSHAPEREPRESENTATION(#11,'Body','MappedRepresentation',(#12100));
#12102=IFCCARTESIANPOINT((0.,0.,0.));
#12103=IFCDIRECTION((1.,0.,0.));
#12104=IFCDIRECTION((0.,1.,0.));
#12105=IFCDIRECTION((0.,0.,1.));
#12106=IFCCARTESIANTRANSFORMATIONOPERATOR3D(#12103,#12104,#12102,1.,#12105);
#12107=IFCMAPPEDITEM(#12063,#12106);
#12108=IFCSHAPEREPRESENTATION(#24,'Body','MappedRepresentation',(#12107));
#12109=IFCOPENINGELEMENT('1wSnOe2IPBfAEJObfbRg0v',$,'Opening',$,$,#12159,#12137,$,.OPENING.);
#12115=IFCCARTESIANPOINTLIST2D(((0.,0.),(0.83482682704925537,0.),(0.83482682704925537,0.89999997615814209),(0.,0.89999997615814209)));
#12116=IFCINDEXEDPOLYCURVE(#12115,(IFCLINEINDEX((1,2,3,4,1))),$);
#12117=IFCARBITRARYCLOSEDPROFILEDEF(.AREA.,$,#12116);
#12118=IFCCARTESIANPOINT((0.,-0.60000002384185791,0.));
#12119=IFCDIRECTION((0.,-1.,0.));
#12120=IFCDIRECTION((1.,0.,0.));
#12121=IFCAXIS2PLACEMENT3D(#12118,#12119,#12120);
#12122=IFCDIRECTION((0.,0.,-1.));
#12123=IFCEXTRUDEDAREASOLID(#12117,#12121,#12122,1.2);
#12124=IFCSHAPEREPRESENTATION(#11,'Body','SweptSolid',(#12123));
#12125=IFCCARTESIANPOINT((0.,0.,0.));
#12126=IFCDIRECTION((1.,0.,0.));
#12127=IFCDIRECTION((0.,0.,1.));
#12128=IFCAXIS2PLACEMENT3D(#12125,#12127,#12126);
#12129=IFCREPRESENTATIONMAP(#12128,#12124);
#12130=IFCCARTESIANPOINT((0.,0.,0.));
#12131=IFCDIRECTION((1.,0.,0.));
#12132=IFCDIRECTION((0.,1.,0.));
#12133=IFCDIRECTION((0.,0.,1.));
#12134=IFCCARTESIANTRANSFORMATIONOPERATOR3D(#12131,#12132,#12130,1.,#12133);
#12135=IFCMAPPEDITEM(#12129,#12134);
#12136=IFCSHAPEREPRESENTATION(#11,'Body','MappedRepresentation',(#12135));
#12137=IFCPRODUCTDEFINITIONSHAPE($,$,(#12136));
#12138=IFCRELVOIDSELEMENT('2XappcqGDCkQ5KaONWIUAE',$,$,$,#7673,#12109);
#12144=IFCRELFILLSELEMENT('1GqjreQiv8Je1bFDTKLmQp',$,$,$,#12109,#12085);
#12155=IFCCARTESIANPOINT((1.5069584310397746,5.4270840577075319E-07,1.));
#12156=IFCDIRECTION((0.,0.,1.));
#12157=IFCDIRECTION((0.99999999999999278,-1.1920929665620689E-07,0.));
#12158=IFCAXIS2PLACEMENT3D(#12155,#12156,#12157);
#12159=IFCLOCALPLACEMENT(#8067,#12158);
#12165=IFCWINDOWTYPE('3MlL7lUIrE1fvZJcWp7XgR',$,'MASTERS-2F',$,$,(#12166),(#12168,#12176,#12224),$,$,.WINDOW.,.SINGLE_PANEL.,$,$);
#12166=IFCPROPERTYSET('1PnNC4QoP99xykB4fxjrVi',$,'BBIM_Window',$,(#12167));
#12167=IFCPROPERTYSINGLEVALUE('Data',$,IFCTEXT('{"window_type": "SINGLE_PANEL", "overall_height": 0.8999999761581421, "overall_width": 0.8348268270492554, "lining_properties": {"lining_depth": 0.05000000074505806, "lining_thickness": 0.05000000074505806, "lining_offset": 0.05000000074505806, "lining_to_panel_offset_x": 0.02500000037252903, "lining_to_panel_offset_y": 0.02500000037252903}, "panel_properties": {"frame_depth": [0.03500000014901161, 0.03500000014901161, 0.03500000014901161], "frame_thickness": [0.03500000014901161, 0.03500000014901161, 0.03500000014901161]}}'),$);
#12168=IFCREPRESENTATIONMAP(#12169,#12173);
#12169=IFCAXIS2PLACEMENT3D(#12170,#12171,#12172);
#12170=IFCCARTESIANPOINT((0.,0.,0.));
#12171=IFCDIRECTION((0.,0.,1.));
#12172=IFCDIRECTION((1.,0.,0.));
#12173=IFCSHAPEREPRESENTATION(#18,'Profile','Curve3D',(#12174));
#12174=IFCINDEXEDPOLYCURVE(#12175,(IFCLINEINDEX((1,2,3,4,1))),$);
#12175=IFCCARTESIANPOINTLIST3D(((0.,0.,0.),(0.83482682704925537,0.,0.),(0.83482682704925537,0.,0.89999997615814209),(0.,0.,0.89999997615814209)));
#12176=IFCREPRESENTATIONMAP(#12177,#12181);
#12177=IFCAXIS2PLACEMENT3D(#12178,#12179,#12180);
#12178=IFCCARTESIANPOINT((0.,0.,0.));
#12179=IFCDIRECTION((0.,0.,1.));
#12180=IFCDIRECTION((1.,0.,0.));
#12181=IFCSHAPEREPRESENTATION(#11,'Body','SweptSolid',(#12182,#12193,#12204,#12215));
#12182=IFCEXTRUDEDAREASOLID(#12183,#12188,#12192,0.0099999997764825821);
#12183=IFCARBITRARYPROFILEDEFWITHVOIDS(.AREA.,$,#12184,(#12186));
#12184=IFCINDEXEDPOLYCURVE(#12185,(IFCLINEINDEX((1,2,3,4,1))),$);
#12185=IFCCARTESIANPOINTLIST2D(((0.,0.),(0.83482682704925537,0.),(0.83482682704925537,0.89999997615814209),(0.,0.89999997615814209)));
#12186=IFCINDEXEDPOLYCURVE(#12187,(IFCLINEINDEX((1,2,3,4,1))),$);
#12187=IFCCARTESIANPOINTLIST2D(((0.02500000037252903,0.02500000037252903),(0.80982682667672634,0.02500000037252903),(0.80982682667672634,0.87499997578561306),(0.02500000037252903,0.87499997578561306)));
#12188=IFCAXIS2PLACEMENT3D(#12189,#12190,#12191);
#12189=IFCCARTESIANPOINT((0.,0.090000001713633537,0.));
#12190=IFCDIRECTION((0.,-1.,0.));
#12191=IFCDIRECTION((1.,0.,0.));
#12192=IFCDIRECTION((0.,0.,-1.));
#12193=IFCEXTRUDEDAREASOLID(#12194,#12199,#12203,0.040000000968575478);
#12194=IFCARBITRARYPROFILEDEFWITHVOIDS(.AREA.,$,#12195,(#12197));
#12195=IFCINDEXEDPOLYCURVE(#12196,(IFCLINEINDEX((1,2,3,4,1))),$);
#12196=IFCCARTESIANPOINTLIST2D(((0.,0.),(0.83482682704925537,0.),(0.83482682704925537,0.89999997615814209),(0.,0.89999997615814209)));
#12197=IFCINDEXEDPOLYCURVE(#12198,(IFCLINEINDEX((1,2,3,4,1))),$);
#12198=IFCCARTESIANPOINTLIST2D(((0.05000000074505806,0.05000000074505806),(0.78482682630419731,0.05000000074505806),(0.78482682630419731,0.84999997541308403),(0.05000000074505806,0.84999997541308403)));
#12199=IFCAXIS2PLACEMENT3D(#12200,#12201,#12202);
#12200=IFCCARTESIANPOINT((0.,0.05000000074505806,0.));
#12201=IFCDIRECTION((0.,-1.,0.));
#12202=IFCDIRECTION((1.,0.,0.));
#12203=IFCDIRECTION((0.,0.,-1.));
#12204=IFCEXTRUDEDAREASOLID(#12205,#12210,#12214,0.035000000149011612);
#12205=IFCARBITRARYPROFILEDEFWITHVOIDS(.AREA.,$,#12206,(#12208));
#12206=IFCINDEXEDPOLYCURVE(#12207,(IFCLINEINDEX((1,2,3,4,1))),$);
#12207=IFCCARTESIANPOINTLIST2D(((0.,0.),(0.78482682630419731,0.),(0.78482682630419731,0.84999997541308403),(0.,0.84999997541308403)));
#12208=IFCINDEXEDPOLYCURVE(#12209,(IFCLINEINDEX((1,2,3,4,1))),$);
#12209=IFCCARTESIANPOINTLIST2D(((0.035000000149011612,0.035000000149011612),(0.7498268261551857,0.035000000149011612),(0.7498268261551857,0.81499997526407242),(0.035000000149011612,0.81499997526407242)));
#12210=IFCAXIS2PLACEMENT3D(#12211,#12212,#12213);
#12211=IFCCARTESIANPOINT((0.02500000037252903,0.090000001713633537,0.02500000037252903));
#12212=IFCDIRECTION((0.,-1.,0.));
#12213=IFCDIRECTION((1.,0.,0.));
#12214=IFCDIRECTION((0.,0.,-1.));
#12215=IFCEXTRUDEDAREASOLID(#12216,#12219,#12223,0.01);
#12216=IFCARBITRARYCLOSEDPROFILEDEF(.AREA.,$,#12217);
#12217=IFCINDEXEDPOLYCURVE(#12218,(IFCLINEINDEX((1,2,3,4,1))),$);
#12218=IFCCARTESIANPOINTLIST2D(((0.035000000149011612,0.035000000149011612),(0.7498268261551857,0.035000000149011612),(0.7498268261551857,0.81499997526407242),(0.035000000149011612,0.81499997526407242)));
#12219=IFCAXIS2PLACEMENT3D(#12220,#12221,#12222);
#12220=IFCCARTESIANPOINT((0.02500000037252903,0.10250000178813934,0.02500000037252903));
#12221=IFCDIRECTION((0.,-1.,0.));
#12222=IFCDIRECTION((1.,0.,0.));
#12223=IFCDIRECTION((0.,0.,-1.));
#12224=IFCREPRESENTATIONMAP(#12225,#12229);
#12225=IFCAXIS2PLACEMENT3D(#12226,#12227,#12228);
#12226=IFCCARTESIANPOINT((0.,0.,0.));
#12227=IFCDIRECTION((0.,0.,1.));
#12228=IFCDIRECTION((1.,0.,0.));
#12229=IFCSHAPEREPRESENTATION(#24,'Body','Curve2D',(#12230,#12232,#12234,#12236,#12238,#12240,#12242,#12244));
#12230=IFCINDEXEDPOLYCURVE(#12231,$,$);
#12231=IFCCARTESIANPOINTLIST2D(((0.05000000074505806,0.05000000074505806),(0.78482682630419731,0.05000000074505806)));
#12232=IFCINDEXEDPOLYCURVE(#12233,(IFCLINEINDEX((1,2,3,4,5,6,1))),$);
#12233=IFCCARTESIANPOINTLIST2D(((0.,0.10000000149011612),(0.02500000037252903,0.10000000149011612),(0.02500000037252903,0.090000001713633537),(0.05000000074505806,0.090000001713633537),(0.05000000074505806,0.05000000074505806),(0.,0.05000000074505806)));
#12234=IFCINDEXEDPOLYCURVE(#12235,(IFCLINEINDEX((1,2,3,4,5,6,1))),$);
#12235=IFCCARTESIANPOINTLIST2D(((0.83482682704925537,0.10000000149011612),(0.80982682667672634,0.10000000149011612),(0.80982682667672634,0.090000001713633537),(0.78482682630419731,0.090000001713633537),(0.78482682630419731,0.05000000074505806),(0.83482682704925537,0.05000000074505806)));
#12236=IFCINDEXEDPOLYCURVE(#12237,(IFCLINEINDEX((1,2,3,4,1))),$);
#12237=IFCCARTESIANPOINTLIST2D(((0.02500000037252903,0.090000001713633537),(0.060000000521540642,0.090000001713633537),(0.060000000521540642,0.12500000186264515),(0.02500000037252903,0.12500000186264515)));
#12238=IFCINDEXEDPOLYCURVE(#12239,(IFCLINEINDEX((1,2,3,4,1))),$);
#12239=IFCCARTESIANPOINTLIST2D(((0.80982682667672634,0.090000001713633537),(0.77482682652771473,0.090000001713633537),(0.77482682652771473,0.12500000186264515),(0.80982682667672634,0.12500000186264515)));
#12240=IFCINDEXEDPOLYCURVE(#12241,$,$);
#12241=IFCCARTESIANPOINTLIST2D(((0.060000000521540642,0.090000001713633537),(0.77482682652771473,0.090000001713633537)));
#12242=IFCINDEXEDPOLYCURVE(#12243,$,$);
#12243=IFCCARTESIANPOINTLIST2D(((0.060000000521540642,0.12500000186264515),(0.77482682652771473,0.12500000186264515)));
#12244=IFCINDEXEDPOLYCURVE(#12245,$,$);
#12245=IFCCARTESIANPOINTLIST2D(((0.060000000521540642,0.10750000178813934),(0.77482682652771473,0.10750000178813934)));
#12246=IFCWINDOW('0LINp8luzFteP3JY6zbAg2',$,'Window',$,$,#12575,#12255,$,0.89999997615814209,0.83482682704925537,$,$,$);
#12247=IFCRELDEFINESBYTYPE('3ix2EQ4tb9_xUKyHKbqryD',$,$,$,(#12246),#12165);
#12248=IFCCARTESIANPOINT((0.,0.,0.));
#12249=IFCDIRECTION((1.,0.,0.));
#12250=IFCDIRECTION((0.,1.,0.));
#12251=IFCDIRECTION((0.,0.,1.));
#12252=IFCCARTESIANTRANSFORMATIONOPERATOR3D(#12249,#12250,#12248,1.,#12251);
#12253=IFCMAPPEDITEM(#12168,#12252);
#12254=IFCSHAPEREPRESENTATION(#18,'Profile','MappedRepresentation',(#12253));
#12255=IFCPRODUCTDEFINITIONSHAPE($,$,(#12254,#12262,#12269));
#12256=IFCCARTESIANPOINT((0.,0.,0.));
#12257=IFCDIRECTION((1.,0.,0.));
#12258=IFCDIRECTION((0.,1.,0.));
#12259=IFCDIRECTION((0.,0.,1.));
#12260=IFCCARTESIANTRANSFORMATIONOPERATOR3D(#12257,#12258,#12256,1.,#12259);
#12261=IFCMAPPEDITEM(#12176,#12260);
#12262=IFCSHAPEREPRESENTATION(#11,'Body','MappedRepresentation',(#12261));
#12263=IFCCARTESIANPOINT((0.,0.,0.));
#12264=IFCDIRECTION((1.,0.,0.));
#12265=IFCDIRECTION((0.,1.,0.));
#12266=IFCDIRECTION((0.,0.,1.));
#12267=IFCCARTESIANTRANSFORMATIONOPERATOR3D(#12264,#12265,#12263,1.,#12266);
#12268=IFCMAPPEDITEM(#12224,#12267);
#12269=IFCSHAPEREPRESENTATION(#24,'Body','MappedRepresentation',(#12268));
#12270=IFCOPENINGELEMENT('0dvSzA$3fAnxCZnY6Q6A6x',$,'Opening',$,$,#12320,#12298,$,.OPENING.);
#12276=IFCCARTESIANPOINTLIST2D(((0.,0.),(0.83482682704925537,0.),(0.83482682704925537,0.89999997615814209),(0.,0.89999997615814209)));
#12277=IFCINDEXEDPOLYCURVE(#12276,(IFCLINEINDEX((1,2,3,4,1))),$);
#12278=IFCARBITRARYCLOSEDPROFILEDEF(.AREA.,$,#12277);
#12279=IFCCARTESIANPOINT((0.,-0.60000002384185791,0.));
#12280=IFCDIRECTION((0.,-1.,0.));
#12281=IFCDIRECTION((1.,0.,0.));
#12282=IFCAXIS2PLACEMENT3D(#12279,#12280,#12281);
#12283=IFCDIRECTION((0.,0.,-1.));
#12284=IFCEXTRUDEDAREASOLID(#12278,#12282,#12283,1.2);
#12285=IFCSHAPEREPRESENTATION(#11,'Body','SweptSolid',(#12284));
#12286=IFCCARTESIANPOINT((0.,0.,0.));
#12287=IFCDIRECTION((1.,0.,0.));
#12288=IFCDIRECTION((0.,0.,1.));
#12289=IFCAXIS2PLACEMENT3D(#12286,#12288,#12287);
#12290=IFCREPRESENTATIONMAP(#12289,#12285);
#12291=IFCCARTESIANPOINT((0.,0.,0.));
#12292=IFCDIRECTION((1.,0.,0.));
#12293=IFCDIRECTION((0.,1.,0.));
#12294=IFCDIRECTION((0.,0.,1.));
#12295=IFCCARTESIANTRANSFORMATIONOPERATOR3D(#12292,#12293,#12291,1.,#12294);
#12296=IFCMAPPEDITEM(#12290,#12295);
#12297=IFCSHAPEREPRESENTATION(#11,'Body','MappedRepresentation',(#12296));
#12298=IFCPRODUCTDEFINITIONSHAPE($,$,(#12297));
#12299=IFCRELVOIDSELEMENT('1NbLrVWr9AtuVMK4al7Tvc',$,$,$,#7673,#12270);
#12305=IFCRELFILLSELEMENT('2nXbnQfpH9Te1GxVIpRXf3',$,$,$,#12270,#12246);
#12316=IFCCARTESIANPOINT((3.5311475456103789,8.6960710099504013E-07,1.));
#12317=IFCDIRECTION((0.,0.,1.));
#12318=IFCDIRECTION((0.99999999999999278,-1.1920929665620689E-07,0.));
#12319=IFCAXIS2PLACEMENT3D(#12316,#12317,#12318);
#12320=IFCLOCALPLACEMENT(#8067,#12319);
#12326=IFCWINDOWTYPE('17_hbpyUr44hunTz_E5qrM',$,'MASTERS-WINDOW-2-2F',$,$,(#12327),(#12329,#12337,#12385),$,$,.WINDOW.,.SINGLE_PANEL.,$,$);
#12327=IFCPROPERTYSET('3M9QdElyDE7xfaapDu8yKe',$,'BBIM_Window',$,(#12328));
#12328=IFCPROPERTYSINGLEVALUE('Data',$,IFCTEXT('{"window_type": "SINGLE_PANEL", "overall_height": 0.8999999761581421, "overall_width": 0.8348268270492554, "lining_properties": {"lining_depth": 0.05000000074505806, "lining_thickness": 0.05000000074505806, "lining_offset": 0.05000000074505806, "lining_to_panel_offset_x": 0.02500000037252903, "lining_to_panel_offset_y": 0.02500000037252903}, "panel_properties": {"frame_depth": [0.03500000014901161, 0.03500000014901161, 0.03500000014901161], "frame_thickness": [0.03500000014901161, 0.03500000014901161, 0.03500000014901161]}}'),$);
#12329=IFCREPRESENTATIONMAP(#12330,#12334);
#12330=IFCAXIS2PLACEMENT3D(#12331,#12332,#12333);
#12331=IFCCARTESIANPOINT((0.,0.,0.));
#12332=IFCDIRECTION((0.,0.,1.));
#12333=IFCDIRECTION((1.,0.,0.));
#12334=IFCSHAPEREPRESENTATION(#18,'Profile','Curve3D',(#12335));
#12335=IFCINDEXEDPOLYCURVE(#12336,(IFCLINEINDEX((1,2,3,4,1))),$);
#12336=IFCCARTESIANPOINTLIST3D(((0.,0.,0.),(0.83482682704925537,0.,0.),(0.83482682704925537,0.,0.89999997615814209),(0.,0.,0.89999997615814209)));
#12337=IFCREPRESENTATIONMAP(#12338,#12342);
#12338=IFCAXIS2PLACEMENT3D(#12339,#12340,#12341);
#12339=IFCCARTESIANPOINT((0.,0.,0.));
#12340=IFCDIRECTION((0.,0.,1.));
#12341=IFCDIRECTION((1.,0.,0.));
#12342=IFCSHAPEREPRESENTATION(#11,'Body','SweptSolid',(#12343,#12354,#12365,#12376));
#12343=IFCEXTRUDEDAREASOLID(#12344,#12349,#12353,0.0099999997764825821);
#12344=IFCARBITRARYPROFILEDEFWITHVOIDS(.AREA.,$,#12345,(#12347));
#12345=IFCINDEXEDPOLYCURVE(#12346,(IFCLINEINDEX((1,2,3,4,1))),$);
#12346=IFCCARTESIANPOINTLIST2D(((0.,0.),(0.83482682704925537,0.),(0.83482682704925537,0.89999997615814209),(0.,0.89999997615814209)));
#12347=IFCINDEXEDPOLYCURVE(#12348,(IFCLINEINDEX((1,2,3,4,1))),$);
#12348=IFCCARTESIANPOINTLIST2D(((0.02500000037252903,0.02500000037252903),(0.80982682667672634,0.02500000037252903),(0.80982682667672634,0.87499997578561306),(0.02500000037252903,0.87499997578561306)));
#12349=IFCAXIS2PLACEMENT3D(#12350,#12351,#12352);
#12350=IFCCARTESIANPOINT((0.,0.090000001713633537,0.));
#12351=IFCDIRECTION((0.,-1.,0.));
#12352=IFCDIRECTION((1.,0.,0.));
#12353=IFCDIRECTION((0.,0.,-1.));
#12354=IFCEXTRUDEDAREASOLID(#12355,#12360,#12364,0.040000000968575478);
#12355=IFCARBITRARYPROFILEDEFWITHVOIDS(.AREA.,$,#12356,(#12358));
#12356=IFCINDEXEDPOLYCURVE(#12357,(IFCLINEINDEX((1,2,3,4,1))),$);
#12357=IFCCARTESIANPOINTLIST2D(((0.,0.),(0.83482682704925537,0.),(0.83482682704925537,0.89999997615814209),(0.,0.89999997615814209)));
#12358=IFCINDEXEDPOLYCURVE(#12359,(IFCLINEINDEX((1,2,3,4,1))),$);
#12359=IFCCARTESIANPOINTLIST2D(((0.05000000074505806,0.05000000074505806),(0.78482682630419731,0.05000000074505806),(0.78482682630419731,0.84999997541308403),(0.05000000074505806,0.84999997541308403)));
#12360=IFCAXIS2PLACEMENT3D(#12361,#12362,#12363);
#12361=IFCCARTESIANPOINT((0.,0.05000000074505806,0.));
#12362=IFCDIRECTION((0.,-1.,0.));
#12363=IFCDIRECTION((1.,0.,0.));
#12364=IFCDIRECTION((0.,0.,-1.));
#12365=IFCEXTRUDEDAREASOLID(#12366,#12371,#12375,0.035000000149011612);
#12366=IFCARBITRARYPROFILEDEFWITHVOIDS(.AREA.,$,#12367,(#12369));
#12367=IFCINDEXEDPOLYCURVE(#12368,(IFCLINEINDEX((1,2,3,4,1))),$);
#12368=IFCCARTESIANPOINTLIST2D(((0.,0.),(0.78482682630419731,0.),(0.78482682630419731,0.84999997541308403),(0.,0.84999997541308403)));
#12369=IFCINDEXEDPOLYCURVE(#12370,(IFCLINEINDEX((1,2,3,4,1))),$);
#12370=IFCCARTESIANPOINTLIST2D(((0.035000000149011612,0.035000000149011612),(0.7498268261551857,0.035000000149011612),(0.7498268261551857,0.81499997526407242),(0.035000000149011612,0.81499997526407242)));
#12371=IFCAXIS2PLACEMENT3D(#12372,#12373,#12374);
#12372=IFCCARTESIANPOINT((0.02500000037252903,0.090000001713633537,0.02500000037252903));
#12373=IFCDIRECTION((0.,-1.,0.));
#12374=IFCDIRECTION((1.,0.,0.));
#12375=IFCDIRECTION((0.,0.,-1.));
#12376=IFCEXTRUDEDAREASOLID(#12377,#12380,#12384,0.01);
#12377=IFCARBITRARYCLOSEDPROFILEDEF(.AREA.,$,#12378);
#12378=IFCINDEXEDPOLYCURVE(#12379,(IFCLINEINDEX((1,2,3,4,1))),$);
#12379=IFCCARTESIANPOINTLIST2D(((0.035000000149011612,0.035000000149011612),(0.7498268261551857,0.035000000149011612),(0.7498268261551857,0.81499997526407242),(0.035000000149011612,0.81499997526407242)));
#12380=IFCAXIS2PLACEMENT3D(#12381,#12382,#12383);
#12381=IFCCARTESIANPOINT((0.02500000037252903,0.10250000178813934,0.02500000037252903));
#12382=IFCDIRECTION((0.,-1.,0.));
#12383=IFCDIRECTION((1.,0.,0.));
#12384=IFCDIRECTION((0.,0.,-1.));
#12385=IFCREPRESENTATIONMAP(#12386,#12390);
#12386=IFCAXIS2PLACEMENT3D(#12387,#12388,#12389);
#12387=IFCCARTESIANPOINT((0.,0.,0.));
#12388=IFCDIRECTION((0.,0.,1.));
#12389=IFCDIRECTION((1.,0.,0.));
#12390=IFCSHAPEREPRESENTATION(#24,'Body','Curve2D',(#12391,#12393,#12395,#12397,#12399,#12401,#12403,#12405));
#12391=IFCINDEXEDPOLYCURVE(#12392,$,$);
#12392=IFCCARTESIANPOINTLIST2D(((0.05000000074505806,0.05000000074505806),(0.78482682630419731,0.05000000074505806)));
#12393=IFCINDEXEDPOLYCURVE(#12394,(IFCLINEINDEX((1,2,3,4,5,6,1))),$);
#12394=IFCCARTESIANPOINTLIST2D(((0.,0.10000000149011612),(0.02500000037252903,0.10000000149011612),(0.02500000037252903,0.090000001713633537),(0.05000000074505806,0.090000001713633537),(0.05000000074505806,0.05000000074505806),(0.,0.05000000074505806)));
#12395=IFCINDEXEDPOLYCURVE(#12396,(IFCLINEINDEX((1,2,3,4,5,6,1))),$);
#12396=IFCCARTESIANPOINTLIST2D(((0.83482682704925537,0.10000000149011612),(0.80982682667672634,0.10000000149011612),(0.80982682667672634,0.090000001713633537),(0.78482682630419731,0.090000001713633537),(0.78482682630419731,0.05000000074505806),(0.83482682704925537,0.05000000074505806)));
#12397=IFCINDEXEDPOLYCURVE(#12398,(IFCLINEINDEX((1,2,3,4,1))),$);
#12398=IFCCARTESIANPOINTLIST2D(((0.02500000037252903,0.090000001713633537),(0.060000000521540642,0.090000001713633537),(0.060000000521540642,0.12500000186264515),(0.02500000037252903,0.12500000186264515)));
#12399=IFCINDEXEDPOLYCURVE(#12400,(IFCLINEINDEX((1,2,3,4,1))),$);
#12400=IFCCARTESIANPOINTLIST2D(((0.80982682667672634,0.090000001713633537),(0.77482682652771473,0.090000001713633537),(0.77482682652771473,0.12500000186264515),(0.80982682667672634,0.12500000186264515)));
#12401=IFCINDEXEDPOLYCURVE(#12402,$,$);
#12402=IFCCARTESIANPOINTLIST2D(((0.060000000521540642,0.090000001713633537),(0.77482682652771473,0.090000001713633537)));
#12403=IFCINDEXEDPOLYCURVE(#12404,$,$);
#12404=IFCCARTESIANPOINTLIST2D(((0.060000000521540642,0.12500000186264515),(0.77482682652771473,0.12500000186264515)));
#12405=IFCINDEXEDPOLYCURVE(#12406,$,$);
#12406=IFCCARTESIANPOINTLIST2D(((0.060000000521540642,0.10750000178813934),(0.77482682652771473,0.10750000178813934)));
#12407=IFCWINDOW('2$gYrG6DfET93hG04h8uWH',$,'Window',$,$,#12580,#12416,$,0.89999997615814209,0.83482682704925537,$,$,$);
#12408=IFCRELDEFINESBYTYPE('0bkgF6p5X7GPuBOV3anahT',$,$,$,(#12407),#12326);
#12409=IFCCARTESIANPOINT((0.,0.,0.));
#12410=IFCDIRECTION((1.,0.,0.));
#12411=IFCDIRECTION((0.,1.,0.));
#12412=IFCDIRECTION((0.,0.,1.));
#12413=IFCCARTESIANTRANSFORMATIONOPERATOR3D(#12410,#12411,#12409,1.,#12412);
#12414=IFCMAPPEDITEM(#12329,#12413);
#12415=IFCSHAPEREPRESENTATION(#18,'Profile','MappedRepresentation',(#12414));
#12416=IFCPRODUCTDEFINITIONSHAPE($,$,(#12415,#12423,#12430));
#12417=IFCCARTESIANPOINT((0.,0.,0.));
#12418=IFCDIRECTION((1.,0.,0.));
#12419=IFCDIRECTION((0.,1.,0.));
#12420=IFCDIRECTION((0.,0.,1.));
#12421=IFCCARTESIANTRANSFORMATIONOPERATOR3D(#12418,#12419,#12417,1.,#12420);
#12422=IFCMAPPEDITEM(#12337,#12421);
#12423=IFCSHAPEREPRESENTATION(#11,'Body','MappedRepresentation',(#12422));
#12424=IFCCARTESIANPOINT((0.,0.,0.));
#12425=IFCDIRECTION((1.,0.,0.));
#12426=IFCDIRECTION((0.,1.,0.));
#12427=IFCDIRECTION((0.,0.,1.));
#12428=IFCCARTESIANTRANSFORMATIONOPERATOR3D(#12425,#12426,#12424,1.,#12427);
#12429=IFCMAPPEDITEM(#12385,#12428);
#12430=IFCSHAPEREPRESENTATION(#24,'Body','MappedRepresentation',(#12429));
#12431=IFCOPENINGELEMENT('0eAqkn9y1D2wARwXp6aCL9',$,'Opening',$,$,#12481,#12459,$,.OPENING.);
#12437=IFCCARTESIANPOINTLIST2D(((0.,0.),(0.83482682704925537,0.),(0.83482682704925537,0.89999997615814209),(0.,0.89999997615814209)));
#12438=IFCINDEXEDPOLYCURVE(#12437,(IFCLINEINDEX((1,2,3,4,1))),$);
#12439=IFCARBITRARYCLOSEDPROFILEDEF(.AREA.,$,#12438);
#12440=IFCCARTESIANPOINT((0.,-0.60000002384185791,0.));
#12441=IFCDIRECTION((0.,-1.,0.));
#12442=IFCDIRECTION((1.,0.,0.));
#12443=IFCAXIS2PLACEMENT3D(#12440,#12441,#12442);
#12444=IFCDIRECTION((0.,0.,-1.));
#12445=IFCEXTRUDEDAREASOLID(#12439,#12443,#12444,1.2);
#12446=IFCSHAPEREPRESENTATION(#11,'Body','SweptSolid',(#12445));
#12447=IFCCARTESIANPOINT((0.,0.,0.));
#12448=IFCDIRECTION((1.,0.,0.));
#12449=IFCDIRECTION((0.,0.,1.));
#12450=IFCAXIS2PLACEMENT3D(#12447,#12449,#12448);
#12451=IFCREPRESENTATIONMAP(#12450,#12446);
#12452=IFCCARTESIANPOINT((0.,0.,0.));
#12453=IFCDIRECTION((1.,0.,0.));
#12454=IFCDIRECTION((0.,1.,0.));
#12455=IFCDIRECTION((0.,0.,1.));
#12456=IFCCARTESIANTRANSFORMATIONOPERATOR3D(#12453,#12454,#12452,1.,#12455);
#12457=IFCMAPPEDITEM(#12451,#12456);
#12458=IFCSHAPEREPRESENTATION(#11,'Body','MappedRepresentation',(#12457));
#12459=IFCPRODUCTDEFINITIONSHAPE($,$,(#12458));
#12460=IFCRELVOIDSELEMENT('0Fo0jZJcnArAwykKUrxszM',$,$,$,#7673,#12431);
#12466=IFCRELFILLSELEMENT('3C1IsW5dP4qhzMHnAEoMSW',$,$,$,#12431,#12407);
#12477=IFCCARTESIANPOINT((6.0830423295840603,1.2195725438424176E-06,1.));
#12478=IFCDIRECTION((0.,0.,1.));
#12479=IFCDIRECTION((0.99999999999999278,-1.1920929665620689E-07,0.));
#12480=IFCAXIS2PLACEMENT3D(#12477,#12478,#12479);
#12481=IFCLOCALPLACEMENT(#8067,#12480);
#12499=IFCBUILDINGSTOREY('1YL2XdhS1AbhtS3_4ixK4N',$,'3F',$,$,#12520,$,$,$,$);
#12516=IFCCARTESIANPOINT((0.,0.,6.));
#12517=IFCDIRECTION((0.,0.,1.));
#12518=IFCDIRECTION((1.,0.,0.));
#12519=IFCAXIS2PLACEMENT3D(#12516,#12517,#12518);
#12520=IFCLOCALPLACEMENT(#56,#12519);
#12521=IFCSLAB('16rEzAGTv3NP5clVWRa0En',$,'Slab',$,$,#12529,#12536,$,$);
#12522=IFCRELCONTAINEDINSPATIALSTRUCTURE('3MJVWXPIz5mg4gnJT21DAa',$,$,$,(#12544,#12521),#12499);
#12523=IFCMATERIALLAYERSETUSAGE(#2658,.AXIS3.,.POSITIVE.,-0.10000000149011612,$);
#12524=IFCRELASSOCIATESMATERIAL('0X_0mvCZTDiujzKWNsWwAS',$,$,$,(#12521),#12523);
#12525=IFCCARTESIANPOINT((4.2266068458557129,6.509894847869873,0.));
#12526=IFCDIRECTION((0.,0.,1.));
#12527=IFCDIRECTION((1.,0.,0.));
#12528=IFCAXIS2PLACEMENT3D(#12525,#12526,#12527);
#12529=IFCLOCALPLACEMENT(#12520,#12528);
#12530=IFCCARTESIANPOINTLIST2D(((0.,0.),(-4.0100016593933105,4.76837158203125E-07),(-4.0100016593933105,-1.002448558807373),(-7.5229935646057129,-1.0024490356445312),(-7.5229940414428711,-8.1450881958007812),(-4.0014481544494629,-8.1450881958007812),(-4.0014481544494629,-8.7457962036132812),(-2.4006791114807129,-8.7457952499389648),(-2.4006791114807129,-9.6600418090820312),(-0.010000705718994141,-9.6599979400634766),(0.,0.)));
#12531=IFCINDEXEDPOLYCURVE(#12530,$,$);
#12532=IFCDIRECTION((0.,0.,1.));
#12533=IFCARBITRARYCLOSEDPROFILEDEF(.AREA.,$,#12531);
#12534=IFCEXTRUDEDAREASOLID(#12533,#12543,#12532,0.10000000000000001);
#12535=IFCSHAPEREPRESENTATION(#11,'Body','SweptSolid',(#12534));
#12536=IFCPRODUCTDEFINITIONSHAPE($,$,(#12535));
#12537=IFCPROPERTYSET('3dWLFOxVj5mQ8QCGVBjAbu',$,'EPset_Parametric',$,(#12539));
#12538=IFCRELDEFINESBYPROPERTIES('1xLD7lW$f61wIhwE14umM4',$,$,$,(#12521),#12537);
#12539=IFCPROPERTYSINGLEVALUE('Engine',$,IFCLABEL('Bonsai.DumbLayer3'),$);
#12540=IFCCARTESIANPOINT((-0.,-0.,-0.10000000149011612));
#12541=IFCDIRECTION((0.,0.,1.));
#12542=IFCDIRECTION((1.,0.,0.));
#12543=IFCAXIS2PLACEMENT3D(#12540,#12541,#12542);
#12544=IFCROOF('230lqieF98XPz465cIQ2CQ',$,'Roof',$,$,#12585,#12553,$,$);
#12545=IFCRELDEFINESBYTYPE('26vaAhWGjC4Abdf_KJy5iy',$,$,$,(#12544),#6281);
#12546=IFCCARTESIANPOINT((0.,0.,0.));
#12547=IFCDIRECTION((1.,0.,0.));
#12548=IFCDIRECTION((0.,1.,0.));
#12549=IFCDIRECTION((0.,0.,1.));
#12550=IFCCARTESIANTRANSFORMATIONOPERATOR3D(#12547,#12548,#12546,1.,#12549);
#12551=IFCMAPPEDITEM(#6311,#12550);
#12552=IFCSHAPEREPRESENTATION(#11,'Body','MappedRepresentation',(#12551));
#12553=IFCPRODUCTDEFINITIONSHAPE($,$,(#12552,#12560));
#12554=IFCCARTESIANPOINT((0.,0.,0.));
#12555=IFCDIRECTION((1.,0.,0.));
#12556=IFCDIRECTION((0.,1.,0.));
#12557=IFCDIRECTION((0.,0.,1.));
#12558=IFCCARTESIANTRANSFORMATIONOPERATOR3D(#12555,#12556,#12554,1.,#12557);
#12559=IFCMAPPEDITEM(#6339,#12558);
#12560=IFCSHAPEREPRESENTATION(#13,'Box','MappedRepresentation',(#12559));
#12566=IFCCARTESIANPOINT((0.,-4.4408920985006262E-16,0.));
#12567=IFCDIRECTION((0.,0.,1.));
#12568=IFCDIRECTION((0.99999999999999989,2.6469779601696886E-23,0.));
#12569=IFCAXIS2PLACEMENT3D(#12566,#12567,#12568);
#12570=IFCLOCALPLACEMENT(#12159,#12569);
#12571=IFCCARTESIANPOINT((-2.2204460492503131E-16,0.,0.));
#12572=IFCDIRECTION((0.,0.,1.));
#12573=IFCDIRECTION((0.99999999999999989,2.6469779601696886E-23,0.));
#12574=IFCAXIS2PLACEMENT3D(#12571,#12572,#12573);
#12575=IFCLOCALPLACEMENT(#12320,#12574);
#12576=IFCCARTESIANPOINT((-7.7715611723760958E-16,0.,0.));
#12577=IFCDIRECTION((0.,0.,1.));
#12578=IFCDIRECTION((0.99999999999999989,2.6469779601696886E-23,0.));
#12579=IFCAXIS2PLACEMENT3D(#12576,#12577,#12578);
#12580=IFCLOCALPLACEMENT(#12481,#12579);
#12581=IFCCARTESIANPOINT((1.0212664604187012,1.6357729434967041,0.10154247283935547));
#12582=IFCDIRECTION((0.,0.,1.));
#12583=IFCDIRECTION((1.,0.,0.));
#12584=IFCAXIS2PLACEMENT3D(#12581,#12582,#12583);
#12585=IFCLOCALPLACEMENT(#12520,#12584);
#12586=IFCSLAB('2zHL6l4TL9PAAq7ysknf6A',$,'Slab',$,$,#12593,#12600,$,$);
#12587=IFCMATERIALLAYERSETUSAGE(#2658,.AXIS3.,.POSITIVE.,-0.10000000149011612,$);
#12588=IFCRELASSOCIATESMATERIAL('0dyUQP66L5o9MqJZdjoqFc',$,$,$,(#12586),#12587);
#12589=IFCCARTESIANPOINT((4.2266068458557129,6.5098943710327148,0.));
#12590=IFCDIRECTION((0.,0.,1.));
#12591=IFCDIRECTION((1.,0.,0.));
#12592=IFCAXIS2PLACEMENT3D(#12589,#12590,#12591);
#12593=IFCLOCALPLACEMENT(#6198,#12592);
#12594=IFCCARTESIANPOINTLIST2D(((0.,0.),(-4.0100016593933105,4.76837158203125E-07),(-4.0100016593933105,-1.0015935897827148),(-7.5217118263244629,-1.001594066619873),(-7.5217123031616211,-9.6599798202514648),(-0.0099930763244628906,-9.6599788665771484),(0.,0.)));
#12595=IFCINDEXEDPOLYCURVE(#12594,$,$);
#12596=IFCDIRECTION((0.,0.,1.));
#12597=IFCARBITRARYCLOSEDPROFILEDEF(.AREA.,$,#12595);
#12598=IFCEXTRUDEDAREASOLID(#12597,#12607,#12596,0.10000000000000001);
#12599=IFCSHAPEREPRESENTATION(#11,'Body','SweptSolid',(#12598));
#12600=IFCPRODUCTDEFINITIONSHAPE($,$,(#12599));
#12601=IFCPROPERTYSET('2MP8Siqfb6b8kOXg7V7mKz',$,'EPset_Parametric',$,(#12603));
#12602=IFCRELDEFINESBYPROPERTIES('01FbFKadLFFhTBct8Gfv1k',$,$,$,(#12586),#12601);
#12603=IFCPROPERTYSINGLEVALUE('Engine',$,IFCLABEL('Bonsai.DumbLayer3'),$);
#12604=IFCCARTESIANPOINT((-0.,-0.,-0.10000000149011612));
#12605=IFCDIRECTION((0.,0.,1.));
#12606=IFCDIRECTION((1.,0.,0.));
#12607=IFCAXIS2PLACEMENT3D(#12604,#12605,#12606);
#12629=IFCCOVERINGTYPE('2datm41jn9twTJSchTqKBs',$,'FL-1-GF',$,$,(#12633),$,$,$,.FLOORING.);
#12630=IFCMATERIALLAYERSET((#12652,#12653),$,$);
#12631=IFCRELASSOCIATESMATERIAL('3ecqsLRbvA9P3xEifTdkK0',$,$,$,(#12629),#12630);
#12633=IFCPROPERTYSET('2lFnYgA3n8cgW8kfSe0ZAB',$,'EPset_Parametric',$,(#12634));
#12634=IFCPROPERTYSINGLEVALUE('LayerSetDirection',$,IFCLABEL('AXIS3'),$);
#12635=IFCCOVERING('0oYw_fhYr46P07usbsLcOa',$,'Covering',$,$,#12839,#12649,$,$);
#12636=IFCRELDEFINESBYTYPE('1VdZKxY7nAf83NKF6vQw9G',$,$,$,(#12635),#12629);
#12637=IFCMATERIALLAYERSETUSAGE(#12630,.AXIS3.,.POSITIVE.,0.,$);
#12638=IFCRELASSOCIATESMATERIAL('27p$Vcuj92Mfvlcmp5NgeE',$,$,$,(#12635),#12637);
#12639=IFCCARTESIANPOINTLIST2D(((-1.9196470975875854,-0.066182613372802734),(-1.9196470975875854,-0.016182422637939453),(-1.9196470975875854,0.033817291259765625),(-1.9196470975875854,1.4538173675537109),(1.330352783203125,1.4538173675537109),(1.330352783203125,-7.4461822509765625),(-2.4706470966339111,-7.4461822509765625),(-2.480647087097168,-4.9661827087402344),(-2.480647087097168,-2.3161823749542236),(-3.9236469268798828,-2.3161823749542236),(-3.9736471176147461,-2.3161823749542236),(-3.9736471176147461,-1.54618239402771),(-3.9736471176147461,-1.4961824417114258),(-1.9196470975875854,-1.4961824417114258)));
#12640=IFCINDEXEDPOLYCURVE(#12639,(IFCLINEINDEX((1,2,3,4,5,6,7,8,9,10,11,12,13,14,1))),$);
#12641=IFCARBITRARYCLOSEDPROFILEDEF(.AREA.,$,#12640);
#12642=IFCCARTESIANPOINT((0.,0.,0.));
#12643=IFCDIRECTION((0.,0.,1.));
#12644=IFCDIRECTION((1.,0.,0.));
#12645=IFCAXIS2PLACEMENT3D(#12642,#12643,#12644);
#12646=IFCDIRECTION((0.,0.,1.));
#12647=IFCEXTRUDEDAREASOLID(#12641,#12645,#12646,0.09999999962747097);
#12648=IFCSHAPEREPRESENTATION(#11,'Body','SweptSolid',(#12647));
#12649=IFCPRODUCTDEFINITIONSHAPE($,$,(#12648));
#12650=IFCMATERIAL('Screed',$,'cement');
#12651=IFCMATERIAL('Parquet',$,'wood');
#12652=IFCMATERIALLAYER(#12650,0.070000000298023224,$,$,$,$,$);
#12653=IFCMATERIALLAYER(#12651,0.029999999329447746,$,$,$,$,$);
#12654=IFCSTAIRFLIGHTTYPE('00jjwI2IPF_AoUbYLgnI_b',$,'STAIR-1',$,$,(#12655,#12657),(#12699,#12804),$,$,.STRAIGHT.);
#12655=IFCPROPERTYSET('1WsEkkdK50h9y2QV$i9k4d',$,'BBIM_Stair',$,(#12656));
#12656=IFCPROPERTYSINGLEVALUE('Data',$,IFCTEXT('{"stair_type": "GENERIC", "width": 0.8197622299194336, "height": 1.7999999523162842, "number_of_treads": 7, "tread_run": 0.18747425079345703, "nosing_length": 0.0, "nosing_depth": 0.0, "custom_first_last_tread_run": [null, null], "custom_tread_lock": true}'),$);
#12657=IFCPROPERTYSET('2NMtViH0j0WuuQQhPBW$bR',$,'Pset_StairFlightCommon',$,(#12658,#12659,#12660,#12661,#12662));
#12658=IFCPROPERTYSINGLEVALUE('NumberOfRiser',$,IFCCOUNTMEASURE(8.),$);
#12659=IFCPROPERTYSINGLEVALUE('NumberOfTreads',$,IFCCOUNTMEASURE(7.),$);
#12660=IFCPROPERTYSINGLEVALUE('RiserHeight',$,IFCPOSITIVELENGTHMEASURE(0.22499999403953552),$);
#12661=IFCPROPERTYSINGLEVALUE('TreadLength',$,IFCPOSITIVELENGTHMEASURE(0.25),$);
#12662=IFCPROPERTYSINGLEVALUE('NosingLength',$,IFCLENGTHMEASURE(0.),$);
#12695=IFCCARTESIANPOINT((0.,0.,0.));
#12696=IFCDIRECTION((1.,0.,0.));
#12697=IFCDIRECTION((0.,0.,1.));
#12698=IFCAXIS2PLACEMENT3D(#12695,#12697,#12696);
#12699=IFCREPRESENTATIONMAP(#12698,#12795);
#12700=IFCSTAIRFLIGHT('0K0EvG5wv8dOfH4aUJt5IH',$,'StairFlight',$,$,#12844,#12709,$,8,7,0.22499999403953552,0.25,.STRAIGHT.);
#12701=IFCRELDEFINESBYTYPE('1M4jBtw2vDSR4QB9EAP76Z',$,$,$,(#13295,#12700),#12654);
#12709=IFCPRODUCTDEFINITIONSHAPE($,$,(#12716,#12811));
#12710=IFCCARTESIANPOINT((0.,0.,0.));
#12711=IFCDIRECTION((1.,0.,0.));
#12712=IFCDIRECTION((0.,1.,0.));
#12713=IFCDIRECTION((0.,0.,1.));
#12714=IFCCARTESIANTRANSFORMATIONOPERATOR3D(#12711,#12712,#12710,1.,#12713);
#12715=IFCMAPPEDITEM(#12699,#12714);
#12716=IFCSHAPEREPRESENTATION(#11,'Body','MappedRepresentation',(#12715));
#12765=IFCMATERIALLAYERSET((#12766),$,$);
#12766=IFCMATERIALLAYER(#81,0.10000000000000001,$,$,$,$,$);
#12767=IFCSLABTYPE('2TTATRkG5FqPBls_Wn$NXr',$,'Slab Landing',$,$,(#12771),$,$,$,.LANDING.);
#12768=IFCMATERIALLAYERSET((#12770),$,$);
#12769=IFCRELASSOCIATESMATERIAL('1AA7ULTEDFI9oGQH83DNL5',$,$,$,(#12767),#12768);
#12770=IFCMATERIALLAYER(#81,1.7999999523162842,$,$,$,$,$);
#12771=IFCPROPERTYSET('25zNZvKx94dgh5$KyTzsll',$,'EPset_Parametric',$,(#12772));
#12772=IFCPROPERTYSINGLEVALUE('LayerSetDirection',$,IFCLABEL('AXIS3'),$);
#12773=IFCINDEXEDPOLYGONALFACE((2,1,18,17,16,15,14,13,12,11,10,9,8,7,6,5,4,3));
#12774=IFCINDEXEDPOLYGONALFACE((19,20,21,22,23,24,25,26,27,28,29,30,31,32,33,34,35,36));
#12775=IFCINDEXEDPOLYGONALFACE((2,3,20,19));
#12776=IFCINDEXEDPOLYGONALFACE((17,18,35,34));
#12777=IFCINDEXEDPOLYGONALFACE((10,11,28,27));
#12778=IFCINDEXEDPOLYGONALFACE((3,4,21,20));
#12779=IFCINDEXEDPOLYGONALFACE((18,1,36,35));
#12780=IFCINDEXEDPOLYGONALFACE((11,12,29,28));
#12781=IFCINDEXEDPOLYGONALFACE((4,5,22,21));
#12782=IFCINDEXEDPOLYGONALFACE((12,13,30,29));
#12783=IFCINDEXEDPOLYGONALFACE((5,6,23,22));
#12784=IFCINDEXEDPOLYGONALFACE((13,14,31,30));
#12785=IFCINDEXEDPOLYGONALFACE((6,7,24,23));
#12786=IFCINDEXEDPOLYGONALFACE((14,15,32,31));
#12787=IFCINDEXEDPOLYGONALFACE((7,8,25,24));
#12788=IFCINDEXEDPOLYGONALFACE((15,16,33,32));
#12789=IFCINDEXEDPOLYGONALFACE((8,9,26,25));
#12790=IFCINDEXEDPOLYGONALFACE((1,2,19,36));
#12791=IFCINDEXEDPOLYGONALFACE((16,17,34,33));
#12792=IFCINDEXEDPOLYGONALFACE((9,10,27,26));
#12793=IFCCARTESIANPOINTLIST3D(((0.,0.,0.),(0.,0.,0.22499999403953552),(0.18747425079345703,0.,0.22499999403953552),(0.18747425079345703,0.,0.44999998807907104),(0.37494850158691406,0.,0.44999998807907104),(0.37494850158691406,0.,0.67499995231628418),(0.56242275238037109,0.,0.67499995231628418),(0.56242275238037109,0.,0.89999997615814209),(0.74989700317382812,0.,0.89999997615814209),(0.74989700317382812,0.,1.125),(0.93737125396728516,0.,1.125),(0.93737125396728516,0.,1.3500000238418579),(1.1248455047607422,0.,1.3500000238418579),(1.1248455047607422,0.,1.5750000476837158),(1.3123197555541992,0.,1.5750000476837158),(1.3123197555541992,0.,1.8000000715255737),(1.4997940063476562,0.,1.8000000715255737),(1.4997940063476562,0.,0.),(0.,0.81976222991943359,0.22499999403953552),(0.18747425079345703,0.81976222991943359,0.22499999403953552),(0.18747425079345703,0.81976222991943359,0.44999998807907104),(0.37494850158691406,0.81976222991943359,0.44999998807907104),(0.37494850158691406,0.81976222991943359,0.67499995231628418),(0.56242275238037109,0.81976222991943359,0.67499995231628418),(0.56242275238037109,0.81976222991943359,0.89999997615814209),(0.74989700317382812,0.81976222991943359,0.89999997615814209),(0.74989700317382812,0.81976222991943359,1.125),(0.93737125396728516,0.81976222991943359,1.125),(0.93737125396728516,0.81976222991943359,1.3500000238418579),(1.1248455047607422,0.81976222991943359,1.3500000238418579),(1.1248455047607422,0.81976222991943359,1.5750000476837158),(1.3123197555541992,0.81976222991943359,1.5750000476837158),(1.3123197555541992,0.81976222991943359,1.8000000715255737),(1.4997940063476562,0.81976222991943359,1.8000000715255737),(1.4997940063476562,0.81976222991943359,0.),(0.,0.81976222991943359,0.)));
#12794=IFCPOLYGONALFACESET(#12793,.T.,(#12773,#12774,#12775,#12776,#12777,#12778,#12779,#12780,#12781,#12782,#12783,#12784,#12785,#12786,#12787,#12788,#12789,#12790,#12791,#12792),$);
#12795=IFCSHAPEREPRESENTATION(#11,'Body','Tessellation',(#12794));
#12797=IFCCARTESIANPOINT((0.,0.,0.));
#12798=IFCBOUNDINGBOX(#12797,1.4997940063476562,0.81976222991943359,1.8000000715255737);
#12799=IFCSHAPEREPRESENTATION(#13,'Box','BoundingBox',(#12798));
#12800=IFCCARTESIANPOINT((0.,0.,0.));
#12801=IFCDIRECTION((1.,0.,0.));
#12802=IFCDIRECTION((0.,0.,1.));
#12803=IFCAXIS2PLACEMENT3D(#12800,#12802,#12801);
#12804=IFCREPRESENTATIONMAP(#12803,#12799);
#12805=IFCCARTESIANPOINT((0.,0.,0.));
#12806=IFCDIRECTION((1.,0.,0.));
#12807=IFCDIRECTION((0.,1.,0.));
#12808=IFCDIRECTION((0.,0.,1.));
#12809=IFCCARTESIANTRANSFORMATIONOPERATOR3D(#12806,#12807,#12805,1.,#12808);
#12810=IFCMAPPEDITEM(#12804,#12809);
#12811=IFCSHAPEREPRESENTATION(#13,'Box','MappedRepresentation',(#12810));
#12812=IFCSLAB('2V1hmMMoLBquAcaM6L1Y_8',$,'Slab',$,$,#12849,#12827,$,$);
#12813=IFCRELDEFINESBYTYPE('23kuXMhjrCUfIoITP53uC2',$,$,$,(#13388,#13410,#13432,#13251,#13273,#13224,#12812),#12767);
#12814=IFCMATERIALLAYERSETUSAGE(#12768,.AXIS3.,.POSITIVE.,-0.10000000149011612,$);
#12815=IFCRELASSOCIATESMATERIAL('0GoSYUFGHAZhzYzza63Ko9',$,$,$,(#12812),#12814);
#12821=IFCCARTESIANPOINTLIST2D(((0.,0.),(0.,-0.81976222991943359),(0.7548370361328125,-0.81976217031478882),(0.7548370361328125,-0.0030128955841064453),(0.,0.)));
#12822=IFCINDEXEDPOLYCURVE(#12821,$,$);
#12823=IFCDIRECTION((0.,0.,1.));
#12824=IFCARBITRARYCLOSEDPROFILEDEF(.AREA.,$,#12822);
#12825=IFCEXTRUDEDAREASOLID(#12824,#12834,#12823,0.10000000000000001);
#12826=IFCSHAPEREPRESENTATION(#11,'Body','SweptSolid',(#12825));
#12827=IFCPRODUCTDEFINITIONSHAPE($,$,(#12826));
#12828=IFCPROPERTYSET('0i9utny856uQYvOiX9bOzA',$,'EPset_Parametric',$,(#12830));
#12829=IFCRELDEFINESBYPROPERTIES('2jmiZHuE57weV_plq97RHV',$,$,$,(#12812),#12828);
#12830=IFCPROPERTYSINGLEVALUE('Engine',$,IFCLABEL('Bonsai.DumbLayer3'),$);
#12831=IFCCARTESIANPOINT((-0.,-0.,-0.10000000149011612));
#12832=IFCDIRECTION((0.,0.,1.));
#12833=IFCDIRECTION((1.,0.,0.));
#12834=IFCAXIS2PLACEMENT3D(#12831,#12832,#12833);
#12835=IFCCARTESIANPOINT((2.7966470718383789,4.9561824798583984,9.5367431640625E-07));
#12836=IFCDIRECTION((0.,0.,1.));
#12837=IFCDIRECTION((1.,0.,0.));
#12838=IFCAXIS2PLACEMENT3D(#12835,#12836,#12837);
#12839=IFCLOCALPLACEMENT(#79,#12838);
#12840=IFCCARTESIANPOINT((1.8120803833007812,0.49257683753967285,0.10000094771385193));
#12841=IFCDIRECTION((0.,0.,1.));
#12842=IFCDIRECTION((1.,0.,0.));
#12843=IFCAXIS2PLACEMENT3D(#12840,#12841,#12842);
#12844=IFCLOCALPLACEMENT(#79,#12843);
#12845=IFCCARTESIANPOINT((3.3118743896484375,1.3123390674591064,0.20000094175338745));
#12846=IFCDIRECTION((0.,0.,1.));
#12847=IFCDIRECTION((1.,0.,0.));
#12848=IFCAXIS2PLACEMENT3D(#12845,#12846,#12847);
#12849=IFCLOCALPLACEMENT(#79,#12848);
#12850=IFCRAILINGTYPE('3XzjiIzDfA4ftg0S6IFYIs',$,'BALCONY-1',$,$,(#12851,#12853),(#12882,#12926),$,$,.USERDEFINED.);
#12851=IFCPROPERTYSET('2rjVT7vfrFyQQhH4zE7kY9',$,'BBIM_Railing',$,(#12852));
#12852=IFCPROPERTYSINGLEVALUE('Data',$,IFCTEXT('{"railing_type": "FRAMELESS_PANEL", "height": 1.0, "thickness": 0.05000000074505806, "spacing": 0.05000000074505806, "path_data": {"edges": [[0, 1], [1, 2]], "verts": [[-1.0, 0.0, 0.0], [0.0, 0.0, 0.0], [1.0, 0.0, 0.0]]}}'),$);
#12853=IFCPROPERTYSET('0ul_8hBivEEfUCtmftIXir',$,'Pset_RailingCommon',$,(#12854));
#12854=IFCPROPERTYSINGLEVALUE('Height',$,IFCPOSITIVELENGTHMEASURE(1.),$);
#12878=IFCCARTESIANPOINT((0.,0.,0.));
#12879=IFCDIRECTION((1.,0.,0.));
#12880=IFCDIRECTION((0.,0.,1.));
#12881=IFCAXIS2PLACEMENT3D(#12878,#12880,#12879);
#12882=IFCREPRESENTATIONMAP(#12881,#12917);
#12883=IFCINDEXEDPOLYGONALFACE((2,3,4));
#12884=IFCINDEXEDPOLYGONALFACE((2,4,1));
#12885=IFCINDEXEDPOLYGONALFACE((6,7,8));
#12886=IFCINDEXEDPOLYGONALFACE((6,8,5));
#12887=IFCINDEXEDPOLYGONALFACE((12,9,10));
#12888=IFCINDEXEDPOLYGONALFACE((12,10,11));
#12889=IFCINDEXEDPOLYGONALFACE((13,14,9));
#12890=IFCINDEXEDPOLYGONALFACE((13,9,12));
#12891=IFCINDEXEDPOLYGONALFACE((18,15,16));
#12892=IFCINDEXEDPOLYGONALFACE((18,16,17));
#12893=IFCINDEXEDPOLYGONALFACE((19,20,15));
#12894=IFCINDEXEDPOLYGONALFACE((19,15,18));
#12895=IFCINDEXEDPOLYGONALFACE((2,9,14));
#12896=IFCINDEXEDPOLYGONALFACE((1,10,9));
#12897=IFCINDEXEDPOLYGONALFACE((1,9,2));
#12898=IFCINDEXEDPOLYGONALFACE((6,15,20));
#12899=IFCINDEXEDPOLYGONALFACE((5,16,15));
#12900=IFCINDEXEDPOLYGONALFACE((5,15,6));
#12901=IFCINDEXEDPOLYGONALFACE((10,1,4));
#12902=IFCINDEXEDPOLYGONALFACE((10,4,11));
#12903=IFCINDEXEDPOLYGONALFACE((2,13,3));
#12904=IFCINDEXEDPOLYGONALFACE((2,14,13));
#12905=IFCINDEXEDPOLYGONALFACE((6,19,7));
#12906=IFCINDEXEDPOLYGONALFACE((6,20,19));
#12907=IFCINDEXEDPOLYGONALFACE((18,8,7));
#12908=IFCINDEXEDPOLYGONALFACE((18,7,19));
#12909=IFCINDEXEDPOLYGONALFACE((17,8,18));
#12910=IFCINDEXEDPOLYGONALFACE((16,5,8));
#12911=IFCINDEXEDPOLYGONALFACE((16,8,17));
#12912=IFCINDEXEDPOLYGONALFACE((12,4,3));
#12913=IFCINDEXEDPOLYGONALFACE((12,3,13));
#12914=IFCINDEXEDPOLYGONALFACE((11,4,12));
#12915=IFCCARTESIANPOINTLIST3D(((-0.02500000037252903,-0.02500000037252903,1.),(-0.02500000037252903,0.02500000037252903,1.),(-0.97500002384185791,0.02500000037252903,1.),(-0.97500002384185791,-0.02500000037252903,1.),(0.97500002384185791,-0.02500000037252903,1.),(0.97500002384185791,0.02500000037252903,1.),(0.02500000037252903,0.02500000037252903,1.),(0.02500000037252903,-0.02500000037252903,1.),(-0.02500000037252903,0.,0.),(-0.02500000037252903,-0.02500000037252903,0.),(-0.97500002384185791,-0.02500000037252903,0.),(-0.97500002384185791,0.,0.),(-0.97500002384185791,0.02500000037252903,0.),(-0.02500000037252903,0.02500000037252903,0.),(0.97500002384185791,0.,0.),(0.97500002384185791,-0.02500000037252903,0.),(0.02500000037252903,-0.02500000037252903,0.),(0.02500000037252903,0.,0.),(0.02500000037252903,0.02500000037252903,0.),(0.97500002384185791,0.02500000037252903,0.)));
#12916=IFCPOLYGONALFACESET(#12915,.T.,(#12883,#12884,#12885,#12886,#12887,#12888,#12889,#12890,#12891,#12892,#12893,#12894,#12895,#12896,#12897,#12898,#12899,#12900,#12901,#12902,#12903,#12904,#12905,#12906,#12907,#12908,#12909,#12910,#12911,#12912,#12913,#12914),$);
#12917=IFCSHAPEREPRESENTATION(#11,'Body','Tessellation',(#12916));
#12919=IFCCARTESIANPOINT((-0.97500002384185791,-0.02500000037252903,0.));
#12920=IFCBOUNDINGBOX(#12919,1.9500000476837158,0.05000000074505806,1.);
#12921=IFCSHAPEREPRESENTATION(#13,'Box','BoundingBox',(#12920));
#12922=IFCCARTESIANPOINT((0.,0.,0.));
#12923=IFCDIRECTION((1.,0.,0.));
#12924=IFCDIRECTION((0.,0.,1.));
#12925=IFCAXIS2PLACEMENT3D(#12922,#12924,#12923);
#12926=IFCREPRESENTATIONMAP(#12925,#12921);
#12927=IFCRAILING('0XmCilpqD4xeoeXOI67$mD',$,'Railing',$,$,#12953,#12936,$,$);
#12928=IFCRELDEFINESBYTYPE('3kKlk8fsr1bPfV1Qb_IT0L',$,$,$,(#12927,#12954,#13655),#12850);
#12929=IFCCARTESIANPOINT((0.,0.,0.));
#12930=IFCDIRECTION((1.,0.,0.));
#12931=IFCDIRECTION((0.,1.,0.));
#12932=IFCDIRECTION((0.,0.,1.));
#12933=IFCCARTESIANTRANSFORMATIONOPERATOR3D(#12930,#12931,#12929,1.,#12932);
#12934=IFCMAPPEDITEM(#12882,#12933);
#12935=IFCSHAPEREPRESENTATION(#11,'Body','MappedRepresentation',(#12934));
#12936=IFCPRODUCTDEFINITIONSHAPE($,$,(#12935,#12943));
#12937=IFCCARTESIANPOINT((0.,0.,0.));
#12938=IFCDIRECTION((1.,0.,0.));
#12939=IFCDIRECTION((0.,1.,0.));
#12940=IFCDIRECTION((0.,0.,1.));
#12941=IFCCARTESIANTRANSFORMATIONOPERATOR3D(#12938,#12939,#12937,1.,#12940);
#12942=IFCMAPPEDITEM(#12926,#12941);
#12943=IFCSHAPEREPRESENTATION(#13,'Box','MappedRepresentation',(#12942));
#12949=IFCCARTESIANPOINT((0.85092759132385254,-3.1250853538513184,0.));
#12950=IFCDIRECTION((0.,0.,1.));
#12951=IFCDIRECTION((1.,0.,0.));
#12952=IFCAXIS2PLACEMENT3D(#12949,#12950,#12951);
#12953=IFCLOCALPLACEMENT(#6198,#12952);
#12954=IFCRAILING('3bi75QMUDE3wXeGwV_Lqb1',$,'Railing',$,$,#13191,#12967,$,$);
#12960=IFCCARTESIANPOINT((0.,0.,0.));
#12961=IFCDIRECTION((1.,0.,0.));
#12962=IFCDIRECTION((0.,1.,0.));
#12963=IFCDIRECTION((0.,0.,1.));
#12964=IFCCARTESIANTRANSFORMATIONOPERATOR3D(#12961,#12962,#12960,1.,#12963);
#12965=IFCMAPPEDITEM(#12882,#12964);
#12966=IFCSHAPEREPRESENTATION(#11,'Body','MappedRepresentation',(#12965));
#12967=IFCPRODUCTDEFINITIONSHAPE($,$,(#12966,#12974));
#12968=IFCCARTESIANPOINT((0.,0.,0.));
#12969=IFCDIRECTION((1.,0.,0.));
#12970=IFCDIRECTION((0.,1.,0.));
#12971=IFCDIRECTION((0.,0.,1.));
#12972=IFCCARTESIANTRANSFORMATIONOPERATOR3D(#12969,#12970,#12968,1.,#12971);
#12973=IFCMAPPEDITEM(#12926,#12972);
#12974=IFCSHAPEREPRESENTATION(#13,'Box','MappedRepresentation',(#12973));
#12975=IFCRAILINGTYPE('1Vn$NIurr8yxBkEKaIMw4V',$,'BALCONY-2',$,$,(#12976,#12978),(#12980,#13073),$,$,.USERDEFINED.);
#12976=IFCPROPERTYSET('2mJc3UYur6SBPIhW6$w0G$',$,'BBIM_Railing',$,(#12977));
#12977=IFCPROPERTYSINGLEVALUE('Data',$,IFCTEXT('{"railing_type": "FRAMELESS_PANEL", "height": 1.0, "thickness": 0.05000000074505806, "spacing": 0.05000000074505806, "path_data": {"edges": [[0, 1], [1, 2]], "verts": [[-0.15398311614990234, 0.0, 0.0], [0.0, 0.0, 0.0], [1.0, 0.0, 0.0]]}}'),$);
#12978=IFCPROPERTYSET('0$ERDLxRjC1BwZAK2jzrk$',$,'Pset_RailingCommon',$,(#12979));
#12979=IFCPROPERTYSINGLEVALUE('Height',$,IFCPOSITIVELENGTHMEASURE(1.),$);
#12980=IFCREPRESENTATIONMAP(#12981,#13064);
#12981=IFCAXIS2PLACEMENT3D(#12982,#12983,#12984);
#12982=IFCCARTESIANPOINT((0.,0.,0.));
#12983=IFCDIRECTION((0.,0.,1.));
#12984=IFCDIRECTION((1.,0.,0.));
#13028=IFCRAILING('3xfZVgLA57ov6YcNPm2BUr',$,'Railing',$,'FRAMELESS_PANEL',#13196,#13037,$,.USERDEFINED.);
#13029=IFCRELDEFINESBYTYPE('1B3Q4nFiHFygt8atB6oOrW',$,$,$,(#13028),#12975);
#13030=IFCCARTESIANPOINT((0.,0.,0.));
#13031=IFCDIRECTION((1.,0.,0.));
#13032=IFCDIRECTION((0.,1.,0.));
#13033=IFCDIRECTION((0.,0.,1.));
#13034=IFCCARTESIANTRANSFORMATIONOPERATOR3D(#13031,#13032,#13030,1.,#13033);
#13035=IFCMAPPEDITEM(#12980,#13034);
#13036=IFCSHAPEREPRESENTATION(#11,'Body','MappedRepresentation',(#13035));
#13037=IFCPRODUCTDEFINITIONSHAPE($,$,(#13036,#13080));
#13050=IFCINDEXEDPOLYGONALFACE((16,19,18,17));
#13051=IFCINDEXEDPOLYGONALFACE((20,23,22,21));
#13052=IFCINDEXEDPOLYGONALFACE((5,11,10,4,8,9));
#13053=IFCINDEXEDPOLYGONALFACE((7,15,14,6,12,13));
#13054=IFCINDEXEDPOLYGONALFACE((11,16,17,10));
#13055=IFCINDEXEDPOLYGONALFACE((8,18,19,9));
#13056=IFCINDEXEDPOLYGONALFACE((13,23,20,15,7));
#13057=IFCINDEXEDPOLYGONALFACE((5,9,19,16,11));
#13058=IFCINDEXEDPOLYGONALFACE((12,22,23,13));
#13059=IFCINDEXEDPOLYGONALFACE((14,21,22,12,6));
#13060=IFCINDEXEDPOLYGONALFACE((15,20,21,14));
#13061=IFCINDEXEDPOLYGONALFACE((4,10,17,18,8));
#13062=IFCCARTESIANPOINTLIST3D(((-0.15398311614990234,0.,0.),(0.,0.,0.),(1.,0.,0.),(-0.12898311018943787,0.,0.),(-0.024999998509883881,0.,0.),(0.02500000037252903,0.,0.),(0.97500002384185791,0.,0.),(-0.12898311018943787,0.02500000037252903,0.),(-0.024999998509883881,0.02500000037252903,0.),(-0.12898311018943787,-0.02500000037252903,0.),(-0.024999998509883881,-0.02500000037252903,0.),(0.02500000037252903,0.02500000037252903,0.),(0.97500002384185791,0.02500000037252903,0.),(0.02500000037252903,-0.02500000037252903,0.),(0.97500002384185791,-0.02500000037252903,0.),(-0.024999998509883881,-0.02500000037252903,1.),(-0.12898311018943787,-0.02500000037252903,1.),(-0.12898311018943787,0.02500000037252903,1.),(-0.024999998509883881,0.02500000037252903,1.),(0.97500002384185791,-0.02500000037252903,1.),(0.02500000037252903,-0.02500000037252903,1.),(0.02500000037252903,0.02500000037252903,1.),(0.97500002384185791,0.02500000037252903,1.)));
#13063=IFCPOLYGONALFACESET(#13062,.F.,(#13050,#13051,#13052,#13053,#13054,#13055,#13056,#13057,#13058,#13059,#13060,#13061),$);
#13064=IFCSHAPEREPRESENTATION(#11,'Body','Tessellation',(#13063));
#13066=IFCCARTESIANPOINT((-0.15398311614990234,-0.02500000037252903,0.));
#13067=IFCBOUNDINGBOX(#13066,1.1539831161499023,0.05000000074505806,1.);
#13068=IFCSHAPEREPRESENTATION(#13,'Box','BoundingBox',(#13067));
#13069=IFCCARTESIANPOINT((0.,0.,0.));
#13070=IFCDIRECTION((1.,0.,0.));
#13071=IFCDIRECTION((0.,0.,1.));
#13072=IFCAXIS2PLACEMENT3D(#13069,#13071,#13070);
#13073=IFCREPRESENTATIONMAP(#13072,#13068);
#13074=IFCCARTESIANPOINT((0.,0.,0.));
#13075=IFCDIRECTION((1.,0.,0.));
#13076=IFCDIRECTION((0.,1.,0.));
#13077=IFCDIRECTION((0.,0.,1.));
#13078=IFCCARTESIANTRANSFORMATIONOPERATOR3D(#13075,#13076,#13074,1.,#13077);
#13079=IFCMAPPEDITEM(#13073,#13078);
#13080=IFCSHAPEREPRESENTATION(#13,'Box','MappedRepresentation',(#13079));
#13081=IFCRAILINGTYPE('3T78kz7mfFOuVSJ3p$Xve1',$,'BALCONY-3',$,$,(#13082,#13084),(#13086,#13894),$,$,.USERDEFINED.);
#13082=IFCPROPERTYSET('14R3Wr6Or4dvvYw$8wDrEb',$,'BBIM_Railing',$,(#13083));
#13083=IFCPROPERTYSINGLEVALUE('Data',$,IFCTEXT('{"railing_type": "FRAMELESS_PANEL", "height": 1.0, "thickness": 0.05000000074505806, "spacing": 0.05000000074505806, "path_data": {"edges": [[0, 1], [1, 2]], "verts": [[-0.565582275390625, -0.04429914057254791, 1.71661376953125e-05], [6.392540672095492e-05, -0.04429906606674194, 1.71661376953125e-05], [0.9493113160133362, -0.044299058616161346, 1.71661376953125e-05]]}}'),$);
#13084=IFCPROPERTYSET('3jKhqMIIr39Ro3MS$knOc6',$,'Pset_RailingCommon',$,(#13085));
#13085=IFCPROPERTYSINGLEVALUE('Height',$,IFCPOSITIVELENGTHMEASURE(1.),$);
#13086=IFCREPRESENTATIONMAP(#13087,#13885);
#13087=IFCAXIS2PLACEMENT3D(#13088,#13089,#13090);
#13088=IFCCARTESIANPOINT((0.,0.,0.));
#13089=IFCDIRECTION((0.,0.,1.));
#13090=IFCDIRECTION((1.,0.,0.));
#13187=IFCCARTESIANPOINT((-1.1371883153915405,-3.1250853538513184,-0.015747547149658203));
#13188=IFCDIRECTION((0.,0.,1.));
#13189=IFCDIRECTION((1.,0.,0.));
#13190=IFCAXIS2PLACEMENT3D(#13187,#13188,#13189);
#13191=IFCLOCALPLACEMENT(#6198,#13190);
#13192=IFCCARTESIANPOINT((-3.1411223411560059,-3.1250853538513184,0.));
#13193=IFCDIRECTION((0.,0.,1.));
#13194=IFCDIRECTION((1.,0.,0.));
#13195=IFCAXIS2PLACEMENT3D(#13192,#13193,#13194);
#13196=IFCLOCALPLACEMENT(#6198,#13195);
#13224=IFCSLAB('3iXqG2zyP1zu984e$566T6',$,'Slab',$,$,#13250,#13238,$,$);
#13225=IFCMATERIALLAYERSETUSAGE(#12768,.AXIS3.,.POSITIVE.,-0.10000000149011612,$);
#13226=IFCRELASSOCIATESMATERIAL('0Gu1Mfa215RQh0O4TB_6Bf',$,$,$,(#13224),#13225);
#13232=IFCCARTESIANPOINTLIST2D(((0.,0.),(0.8147125244140625,5.9604644775390625E-08),(0.8147125244140625,0.81974005699157715),(1.52587890625E-05,0.8197399377822876),(0.,0.)));
#13233=IFCINDEXEDPOLYCURVE(#13232,$,$);
#13234=IFCDIRECTION((0.,0.,1.));
#13235=IFCARBITRARYCLOSEDPROFILEDEF(.AREA.,$,#13233);
#13236=IFCEXTRUDEDAREASOLID(#13235,#13245,#13234,1.7999999523162842);
#13237=IFCSHAPEREPRESENTATION(#11,'Body','SweptSolid',(#13236));
#13238=IFCPRODUCTDEFINITIONSHAPE($,$,(#13237));
#13239=IFCPROPERTYSET('2KBLSVHY1BvwdLdrpMBSHy',$,'EPset_Parametric',$,(#13241));
#13240=IFCRELDEFINESBYPROPERTIES('1qG7xn16nDd9HbFKo67e1j',$,$,$,(#13224),#13239);
#13241=IFCPROPERTYSINGLEVALUE('Engine',$,IFCLABEL('Bonsai.DumbLayer3'),$);
#13242=IFCCARTESIANPOINT((-0.,-0.,-0.10000000149011612));
#13243=IFCDIRECTION((0.,0.,1.));
#13244=IFCDIRECTION((1.,0.,0.));
#13245=IFCAXIS2PLACEMENT3D(#13242,#13243,#13244);
#13246=IFCCARTESIANPOINT((3.3118743896484375,0.49257683753967285,0.20000100135803223));
#13247=IFCDIRECTION((0.,0.,1.));
#13248=IFCDIRECTION((1.,0.,0.));
#13249=IFCAXIS2PLACEMENT3D(#13246,#13247,#13248);
#13250=IFCLOCALPLACEMENT(#79,#13249);
#13251=IFCSLAB('2OhJ2yfirEdBVy2VJQYTrZ',$,'Slab',$,$,#13252,#13262,$,$);
#13252=IFCLOCALPLACEMENT(#79,#13253);
#13253=IFCAXIS2PLACEMENT3D(#13254,#13255,#13256);
#13254=IFCCARTESIANPOINT((3.3118743896484375,0.49257683753967285,0.20000100135803223));
#13255=IFCDIRECTION((0.,0.,1.));
#13256=IFCDIRECTION((1.,0.,0.));
#13257=IFCRELASSOCIATESMATERIAL('0GZ7tpAKz1$QRnVsw9juWR',$,$,$,(#13251),#13258);
#13258=IFCMATERIALLAYERSETUSAGE(#12768,.AXIS3.,.POSITIVE.,-0.10000000149011612,$);
#13259=IFCRELDEFINESBYPROPERTIES('2YJhxgVnD0TuDErEaLTVEi',$,$,$,(#13251),#13260);
#13260=IFCPROPERTYSET('37Q78pOqf3VAl08v$7$5Jy',$,'EPset_Parametric',$,(#13261));
#13261=IFCPROPERTYSINGLEVALUE('Engine',$,IFCLABEL('Bonsai.DumbLayer3'),$);
#13262=IFCPRODUCTDEFINITIONSHAPE($,$,(#13263));
#13263=IFCSHAPEREPRESENTATION(#11,'Body','SweptSolid',(#13264));
#13264=IFCEXTRUDEDAREASOLID(#13265,#13268,#13272,1.7999999523162842);
#13265=IFCARBITRARYCLOSEDPROFILEDEF(.AREA.,$,#13266);
#13266=IFCINDEXEDPOLYCURVE(#13267,$,$);
#13267=IFCCARTESIANPOINTLIST2D(((0.,0.),(0.8147125244140625,5.9604644775390625E-08),(0.8147125244140625,0.81974005699157715),(1.52587890625E-05,0.8197399377822876),(0.,0.)));
#13268=IFCAXIS2PLACEMENT3D(#13269,#13270,#13271);
#13269=IFCCARTESIANPOINT((-0.,-0.,-0.10000000149011612));
#13270=IFCDIRECTION((0.,0.,1.));
#13271=IFCDIRECTION((1.,0.,0.));
#13272=IFCDIRECTION((0.,0.,1.));
#13273=IFCSLAB('25hgmxyTr1benizV9wgoq7',$,'Slab',$,$,#13387,#13287,$,$);
#13274=IFCMATERIALLAYERSETUSAGE(#12768,.AXIS3.,.POSITIVE.,-1.7999999523162842,$);
#13275=IFCRELASSOCIATESMATERIAL('2cuWgux0L1_QqlHaM8jc$8',$,$,$,(#13273),#13274);
#13281=IFCCARTESIANPOINTLIST2D(((0.,0.),(0.,0.96838390827178955),(0.814697265625,0.96838390827178955),(0.814697265625,6.1154365539550781E-05),(0.,0.)));
#13282=IFCINDEXEDPOLYCURVE(#13281,$,$);
#13283=IFCDIRECTION((0.,0.,1.));
#13284=IFCARBITRARYCLOSEDPROFILEDEF(.AREA.,$,#13282);
#13285=IFCEXTRUDEDAREASOLID(#13284,#13294,#13283,1.7999999523162842);
#13286=IFCSHAPEREPRESENTATION(#11,'Body','SweptSolid',(#13285));
#13287=IFCPRODUCTDEFINITIONSHAPE($,$,(#13286));
#13288=IFCPROPERTYSET('1H546k$9r5H9VXfejq7QBZ',$,'EPset_Parametric',$,(#13290));
#13289=IFCRELDEFINESBYPROPERTIES('3sbqm$pn53MxNfqE$tLAGM',$,$,$,(#13273),#13288);
#13290=IFCPROPERTYSINGLEVALUE('Engine',$,IFCLABEL('Bonsai.DumbLayer3'),$);
#13291=IFCCARTESIANPOINT((-0.,-0.,-1.7999999523162842));
#13292=IFCDIRECTION((0.,0.,1.));
#13293=IFCDIRECTION((1.,0.,0.));
#13294=IFCAXIS2PLACEMENT3D(#13291,#13292,#13293);
#13295=IFCSTAIRFLIGHT('017hnbTqjC6vJNJbJZ8$Do',$,'StairFlight',$,$,#13315,#13303,$,$,$,$,$,$);
#13296=IFCCARTESIANPOINT((0.,0.,0.));
#13297=IFCDIRECTION((1.,0.,0.));
#13298=IFCDIRECTION((0.,1.,0.));
#13299=IFCDIRECTION((0.,0.,1.));
#13300=IFCCARTESIANTRANSFORMATIONOPERATOR3D(#13297,#13298,#13296,1.,#13299);
#13301=IFCMAPPEDITEM(#12699,#13300);
#13302=IFCSHAPEREPRESENTATION(#11,'Body','MappedRepresentation',(#13301));
#13303=IFCPRODUCTDEFINITIONSHAPE($,$,(#13302,#13310));
#13304=IFCCARTESIANPOINT((0.,0.,0.));
#13305=IFCDIRECTION((1.,0.,0.));
#13306=IFCDIRECTION((0.,1.,0.));
#13307=IFCDIRECTION((0.,0.,1.));
#13308=IFCCARTESIANTRANSFORMATIONOPERATOR3D(#13305,#13306,#13304,1.,#13307);
#13309=IFCMAPPEDITEM(#12804,#13308);
#13310=IFCSHAPEREPRESENTATION(#13,'Box','MappedRepresentation',(#13309));
#13311=IFCCARTESIANPOINT((3.3118743896484375,1.3778072595596313,0.));
#13312=IFCDIRECTION((0.,0.,1.));
#13313=IFCDIRECTION((1.,0.,0.));
#13314=IFCAXIS2PLACEMENT3D(#13311,#13312,#13313);
#13315=IFCLOCALPLACEMENT(#79,#13314);
#13316=IFCSTAIRFLIGHTTYPE('1uMiAxOr96fBQAZXkYzenH',$,'STAIR-2',$,$,(#13317,#13319),(#13325,#13938),$,$,.STRAIGHT.);
#13317=IFCPROPERTYSET('1fWvnhjqT9YBS7qVi1LKp8',$,'BBIM_Stair',$,(#13318));
#13318=IFCPROPERTYSINGLEVALUE('Data',$,IFCTEXT('{"stair_type": "GENERIC", "width": 0.9683673977851868, "height": 1.7999999523162842, "number_of_treads": 7, "tread_run": 0.18747425079345703, "nosing_length": 0.0, "nosing_depth": 0.0, "custom_first_last_tread_run": [null, null], "custom_tread_lock": true}'),$);
#13319=IFCPROPERTYSET('0t4v9lm1HDOgKeRY0dref3',$,'Pset_StairFlightCommon',$,(#13320,#13321,#13322,#13323,#13324));
#13320=IFCPROPERTYSINGLEVALUE('NumberOfRiser',$,IFCCOUNTMEASURE(8.),$);
#13321=IFCPROPERTYSINGLEVALUE('NumberOfTreads',$,IFCCOUNTMEASURE(7.),$);
#13322=IFCPROPERTYSINGLEVALUE('RiserHeight',$,IFCPOSITIVELENGTHMEASURE(0.22499999403953552),$);
#13323=IFCPROPERTYSINGLEVALUE('TreadLength',$,IFCPOSITIVELENGTHMEASURE(0.25),$);
#13324=IFCPROPERTYSINGLEVALUE('NosingLength',$,IFCLENGTHMEASURE(0.),$);
#13325=IFCREPRESENTATIONMAP(#13326,#13929);
#13326=IFCAXIS2PLACEMENT3D(#13327,#13328,#13329);
#13327=IFCCARTESIANPOINT((0.,0.,0.));
#13328=IFCDIRECTION((0.,0.,1.));
#13329=IFCDIRECTION((1.,0.,0.));
#13361=IFCSTAIRFLIGHT('1oVHAXNq919udAhwahcfxq',$,'StairFlight',$,$,#13382,#13370,$,$,$,$,$,$);
#13362=IFCRELDEFINESBYTYPE('16xA6qd19Bku1KKaVIjUKQ',$,$,$,(#13361,#13496),#13316);
#13363=IFCCARTESIANPOINT((0.,0.,0.));
#13364=IFCDIRECTION((1.,0.,0.));
#13365=IFCDIRECTION((0.,1.,0.));
#13366=IFCDIRECTION((0.,0.,1.));
#13367=IFCCARTESIANTRANSFORMATIONOPERATOR3D(#13364,#13365,#13363,1.,#13366);
#13368=IFCMAPPEDITEM(#13325,#13367);
#13369=IFCSHAPEREPRESENTATION(#11,'Body','MappedRepresentation',(#13368));
#13370=IFCPRODUCTDEFINITIONSHAPE($,$,(#13369,#13945));
#13378=IFCCARTESIANPOINT((1.8067917823791504,1.3748834133148193,0.));
#13379=IFCDIRECTION((0.,0.,1.));
#13380=IFCDIRECTION((1.,0.,0.));
#13381=IFCAXIS2PLACEMENT3D(#13378,#13379,#13380);
#13382=IFCLOCALPLACEMENT(#79,#13381);
#13383=IFCCARTESIANPOINT((3.3118743896484375,1.3123390674591064,1.900001049041748));
#13384=IFCDIRECTION((0.,0.,1.));
#13385=IFCDIRECTION((1.,0.,0.));
#13386=IFCAXIS2PLACEMENT3D(#13383,#13384,#13385);
#13387=IFCLOCALPLACEMENT(#79,#13386);
#13388=IFCSLAB('0Ge1nxcJ1CTvVC90vb80e$',$,'Slab',$,$,#13389,#13399,$,$);
#13389=IFCLOCALPLACEMENT(#79,#13390);
#13390=IFCAXIS2PLACEMENT3D(#13391,#13392,#13393);
#13391=IFCCARTESIANPOINT((3.3118743896484375,1.3123390674591064,1.900001049041748));
#13392=IFCDIRECTION((0.,0.,1.));
#13393=IFCDIRECTION((1.,0.,0.));
#13394=IFCRELASSOCIATESMATERIAL('2R6D96Iq55NfRX_xweubXF',$,$,$,(#13388),#13395);
#13395=IFCMATERIALLAYERSETUSAGE(#12768,.AXIS3.,.POSITIVE.,-1.7999999523162842,$);
#13396=IFCRELDEFINESBYPROPERTIES('0l$JNf8k9Cyv4dp3jqchBm',$,$,$,(#13388),#13397);
#13397=IFCPROPERTYSET('3fQBVvqqX8JACv0Hewlk0i',$,'EPset_Parametric',$,(#13398));
#13398=IFCPROPERTYSINGLEVALUE('Engine',$,IFCLABEL('Bonsai.DumbLayer3'),$);
#13399=IFCPRODUCTDEFINITIONSHAPE($,$,(#13400));
#13400=IFCSHAPEREPRESENTATION(#11,'Body','SweptSolid',(#13401));
#13401=IFCEXTRUDEDAREASOLID(#13402,#13405,#13409,1.7999999523162842);
#13402=IFCARBITRARYCLOSEDPROFILEDEF(.AREA.,$,#13403);
#13403=IFCINDEXEDPOLYCURVE(#13404,$,$);
#13404=IFCCARTESIANPOINTLIST2D(((0.,0.),(0.,0.96838390827178955),(0.814697265625,0.96838390827178955),(0.814697265625,6.1154365539550781E-05),(0.,0.)));
#13405=IFCAXIS2PLACEMENT3D(#13406,#13407,#13408);
#13406=IFCCARTESIANPOINT((-0.,-0.,-1.7999999523162842));
#13407=IFCDIRECTION((0.,0.,1.));
#13408=IFCDIRECTION((1.,0.,0.));
#13409=IFCDIRECTION((0.,0.,1.));
#13410=IFCSLAB('2E6shtld16EAhJEeCYXIE3',$,'Slab',$,$,#13417,#13424,$,$);
#13411=IFCMATERIALLAYERSETUSAGE(#12768,.AXIS3.,.POSITIVE.,-1.7999999523162842,$);
#13412=IFCRELASSOCIATESMATERIAL('2vGJNJPJ10uPoSdLUy8Ho0',$,$,$,(#13410),#13411);
#13413=IFCCARTESIANPOINT((3.3118743896484375,2.2807230949401855,0.));
#13414=IFCDIRECTION((0.,0.,1.));
#13415=IFCDIRECTION((1.,0.,0.));
#13416=IFCAXIS2PLACEMENT3D(#13413,#13414,#13415);
#13417=IFCLOCALPLACEMENT(#79,#13416);
#13418=IFCCARTESIANPOINTLIST2D(((0.,0.),(-1.4998016357421875,-2.384185791015625E-07),(-1.4998017549514771,-0.89705610275268555),(-4.57763671875E-05,-0.897055983543396),(0.,0.)));
#13419=IFCINDEXEDPOLYCURVE(#13418,$,$);
#13420=IFCDIRECTION((0.,0.,1.));
#13421=IFCARBITRARYCLOSEDPROFILEDEF(.AREA.,$,#13419);
#13422=IFCEXTRUDEDAREASOLID(#13421,#13431,#13420,1.7999999523162842);
#13423=IFCSHAPEREPRESENTATION(#11,'Body','SweptSolid',(#13422));
#13424=IFCPRODUCTDEFINITIONSHAPE($,$,(#13423));
#13425=IFCPROPERTYSET('35iZPuUADAEAMn3ivl1mhZ',$,'EPset_Parametric',$,(#13427));
#13426=IFCRELDEFINESBYPROPERTIES('1FLT4bLJn2eRyEtEp8iRUe',$,$,$,(#13410),#13425);
#13427=IFCPROPERTYSINGLEVALUE('Engine',$,IFCLABEL('Bonsai.DumbLayer3'),$);
#13428=IFCCARTESIANPOINT((-0.,-0.,-1.7999999523162842));
#13429=IFCDIRECTION((0.,0.,1.));
#13430=IFCDIRECTION((1.,0.,0.));
#13431=IFCAXIS2PLACEMENT3D(#13428,#13429,#13430);
#13432=IFCSLAB('0FAdJw04b9xwvg$yp5HPBR',$,'Slab',$,$,#13680,#13446,$,$);
#13433=IFCMATERIALLAYERSETUSAGE(#12768,.AXIS3.,.POSITIVE.,-1.7999999523162842,$);
#13434=IFCRELASSOCIATESMATERIAL('3eY3MMpWrBBw5ANzUiyp_U',$,$,$,(#13432),#13433);
#13440=IFCCARTESIANPOINTLIST2D(((0.,0.),(-1.4998016357421875,-2.384185791015625E-07),(-1.4998017549514771,-0.96834516525268555),(-4.57763671875E-05,-0.968345046043396),(0.,0.)));
#13441=IFCINDEXEDPOLYCURVE(#13440,$,$);
#13442=IFCDIRECTION((0.,0.,1.));
#13443=IFCARBITRARYCLOSEDPROFILEDEF(.AREA.,$,#13441);
#13444=IFCEXTRUDEDAREASOLID(#13443,#13453,#13442,1.7999999523162842);
#13445=IFCSHAPEREPRESENTATION(#11,'Body','SweptSolid',(#13444));
#13446=IFCPRODUCTDEFINITIONSHAPE($,$,(#13445));
#13447=IFCPROPERTYSET('3cFEkZgYD4lAFiIf5Sl9cj',$,'EPset_Parametric',$,(#13449));
#13448=IFCRELDEFINESBYPROPERTIES('08EN4CRNnEMuW3xX5DzLOY',$,$,$,(#13432),#13447);
#13449=IFCPROPERTYSINGLEVALUE('Engine',$,IFCLABEL('Bonsai.DumbLayer3'),$);
#13450=IFCCARTESIANPOINT((-0.,-0.,-1.7999999523162842));
#13451=IFCDIRECTION((0.,0.,1.));
#13452=IFCDIRECTION((1.,0.,0.));
#13453=IFCAXIS2PLACEMENT3D(#13450,#13451,#13452);
#13496=IFCSTAIRFLIGHT('1p9jXdRdLBYhbdn4COW3kI',$,'StairFlight',$,$,#13685,#13504,$,8,7,0.22499999403953552,0.25,.STRAIGHT.);
#13497=IFCCARTESIANPOINT((0.,0.,0.));
#13498=IFCDIRECTION((1.,0.,0.));
#13499=IFCDIRECTION((0.,1.,0.));
#13500=IFCDIRECTION((0.,0.,1.));
#13501=IFCCARTESIANTRANSFORMATIONOPERATOR3D(#13498,#13499,#13497,1.,#13500);
#13502=IFCMAPPEDITEM(#13325,#13501);
#13503=IFCSHAPEREPRESENTATION(#11,'Body','MappedRepresentation',(#13502));
#13504=IFCPRODUCTDEFINITIONSHAPE($,$,(#13503,#13952));
#13517=IFCRAILINGTYPE('1moUZKXKDAPQKX$0LplFXh',$,'STAIRS-1',$,$,(#13518,#13520),(#13522,#14593),$,$,.USERDEFINED.);
#13518=IFCPROPERTYSET('3Tlqe7zyjEzOt4mkTA2oP7',$,'BBIM_Railing',$,(#13519));
#13519=IFCPROPERTYSINGLEVALUE('Data',$,IFCTEXT('{"railing_type": "FRAMELESS_PANEL", "height": 1.0, "thickness": 0.05000000074505806, "spacing": 0.05000000074505806, "path_data": {"edges": [[0, 1], [1, 2]], "verts": [[-0.5491619110107422, -0.07354289293289185, -0.5449962019920349], [0.20073509216308594, -0.07354289293289185, 0.24250388145446777], [0.9506320953369141, -0.07354289293289185, 1.0300037860870361]]}}'),$);
#13520=IFCPROPERTYSET('3TxNAN8X572hZQEBGujzDg',$,'Pset_RailingCommon',$,(#13521));
#13521=IFCPROPERTYSINGLEVALUE('Height',$,IFCPOSITIVELENGTHMEASURE(1.),$);
#13522=IFCREPRESENTATIONMAP(#13523,#14584);
#13523=IFCAXIS2PLACEMENT3D(#13524,#13525,#13526);
#13524=IFCCARTESIANPOINT((0.,0.,0.));
#13525=IFCDIRECTION((0.,0.,1.));
#13526=IFCDIRECTION((1.,0.,0.));
#13570=IFCRAILING('0WzhgWRNP4B8muxWxJhZ0i',$,'Railing',$,'FRAMELESS_PANEL',#13591,#13579,$,$);
#13571=IFCRELDEFINESBYTYPE('0I8REg1$X8nAelct0d4g2h',$,$,$,(#13953,#13634,#13613,#13570,#13766,#13592,#13686,#14052),#13517);
#13572=IFCCARTESIANPOINT((0.,0.,0.));
#13573=IFCDIRECTION((1.,0.,0.));
#13574=IFCDIRECTION((0.,1.,0.));
#13575=IFCDIRECTION((0.,0.,1.));
#13576=IFCCARTESIANTRANSFORMATIONOPERATOR3D(#13573,#13574,#13572,1.,#13575);
#13577=IFCMAPPEDITEM(#13522,#13576);
#13578=IFCSHAPEREPRESENTATION(#11,'Body','MappedRepresentation',(#13577));
#13579=IFCPRODUCTDEFINITIONSHAPE($,$,(#13578,#14621));
#13587=IFCCARTESIANPOINT((3.3118743896484375,2.280684232711792,0.));
#13588=IFCDIRECTION((0.,0.,1.));
#13589=IFCDIRECTION((1.,0.,0.));
#13590=IFCAXIS2PLACEMENT3D(#13587,#13588,#13589);
#13591=IFCLOCALPLACEMENT(#79,#13590);
#13592=IFCRAILING('1TO$RXy$b1ORGWpJfo6jWh',$,'Railing',$,'FRAMELESS_PANEL',#13612,#13600,$,$);
#13593=IFCCARTESIANPOINT((0.,0.,0.));
#13594=IFCDIRECTION((1.,0.,0.));
#13595=IFCDIRECTION((0.,1.,0.));
#13596=IFCDIRECTION((0.,0.,1.));
#13597=IFCCARTESIANTRANSFORMATIONOPERATOR3D(#13594,#13595,#13593,1.,#13596);
#13598=IFCMAPPEDITEM(#13522,#13597);
#13599=IFCSHAPEREPRESENTATION(#11,'Body','MappedRepresentation',(#13598));
#13600=IFCPRODUCTDEFINITIONSHAPE($,$,(#13599,#14635));
#13608=IFCCARTESIANPOINT((3.3118743896484375,2.2807230949401855,0.));
#13609=IFCDIRECTION((0.,0.,1.));
#13610=IFCDIRECTION((1.,0.,0.));
#13611=IFCAXIS2PLACEMENT3D(#13608,#13609,#13610);
#13612=IFCLOCALPLACEMENT(#79,#13611);
#13613=IFCRAILING('38P_ypUWD2LezoPsuchTFf',$,'Railing',$,'FRAMELESS_PANEL',#13633,#13621,$,$);
#13614=IFCCARTESIANPOINT((0.,0.,0.));
#13615=IFCDIRECTION((1.,0.,0.));
#13616=IFCDIRECTION((0.,1.,0.));
#13617=IFCDIRECTION((0.,0.,1.));
#13618=IFCCARTESIANTRANSFORMATIONOPERATOR3D(#13615,#13616,#13614,1.,#13617);
#13619=IFCMAPPEDITEM(#13522,#13618);
#13620=IFCSHAPEREPRESENTATION(#11,'Body','MappedRepresentation',(#13619));
#13621=IFCPRODUCTDEFINITIONSHAPE($,$,(#13620,#14614));
#13629=IFCCARTESIANPOINT((3.3118743896484375,0.90245795249938965,0.));
#13630=IFCDIRECTION((0.,0.,1.));
#13631=IFCDIRECTION((1.,0.,0.));
#13632=IFCAXIS2PLACEMENT3D(#13629,#13630,#13631);
#13633=IFCLOCALPLACEMENT(#79,#13632);
#13634=IFCRAILING('2Q_5yMMz124e1c6q5YmYXO',$,'Railing',$,'FRAMELESS_PANEL',#13654,#13642,$,$);
#13635=IFCCARTESIANPOINT((0.,0.,0.));
#13636=IFCDIRECTION((1.,0.,0.));
#13637=IFCDIRECTION((0.,1.,0.));
#13638=IFCDIRECTION((0.,0.,1.));
#13639=IFCCARTESIANTRANSFORMATIONOPERATOR3D(#13636,#13637,#13635,1.,#13638);
#13640=IFCMAPPEDITEM(#13522,#13639);
#13641=IFCSHAPEREPRESENTATION(#11,'Body','MappedRepresentation',(#13640));
#13642=IFCPRODUCTDEFINITIONSHAPE($,$,(#13641,#14607));
#13650=IFCCARTESIANPOINT((2.2971923351287842,0.49257683753967285,0.));
#13651=IFCDIRECTION((0.,0.,1.));
#13652=IFCDIRECTION((1.,0.,0.));
#13653=IFCAXIS2PLACEMENT3D(#13650,#13651,#13652);
#13654=IFCLOCALPLACEMENT(#79,#13653);
#13655=IFCRAILING('08Oo1mxEbBbuQQQqOzFjzp',$,'Railing',$,$,#13675,#13663,$,$);
#13656=IFCCARTESIANPOINT((0.,0.,0.));
#13657=IFCDIRECTION((1.,0.,0.));
#13658=IFCDIRECTION((0.,1.,0.));
#13659=IFCDIRECTION((0.,0.,1.));
#13660=IFCCARTESIANTRANSFORMATIONOPERATOR3D(#13657,#13658,#13656,1.,#13659);
#13661=IFCMAPPEDITEM(#12882,#13660);
#13662=IFCSHAPEREPRESENTATION(#11,'Body','MappedRepresentation',(#13661));
#13663=IFCPRODUCTDEFINITIONSHAPE($,$,(#13662,#13670));
#13664=IFCCARTESIANPOINT((0.,0.,0.));
#13665=IFCDIRECTION((1.,0.,0.));
#13666=IFCDIRECTION((0.,1.,0.));
#13667=IFCDIRECTION((0.,0.,1.));
#13668=IFCCARTESIANTRANSFORMATIONOPERATOR3D(#13665,#13666,#13664,1.,#13667);
#13669=IFCMAPPEDITEM(#12926,#13668);
#13670=IFCSHAPEREPRESENTATION(#13,'Box','MappedRepresentation',(#13669));
#13671=IFCCARTESIANPOINT((2.5746240615844727,0.36802405118942261,-5.7265486717224121));
#13672=IFCDIRECTION((0.,0.,1.));
#13673=IFCDIRECTION((1.,0.,0.));
#13674=IFCAXIS2PLACEMENT3D(#13671,#13672,#13673);
#13675=IFCLOCALPLACEMENT(#6198,#13674);
#13676=IFCCARTESIANPOINT((3.3118743896484375,2.280684232711792,1.900001049041748));
#13677=IFCDIRECTION((0.,0.,1.));
#13678=IFCDIRECTION((1.,0.,0.));
#13679=IFCAXIS2PLACEMENT3D(#13676,#13677,#13678);
#13680=IFCLOCALPLACEMENT(#79,#13679);
#13681=IFCCARTESIANPOINT((3.3118743896484375,2.280684232711792,1.900001049041748));
#13682=IFCDIRECTION((0.,0.,1.));
#13683=IFCDIRECTION((-0.99999999999994693,-3.2584136988587576E-07,0.));
#13684=IFCAXIS2PLACEMENT3D(#13681,#13682,#13683);
#13685=IFCLOCALPLACEMENT(#79,#13684);
#13686=IFCRAILING('0kP1NDhFP3m8ewbuVckaED',$,'Railing',$,'FRAMELESS_PANEL',#13706,#13694,$,.USERDEFINED.);
#13687=IFCCARTESIANPOINT((0.,0.,0.));
#13688=IFCDIRECTION((1.,0.,0.));
#13689=IFCDIRECTION((0.,1.,0.));
#13690=IFCDIRECTION((0.,0.,1.));
#13691=IFCCARTESIANTRANSFORMATIONOPERATOR3D(#13688,#13689,#13687,1.,#13690);
#13692=IFCMAPPEDITEM(#13522,#13691);
#13693=IFCSHAPEREPRESENTATION(#11,'Body','MappedRepresentation',(#13692));
#13694=IFCPRODUCTDEFINITIONSHAPE($,$,(#13693,#14642));
#13702=IFCCARTESIANPOINT((1.8218643665313721,0.49257683753967285,0.));
#13703=IFCDIRECTION((0.,0.,1.));
#13704=IFCDIRECTION((1.,0.,0.));
#13705=IFCAXIS2PLACEMENT3D(#13702,#13703,#13704);
#13706=IFCLOCALPLACEMENT(#79,#13705);
#13766=IFCRAILING('1mmlrba4bCWATKFYJ9TJJP',$,'Railing',$,'FRAMELESS_PANEL',#13786,#13774,$,$);
#13767=IFCCARTESIANPOINT((0.,0.,0.));
#13768=IFCDIRECTION((1.,0.,0.));
#13769=IFCDIRECTION((0.,1.,0.));
#13770=IFCDIRECTION((0.,0.,1.));
#13771=IFCCARTESIANTRANSFORMATIONOPERATOR3D(#13768,#13769,#13767,1.,#13770);
#13772=IFCMAPPEDITEM(#13522,#13771);
#13773=IFCSHAPEREPRESENTATION(#11,'Body','MappedRepresentation',(#13772));
#13774=IFCPRODUCTDEFINITIONSHAPE($,$,(#13773,#14628));
#13782=IFCCARTESIANPOINT((3.3951048851013184,0.49257683753967285,0.));
#13783=IFCDIRECTION((0.,0.,1.));
#13784=IFCDIRECTION((1.,0.,0.));
#13785=IFCAXIS2PLACEMENT3D(#13782,#13783,#13784);
#13786=IFCLOCALPLACEMENT(#79,#13785);
#13849=IFCRAILING('2EdWRL5Vj6MPZTQRkNMQrw',$,'Railing',$,'FRAMELESS_PANEL',#13906,#13858,$,.USERDEFINED.);
#13850=IFCRELDEFINESBYTYPE('22hdgoz918RvZc6z$_blkw',$,$,$,(#13849),#13081);
#13851=IFCCARTESIANPOINT((0.,0.,0.));
#13852=IFCDIRECTION((1.,0.,0.));
#13853=IFCDIRECTION((0.,1.,0.));
#13854=IFCDIRECTION((0.,0.,1.));
#13855=IFCCARTESIANTRANSFORMATIONOPERATOR3D(#13852,#13853,#13851,1.,#13854);
#13856=IFCMAPPEDITEM(#13086,#13855);
#13857=IFCSHAPEREPRESENTATION(#11,'Body','MappedRepresentation',(#13856));
#13858=IFCPRODUCTDEFINITIONSHAPE($,$,(#13857,#13901));
#13871=IFCINDEXEDPOLYGONALFACE((16,19,18,17));
#13872=IFCINDEXEDPOLYGONALFACE((20,23,22,21));
#13873=IFCINDEXEDPOLYGONALFACE((5,11,10,4,8,9));
#13874=IFCINDEXEDPOLYGONALFACE((7,15,14,6,12,13));
#13875=IFCINDEXEDPOLYGONALFACE((8,18,19,9));
#13876=IFCINDEXEDPOLYGONALFACE((13,23,20,15,7));
#13877=IFCINDEXEDPOLYGONALFACE((5,9,19,16,11));
#13878=IFCINDEXEDPOLYGONALFACE((12,22,23,13));
#13879=IFCINDEXEDPOLYGONALFACE((14,21,22,12,6));
#13880=IFCINDEXEDPOLYGONALFACE((15,20,21,14));
#13881=IFCINDEXEDPOLYGONALFACE((11,16,17,10));
#13882=IFCINDEXEDPOLYGONALFACE((4,10,17,18,8));
#13883=IFCCARTESIANPOINTLIST3D(((-0.565582275390625,-0.044299140572547913,1.71661376953125E-05),(6.3925406720954925E-05,-0.044299066066741943,1.71661376953125E-05),(0.94931131601333618,-0.044299058616161346,1.71661376953125E-05),(-0.54058229923248291,-0.044299136847257614,1.71661376953125E-05),(-0.024936074391007423,-0.044299069792032242,1.71661376953125E-05),(0.025063926354050636,-0.044299066066741943,1.71661376953125E-05),(0.92431133985519409,-0.044299058616161346,1.71661376953125E-05),(-0.54058229923248291,-0.019299136474728584,1.71661376953125E-05),(-0.024936078116297722,-0.019299069419503212,1.71661376953125E-05),(-0.54058229923248291,-0.069299139082431793,1.71661376953125E-05),(-0.024936070665717125,-0.069299072027206421,1.71661376953125E-05),(0.025063926354050636,-0.019299065694212914,1.71661376953125E-05),(0.92431133985519409,-0.019299058243632317,1.71661376953125E-05),(0.025063926354050636,-0.069299064576625824,1.71661376953125E-05),(0.92431133985519409,-0.069299057126045227,1.71661376953125E-05),(-0.024936070665717125,-0.069299072027206421,1.0000171661376953),(-0.54058229923248291,-0.069299139082431793,1.0000171661376953),(-0.54058229923248291,-0.019299136474728584,1.0000171661376953),(-0.024936078116297722,-0.019299069419503212,1.0000171661376953),(0.92431133985519409,-0.069299057126045227,1.0000171661376953),(0.025063926354050636,-0.069299064576625824,1.0000171661376953),(0.025063926354050636,-0.019299065694212914,1.0000171661376953),(0.92431133985519409,-0.019299058243632317,1.0000171661376953)));
#13884=IFCPOLYGONALFACESET(#13883,.F.,(#13871,#13872,#13873,#13874,#13875,#13876,#13877,#13878,#13879,#13880,#13881,#13882),$);
#13885=IFCSHAPEREPRESENTATION(#11,'Body','Tessellation',(#13884));
#13887=IFCCARTESIANPOINT((-0.565582275390625,-0.069299139082431793,1.71661376953125E-05));
#13888=IFCBOUNDINGBOX(#13887,1.5148935317993164,0.050000078976154327,1.);
#13889=IFCSHAPEREPRESENTATION(#13,'Box','BoundingBox',(#13888));
#13890=IFCCARTESIANPOINT((0.,0.,0.));
#13891=IFCDIRECTION((1.,0.,0.));
#13892=IFCDIRECTION((0.,0.,1.));
#13893=IFCAXIS2PLACEMENT3D(#13890,#13892,#13891);
#13894=IFCREPRESENTATIONMAP(#13893,#13889);
#13895=IFCCARTESIANPOINT((0.,0.,0.));
#13896=IFCDIRECTION((1.,0.,0.));
#13897=IFCDIRECTION((0.,1.,0.));
#13898=IFCDIRECTION((0.,0.,1.));
#13899=IFCCARTESIANTRANSFORMATIONOPERATOR3D(#13896,#13897,#13895,1.,#13898);
#13900=IFCMAPPEDITEM(#13894,#13899);
#13901=IFCSHAPEREPRESENTATION(#13,'Box','MappedRepresentation',(#13900));
#13902=IFCCARTESIANPOINT((-3.2258062362670898,-2.2007741928100586,-1.71661376953125E-05));
#13903=IFCDIRECTION((0.,0.,1.));
#13904=IFCDIRECTION((-4.3711388286737889E-08,-0.99999999999999911,0.));
#13905=IFCAXIS2PLACEMENT3D(#13902,#13903,#13904);
#13906=IFCLOCALPLACEMENT(#6198,#13905);
#13907=IFCINDEXEDPOLYGONALFACE((2,1,18,17,16,15,14,13,12,11,10,9,8,7,6,5,4,3));
#13908=IFCINDEXEDPOLYGONALFACE((19,20,21,22,23,24,25,26,27,28,29,30,31,32,33,34,35,36));
#13909=IFCINDEXEDPOLYGONALFACE((2,3,20,19));
#13910=IFCINDEXEDPOLYGONALFACE((17,18,35,34));
#13911=IFCINDEXEDPOLYGONALFACE((10,11,28,27));
#13912=IFCINDEXEDPOLYGONALFACE((3,4,21,20));
#13913=IFCINDEXEDPOLYGONALFACE((18,1,36,35));
#13914=IFCINDEXEDPOLYGONALFACE((11,12,29,28));
#13915=IFCINDEXEDPOLYGONALFACE((4,5,22,21));
#13916=IFCINDEXEDPOLYGONALFACE((12,13,30,29));
#13917=IFCINDEXEDPOLYGONALFACE((5,6,23,22));
#13918=IFCINDEXEDPOLYGONALFACE((13,14,31,30));
#13919=IFCINDEXEDPOLYGONALFACE((6,7,24,23));
#13920=IFCINDEXEDPOLYGONALFACE((14,15,32,31));
#13921=IFCINDEXEDPOLYGONALFACE((7,8,25,24));
#13922=IFCINDEXEDPOLYGONALFACE((15,16,33,32));
#13923=IFCINDEXEDPOLYGONALFACE((8,9,26,25));
#13924=IFCINDEXEDPOLYGONALFACE((1,2,19,36));
#13925=IFCINDEXEDPOLYGONALFACE((16,17,34,33));
#13926=IFCINDEXEDPOLYGONALFACE((9,10,27,26));
#13927=IFCCARTESIANPOINTLIST3D(((0.,0.,0.),(0.,0.,0.22499999403953552),(0.18747425079345703,0.,0.22499999403953552),(0.18747425079345703,0.,0.44999998807907104),(0.37494850158691406,0.,0.44999998807907104),(0.37494850158691406,0.,0.67499995231628418),(0.56242275238037109,0.,0.67499995231628418),(0.56242275238037109,0.,0.89999997615814209),(0.74989700317382812,0.,0.89999997615814209),(0.74989700317382812,0.,1.125),(0.93737125396728516,0.,1.125),(0.93737125396728516,0.,1.3500000238418579),(1.1248455047607422,0.,1.3500000238418579),(1.1248455047607422,0.,1.5750000476837158),(1.3123197555541992,0.,1.5750000476837158),(1.3123197555541992,0.,1.8000000715255737),(1.4997940063476562,0.,1.8000000715255737),(1.4997940063476562,0.,0.),(0.,0.96836739778518677,0.22499999403953552),(0.18747425079345703,0.96836739778518677,0.22499999403953552),(0.18747425079345703,0.96836739778518677,0.44999998807907104),(0.37494850158691406,0.96836739778518677,0.44999998807907104),(0.37494850158691406,0.96836739778518677,0.67499995231628418),(0.56242275238037109,0.96836739778518677,0.67499995231628418),(0.56242275238037109,0.96836739778518677,0.89999997615814209),(0.74989700317382812,0.96836739778518677,0.89999997615814209),(0.74989700317382812,0.96836739778518677,1.125),(0.93737125396728516,0.96836739778518677,1.125),(0.93737125396728516,0.96836739778518677,1.3500000238418579),(1.1248455047607422,0.96836739778518677,1.3500000238418579),(1.1248455047607422,0.96836739778518677,1.5750000476837158),(1.3123197555541992,0.96836739778518677,1.5750000476837158),(1.3123197555541992,0.96836739778518677,1.8000000715255737),(1.4997940063476562,0.96836739778518677,1.8000000715255737),(1.4997940063476562,0.96836739778518677,0.),(0.,0.96836739778518677,0.)));
#13928=IFCPOLYGONALFACESET(#13927,.T.,(#13907,#13908,#13909,#13910,#13911,#13912,#13913,#13914,#13915,#13916,#13917,#13918,#13919,#13920,#13921,#13922,#13923,#13924,#13925,#13926),$);
#13929=IFCSHAPEREPRESENTATION(#11,'Body','Tessellation',(#13928));
#13931=IFCCARTESIANPOINT((0.,0.,0.));
#13932=IFCBOUNDINGBOX(#13931,1.4997940063476562,0.96836739778518677,1.8000000715255737);
#13933=IFCSHAPEREPRESENTATION(#13,'Box','BoundingBox',(#13932));
#13934=IFCCARTESIANPOINT((0.,0.,0.));
#13935=IFCDIRECTION((1.,0.,0.));
#13936=IFCDIRECTION((0.,0.,1.));
#13937=IFCAXIS2PLACEMENT3D(#13934,#13936,#13935);
#13938=IFCREPRESENTATIONMAP(#13937,#13933);
#13939=IFCCARTESIANPOINT((0.,0.,0.));
#13940=IFCDIRECTION((1.,0.,0.));
#13941=IFCDIRECTION((0.,1.,0.));
#13942=IFCDIRECTION((0.,0.,1.));
#13943=IFCCARTESIANTRANSFORMATIONOPERATOR3D(#13940,#13941,#13939,1.,#13942);
#13944=IFCMAPPEDITEM(#13938,#13943);
#13945=IFCSHAPEREPRESENTATION(#13,'Box','MappedRepresentation',(#13944));
#13946=IFCCARTESIANPOINT((0.,0.,0.));
#13947=IFCDIRECTION((1.,0.,0.));
#13948=IFCDIRECTION((0.,1.,0.));
#13949=IFCDIRECTION((0.,0.,1.));
#13950=IFCCARTESIANTRANSFORMATIONOPERATOR3D(#13947,#13948,#13946,1.,#13949);
#13951=IFCMAPPEDITEM(#13938,#13950);
#13952=IFCSHAPEREPRESENTATION(#13,'Box','MappedRepresentation',(#13951));
#13953=IFCRAILING('0PNTp4jBLCCfkP9aD_FfBw',$,'Railing',$,'FRAMELESS_PANEL',#14051,#13961,$,.USERDEFINED.);
#13954=IFCCARTESIANPOINT((0.,0.,0.));
#13955=IFCDIRECTION((1.,0.,0.));
#13956=IFCDIRECTION((0.,1.,0.));
#13957=IFCDIRECTION((0.,0.,1.));
#13958=IFCCARTESIANTRANSFORMATIONOPERATOR3D(#13955,#13956,#13954,1.,#13957);
#13959=IFCMAPPEDITEM(#13522,#13958);
#13960=IFCSHAPEREPRESENTATION(#11,'Body','MappedRepresentation',(#13959));
#13961=IFCPRODUCTDEFINITIONSHAPE($,$,(#13960,#14600));
#14047=IFCCARTESIANPOINT((2.3612422943115234,1.3367071151733398,0.86999714374542236));
#14048=IFCDIRECTION((0.,0.,1.));
#14049=IFCDIRECTION((1.,0.,0.));
#14050=IFCAXIS2PLACEMENT3D(#14047,#14048,#14049);
#14051=IFCLOCALPLACEMENT(#79,#14050);
#14052=IFCRAILING('0EZjh_Y7j37x_7$dan1bgM',$,'Railing',$,'FRAMELESS_PANEL',#14654,#14065,$,.USERDEFINED.);
#14058=IFCCARTESIANPOINT((0.,0.,0.));
#14059=IFCDIRECTION((1.,0.,0.));
#14060=IFCDIRECTION((0.,1.,0.));
#14061=IFCDIRECTION((0.,0.,1.));
#14062=IFCCARTESIANTRANSFORMATIONOPERATOR3D(#14059,#14060,#14058,1.,#14061);
#14063=IFCMAPPEDITEM(#13522,#14062);
#14064=IFCSHAPEREPRESENTATION(#11,'Body','MappedRepresentation',(#14063));
#14065=IFCPRODUCTDEFINITIONSHAPE($,$,(#14064,#14649));
#14073=IFCRAILINGTYPE('0OPLZFq0D3Oxq5VaO3rvSJ',$,'STAIR-LANDING',$,$,(#14074,#14076),(#14078,#14165),$,$,.USERDEFINED.);
#14074=IFCPROPERTYSET('07gkJXg0b2DwybbnpIRKBm',$,'BBIM_Railing',$,(#14075));
#14075=IFCPROPERTYSINGLEVALUE('Data',$,IFCTEXT('{"railing_type": "FRAMELESS_PANEL", "height": 1.0, "thickness": 0.05000000074505806, "spacing": 0.05000000074505806, "path_data": {"edges": [[0, 1]], "verts": [[-0.950014591217041, -0.02499997615814209, 0.060007452964782715], [-0.13530206680297852, -0.024999916553497314, 0.060007452964782715]]}}'),$);
#14076=IFCPROPERTYSET('0OE2q6OXH75vViJLOsRs23',$,'Pset_RailingCommon',$,(#14077));
#14077=IFCPROPERTYSINGLEVALUE('Height',$,IFCPOSITIVELENGTHMEASURE(1.),$);
#14078=IFCREPRESENTATIONMAP(#14079,#14156);
#14079=IFCAXIS2PLACEMENT3D(#14080,#14081,#14082);
#14080=IFCCARTESIANPOINT((0.,0.,0.));
#14081=IFCDIRECTION((0.,0.,1.));
#14082=IFCDIRECTION((1.,0.,0.));
#14126=IFCRAILING('1EELRQS_jAefzEYLNNlmUR',$,'Railing',$,'FRAMELESS_PANEL',#14659,#14135,$,.USERDEFINED.);
#14127=IFCRELDEFINESBYTYPE('1ehJJypLjBDA9jD6rtaOBg',$,$,$,(#14126),#14073);
#14128=IFCCARTESIANPOINT((0.,0.,0.));
#14129=IFCDIRECTION((1.,0.,0.));
#14130=IFCDIRECTION((0.,1.,0.));
#14131=IFCDIRECTION((0.,0.,1.));
#14132=IFCCARTESIANTRANSFORMATIONOPERATOR3D(#14129,#14130,#14128,1.,#14131);
#14133=IFCMAPPEDITEM(#14078,#14132);
#14134=IFCSHAPEREPRESENTATION(#11,'Body','MappedRepresentation',(#14133));
#14135=IFCPRODUCTDEFINITIONSHAPE($,$,(#14134,#14172));
#14148=IFCINDEXEDPOLYGONALFACE((9,12,11,10));
#14149=IFCINDEXEDPOLYGONALFACE((4,8,7,3,5,6));
#14150=IFCINDEXEDPOLYGONALFACE((8,9,10,7));
#14151=IFCINDEXEDPOLYGONALFACE((6,12,9,8,4));
#14152=IFCINDEXEDPOLYGONALFACE((5,11,12,6));
#14153=IFCINDEXEDPOLYGONALFACE((3,7,10,11,5));
#14154=IFCCARTESIANPOINTLIST3D(((-0.95001459121704102,-0.02499997615814209,0.060007452964782715),(-0.13530206680297852,-0.024999916553497314,0.060007452964782715),(-0.92501461505889893,-0.024999974295496941,0.060007452964782715),(-0.16030207276344299,-0.024999918416142464,0.060007452964782715),(-0.92501461505889893,2.6077032089233398E-08,0.060007452964782715),(-0.16030207276344299,8.1956386566162109E-08,0.060007452964782715),(-0.92501461505889893,-0.04999997466802597,0.060007452964782715),(-0.16030207276344299,-0.049999918788671494,0.060007452964782715),(-0.16030207276344299,-0.049999918788671494,1.0600074529647827),(-0.92501461505889893,-0.04999997466802597,1.0600074529647827),(-0.92501461505889893,2.6077032089233398E-08,1.0600074529647827),(-0.16030207276344299,8.1956386566162109E-08,1.0600074529647827)));
#14155=IFCPOLYGONALFACESET(#14154,.F.,(#14148,#14149,#14150,#14151,#14152,#14153),$);
#14156=IFCSHAPEREPRESENTATION(#11,'Body','Tessellation',(#14155));
#14158=IFCCARTESIANPOINT((-0.95001459121704102,-0.04999997466802597,0.060007452964782715));
#14159=IFCBOUNDINGBOX(#14158,0.8147125244140625,0.050000056624412537,1.);
#14160=IFCSHAPEREPRESENTATION(#13,'Box','BoundingBox',(#14159));
#14161=IFCCARTESIANPOINT((0.,0.,0.));
#14162=IFCDIRECTION((1.,0.,0.));
#14163=IFCDIRECTION((0.,0.,1.));
#14164=IFCAXIS2PLACEMENT3D(#14161,#14163,#14162);
#14165=IFCREPRESENTATIONMAP(#14164,#14160);
#14166=IFCCARTESIANPOINT((0.,0.,0.));
#14167=IFCDIRECTION((1.,0.,0.));
#14168=IFCDIRECTION((0.,1.,0.));
#14169=IFCDIRECTION((0.,0.,1.));
#14170=IFCCARTESIANTRANSFORMATIONOPERATOR3D(#14167,#14168,#14166,1.,#14169);
#14171=IFCMAPPEDITEM(#14165,#14170);
#14172=IFCSHAPEREPRESENTATION(#13,'Box','MappedRepresentation',(#14171));
#14173=IFCRAILINGTYPE('1T8CpGuNbEMBhEHkFHFd3q',$,'STAIR-LANDING-2',$,$,(#14174,#14176),(#14178,#14192),$,$,.USERDEFINED.);
#14174=IFCPROPERTYSET('1aNUGVNpf7IhWENkMmjTRB',$,'BBIM_Railing',$,(#14175));
#14175=IFCPROPERTYSINGLEVALUE('Data',$,IFCTEXT('{"railing_type": "FRAMELESS_PANEL", "height": 1.0, "thickness": 0.05000000074505806, "spacing": 0.05000000074505806, "path_data": {"edges": [[0, 1]], "verts": [[-0.950014591217041, -0.02499997615814209, 0.060007452964782715], [-0.13530206680297852, -0.024999916553497314, 0.060007452964782715]]}}'),$);
#14176=IFCPROPERTYSET('2RbWlX469AMxKtEfLTFoFQ',$,'Pset_RailingCommon',$,(#14177));
#14177=IFCPROPERTYSINGLEVALUE('Height',$,IFCPOSITIVELENGTHMEASURE(1.),$);
#14178=IFCREPRESENTATIONMAP(#14179,#14183);
#14179=IFCAXIS2PLACEMENT3D(#14180,#14181,#14182);
#14180=IFCCARTESIANPOINT((0.,0.,0.));
#14181=IFCDIRECTION((0.,0.,1.));
#14182=IFCDIRECTION((1.,0.,0.));
#14183=IFCSHAPEREPRESENTATION(#11,'Body','Tessellation',(#14184));
#14184=IFCPOLYGONALFACESET(#14185,.F.,(#14186,#14187,#14188,#14189,#14190,#14191),$);
#14185=IFCCARTESIANPOINTLIST3D(((-0.95001459121704102,-0.02499997615814209,0.060007452964782715),(-0.13530206680297852,-0.024999916553497314,0.060007452964782715),(-0.92501461505889893,-0.024999974295496941,0.060007452964782715),(-0.16030207276344299,-0.024999918416142464,0.060007452964782715),(-0.92501461505889893,2.6077032089233398E-08,0.060007452964782715),(-0.16030207276344299,8.1956386566162109E-08,0.060007452964782715),(-0.92501461505889893,-0.04999997466802597,0.060007452964782715),(-0.16030207276344299,-0.049999918788671494,0.060007452964782715),(-0.16030207276344299,-0.049999918788671494,1.0600074529647827),(-0.92501461505889893,-0.04999997466802597,1.0600074529647827),(-0.92501461505889893,2.6077032089233398E-08,1.0600074529647827),(-0.16030207276344299,8.1956386566162109E-08,1.0600074529647827)));
#14186=IFCINDEXEDPOLYGONALFACE((9,12,11,10));
#14187=IFCINDEXEDPOLYGONALFACE((4,8,7,3,5,6));
#14188=IFCINDEXEDPOLYGONALFACE((8,9,10,7));
#14189=IFCINDEXEDPOLYGONALFACE((6,12,9,8,4));
#14190=IFCINDEXEDPOLYGONALFACE((5,11,12,6));
#14191=IFCINDEXEDPOLYGONALFACE((3,7,10,11,5));
#14192=IFCREPRESENTATIONMAP(#14193,#14197);
#14193=IFCAXIS2PLACEMENT3D(#14194,#14195,#14196);
#14194=IFCCARTESIANPOINT((0.,0.,0.));
#14195=IFCDIRECTION((0.,0.,1.));
#14196=IFCDIRECTION((1.,0.,0.));
#14197=IFCSHAPEREPRESENTATION(#13,'Box','BoundingBox',(#14198));
#14198=IFCBOUNDINGBOX(#14199,0.8147125244140625,0.050000056624412537,1.);
#14199=IFCCARTESIANPOINT((-0.95001459121704102,-0.04999997466802597,0.060007452964782715));
#14200=IFCRAILING('1MtpkZgSz2KuebPu$JKxEv',$,'Railing',$,$,#14664,#14209,$,$);
#14201=IFCRELDEFINESBYTYPE('1qiL2d3Af2yRZObZeImWtt',$,$,$,(#14200),#14173);
#14202=IFCCARTESIANPOINT((0.,0.,0.));
#14203=IFCDIRECTION((1.,0.,0.));
#14204=IFCDIRECTION((0.,1.,0.));
#14205=IFCDIRECTION((0.,0.,1.));
#14206=IFCCARTESIANTRANSFORMATIONOPERATOR3D(#14203,#14204,#14202,1.,#14205);
#14207=IFCMAPPEDITEM(#14178,#14206);
#14208=IFCSHAPEREPRESENTATION(#11,'Body','MappedRepresentation',(#14207));
#14209=IFCPRODUCTDEFINITIONSHAPE($,$,(#14208,#14216));
#14210=IFCCARTESIANPOINT((0.,0.,0.));
#14211=IFCDIRECTION((1.,0.,0.));
#14212=IFCDIRECTION((0.,1.,0.));
#14213=IFCDIRECTION((0.,0.,1.));
#14214=IFCCARTESIANTRANSFORMATIONOPERATOR3D(#14211,#14212,#14210,1.,#14213);
#14215=IFCMAPPEDITEM(#14192,#14214);
#14216=IFCSHAPEREPRESENTATION(#13,'Box','MappedRepresentation',(#14215));
#14222=IFCRAILINGTYPE('2hODnpH2f9hfpXaIl$kO9M',$,'STAIRS-2',$,$,(#14223,#14225),(#14227,#14475),$,$,.USERDEFINED.);
#14223=IFCPROPERTYSET('2cGlgowBD0Bg$1KzgZZfik',$,'BBIM_Railing',$,(#14224));
#14224=IFCPROPERTYSINGLEVALUE('Data',$,IFCTEXT('{"railing_type": "FRAMELESS_PANEL", "height": 1.0, "thickness": 0.05000000074505806, "spacing": 0.05000000074505806, "path_data": {"edges": [[0, 1], [1, 2]], "verts": [[-0.5241695642471313, 0.023942939937114716, -0.7999999523162842], [0.22572685778141022, 0.023965291678905487, -0.25690758228302], [0.9756239652633667, 0.023965351283550262, 0.2861846685409546]]}}'),$);
#14225=IFCPROPERTYSET('254zxpC7PFlgEMV3ghtON$',$,'Pset_RailingCommon',$,(#14226));
#14226=IFCPROPERTYSINGLEVALUE('Height',$,IFCPOSITIVELENGTHMEASURE(1.),$);
#14227=IFCREPRESENTATIONMAP(#14228,#14466);
#14228=IFCAXIS2PLACEMENT3D(#14229,#14230,#14231);
#14229=IFCCARTESIANPOINT((0.,0.,0.));
#14230=IFCDIRECTION((0.,0.,1.));
#14231=IFCDIRECTION((1.,0.,0.));
#14255=IFCRAILING('1pPrZLU3jDeONmjl2gnh7n',$,'Railing',$,'FRAMELESS_PANEL',#14669,#14264,$,.USERDEFINED.);
#14256=IFCRELDEFINESBYTYPE('1gWathAgz3K8APyBoQiQPx',$,$,$,(#14255,#14393),#14222);
#14257=IFCCARTESIANPOINT((0.,0.,0.));
#14258=IFCDIRECTION((1.,0.,0.));
#14259=IFCDIRECTION((0.,1.,0.));
#14260=IFCDIRECTION((0.,0.,1.));
#14261=IFCCARTESIANTRANSFORMATIONOPERATOR3D(#14258,#14259,#14257,1.,#14260);
#14262=IFCMAPPEDITEM(#14227,#14261);
#14263=IFCSHAPEREPRESENTATION(#11,'Body','MappedRepresentation',(#14262));
#14264=IFCPRODUCTDEFINITIONSHAPE($,$,(#14263,#14482));
#14393=IFCRAILING('3$cEQ6EiLERftunxmqlPyt',$,'Railing',$,'FRAMELESS_PANEL',#14674,#14406,$,.USERDEFINED.);
#14399=IFCCARTESIANPOINT((0.,0.,0.));
#14400=IFCDIRECTION((1.,0.,0.));
#14401=IFCDIRECTION((0.,1.,0.));
#14402=IFCDIRECTION((0.,0.,1.));
#14403=IFCCARTESIANTRANSFORMATIONOPERATOR3D(#14400,#14401,#14399,1.,#14402);
#14404=IFCMAPPEDITEM(#14227,#14403);
#14405=IFCSHAPEREPRESENTATION(#11,'Body','MappedRepresentation',(#14404));
#14406=IFCPRODUCTDEFINITIONSHAPE($,$,(#14405,#14489));
#14452=IFCINDEXEDPOLYGONALFACE((16,19,18,17));
#14453=IFCINDEXEDPOLYGONALFACE((20,23,22,21));
#14454=IFCINDEXEDPOLYGONALFACE((5,11,10,4,8,9));
#14455=IFCINDEXEDPOLYGONALFACE((7,15,14,6,12,13));
#14456=IFCINDEXEDPOLYGONALFACE((6,14,21,22,12));
#14457=IFCINDEXEDPOLYGONALFACE((9,19,16,11,5));
#14458=IFCINDEXEDPOLYGONALFACE((7,13,23,20,15));
#14459=IFCINDEXEDPOLYGONALFACE((11,16,17,10));
#14460=IFCINDEXEDPOLYGONALFACE((8,18,19,9));
#14461=IFCINDEXEDPOLYGONALFACE((12,22,23,13));
#14462=IFCINDEXEDPOLYGONALFACE((15,20,21,14));
#14463=IFCINDEXEDPOLYGONALFACE((10,17,18,8,4));
#14464=IFCCARTESIANPOINTLIST3D(((-0.52416956424713135,0.023942939937114716,-0.79999995231628418),(0.22572685778141022,0.023965291678905487,-0.25690758228302002),(0.9756239652633667,0.023965351283550262,0.28618466854095459),(-0.49916955828666687,0.023943684995174408,-0.78189438581466675),(0.20072685182094574,0.023964546620845795,-0.27501314878463745),(0.2507268488407135,0.023965293541550636,-0.23880201578140259),(0.95062398910522461,0.023965349420905113,0.26807910203933716),(-0.49917030334472656,0.048943683505058289,-0.78189438581466675),(0.20072610676288605,0.048964545130729675,-0.27501314878463745),(-0.49916881322860718,-0.0010563153773546219,-0.78189438581466675),(0.20072759687900543,-0.0010354537516832352,-0.27501314878463745),(0.2507268488407135,0.048965290188789368,-0.23880201578140259),(0.95062398910522461,0.048965349793434143,0.26807910203933716),(0.2507268488407135,-0.0010347049683332443,-0.23880201578140259),(0.95062398910522461,-0.0010346490889787674,0.26807910203933716),(0.20072759687900543,-0.0010354537516832352,0.72498685121536255),(-0.49916881322860718,-0.0010563153773546219,0.21810561418533325),(-0.49917030334472656,0.048943683505058289,0.21810561418533325),(0.20072610676288605,0.048964545130729675,0.72498685121536255),(0.95062398910522461,-0.0010346490889787674,1.2680790424346924),(0.2507268488407135,-0.0010347049683332443,0.76119798421859741),(0.2507268488407135,0.048965290188789368,0.76119798421859741),(0.95062398910522461,0.048965349793434143,1.2680790424346924)));
#14465=IFCPOLYGONALFACESET(#14464,.F.,(#14452,#14453,#14454,#14455,#14456,#14457,#14458,#14459,#14460,#14461,#14462,#14463),$);
#14466=IFCSHAPEREPRESENTATION(#11,'Body','Tessellation',(#14465));
#14468=IFCCARTESIANPOINT((-0.52416956424713135,-0.0010563153773546219,-0.79999995231628418));
#14469=IFCBOUNDINGBOX(#14468,1.499793529510498,0.050021663308143616,2.0680789947509766);
#14470=IFCSHAPEREPRESENTATION(#13,'Box','BoundingBox',(#14469));
#14471=IFCCARTESIANPOINT((0.,0.,0.));
#14472=IFCDIRECTION((1.,0.,0.));
#14473=IFCDIRECTION((0.,0.,1.));
#14474=IFCAXIS2PLACEMENT3D(#14471,#14473,#14472);
#14475=IFCREPRESENTATIONMAP(#14474,#14470);
#14476=IFCCARTESIANPOINT((0.,0.,0.));
#14477=IFCDIRECTION((1.,0.,0.));
#14478=IFCDIRECTION((0.,1.,0.));
#14479=IFCDIRECTION((0.,0.,1.));
#14480=IFCCARTESIANTRANSFORMATIONOPERATOR3D(#14477,#14478,#14476,1.,#14479);
#14481=IFCMAPPEDITEM(#14475,#14480);
#14482=IFCSHAPEREPRESENTATION(#13,'Box','MappedRepresentation',(#14481));
#14483=IFCCARTESIANPOINT((0.,0.,0.));
#14484=IFCDIRECTION((1.,0.,0.));
#14485=IFCDIRECTION((0.,1.,0.));
#14486=IFCDIRECTION((0.,0.,1.));
#14487=IFCCARTESIANTRANSFORMATIONOPERATOR3D(#14484,#14485,#14483,1.,#14486);
#14488=IFCMAPPEDITEM(#14475,#14487);
#14489=IFCSHAPEREPRESENTATION(#13,'Box','MappedRepresentation',(#14488));
#14570=IFCINDEXEDPOLYGONALFACE((16,19,18,17));
#14571=IFCINDEXEDPOLYGONALFACE((20,23,22,21));
#14572=IFCINDEXEDPOLYGONALFACE((5,11,10,4,8,9));
#14573=IFCINDEXEDPOLYGONALFACE((7,15,14,6,12,13));
#14574=IFCINDEXEDPOLYGONALFACE((12,22,23,13));
#14575=IFCINDEXEDPOLYGONALFACE((6,14,21,22,12));
#14576=IFCINDEXEDPOLYGONALFACE((15,20,21,14));
#14577=IFCINDEXEDPOLYGONALFACE((5,9,19,16,11));
#14578=IFCINDEXEDPOLYGONALFACE((7,13,23,20,15));
#14579=IFCINDEXEDPOLYGONALFACE((11,16,17,10));
#14580=IFCINDEXEDPOLYGONALFACE((8,18,19,9));
#14581=IFCINDEXEDPOLYGONALFACE((10,17,18,8,4));
#14582=IFCCARTESIANPOINTLIST3D(((-0.54916191101074219,-0.073542892932891846,-0.54499620199203491),(0.20073509216308594,-0.073542892932891846,0.24250388145446777),(0.95063209533691406,-0.073542892932891846,1.0300037860870361),(-0.5241619348526001,-0.073542892932891846,-0.51874262094497681),(0.17573508620262146,-0.073542892932891846,0.21625027060508728),(0.22573509812355042,-0.073542892932891846,0.26875749230384827),(0.92563211917877197,-0.073542892932891846,1.003750205039978),(-0.5241619348526001,-0.048542894423007965,-0.51874262094497681),(0.17573508620262146,-0.048542894423007965,0.21625027060508728),(-0.5241619348526001,-0.098542891442775726,-0.51874262094497681),(0.17573508620262146,-0.098542891442775726,0.21625027060508728),(0.22573509812355042,-0.048542894423007965,0.26875749230384827),(0.92563211917877197,-0.048542894423007965,1.003750205039978),(0.22573509812355042,-0.098542891442775726,0.26875749230384827),(0.92563211917877197,-0.098542891442775726,1.003750205039978),(0.17573508620262146,-0.098542891442775726,1.2162503004074097),(-0.5241619348526001,-0.098542891442775726,0.48125737905502319),(-0.5241619348526001,-0.048542894423007965,0.48125737905502319),(0.17573508620262146,-0.048542894423007965,1.2162503004074097),(0.92563211917877197,-0.098542891442775726,2.0037503242492676),(0.22573509812355042,-0.098542891442775726,1.2687574625015259),(0.22573509812355042,-0.048542894423007965,1.2687574625015259),(0.92563211917877197,-0.048542894423007965,2.0037503242492676)));
#14583=IFCPOLYGONALFACESET(#14582,.F.,(#14570,#14571,#14572,#14573,#14574,#14575,#14576,#14577,#14578,#14579,#14580,#14581),$);
#14584=IFCSHAPEREPRESENTATION(#11,'Body','Tessellation',(#14583));
#14586=IFCCARTESIANPOINT((-0.54916191101074219,-0.098542891442775726,-0.54499620199203491));
#14587=IFCBOUNDINGBOX(#14586,1.4997940063476562,0.049999997019767761,2.5487465858459473);
#14588=IFCSHAPEREPRESENTATION(#13,'Box','BoundingBox',(#14587));
#14589=IFCCARTESIANPOINT((0.,0.,0.));
#14590=IFCDIRECTION((1.,0.,0.));
#14591=IFCDIRECTION((0.,0.,1.));
#14592=IFCAXIS2PLACEMENT3D(#14589,#14591,#14590);
#14593=IFCREPRESENTATIONMAP(#14592,#14588);
#14594=IFCCARTESIANPOINT((0.,0.,0.));
#14595=IFCDIRECTION((1.,0.,0.));
#14596=IFCDIRECTION((0.,1.,0.));
#14597=IFCDIRECTION((0.,0.,1.));
#14598=IFCCARTESIANTRANSFORMATIONOPERATOR3D(#14595,#14596,#14594,1.,#14597);
#14599=IFCMAPPEDITEM(#14593,#14598);
#14600=IFCSHAPEREPRESENTATION(#13,'Box','MappedRepresentation',(#14599));
#14601=IFCCARTESIANPOINT((0.,0.,0.));
#14602=IFCDIRECTION((1.,0.,0.));
#14603=IFCDIRECTION((0.,1.,0.));
#14604=IFCDIRECTION((0.,0.,1.));
#14605=IFCCARTESIANTRANSFORMATIONOPERATOR3D(#14602,#14603,#14601,1.,#14604);
#14606=IFCMAPPEDITEM(#14593,#14605);
#14607=IFCSHAPEREPRESENTATION(#13,'Box','MappedRepresentation',(#14606));
#14608=IFCCARTESIANPOINT((0.,0.,0.));
#14609=IFCDIRECTION((1.,0.,0.));
#14610=IFCDIRECTION((0.,1.,0.));
#14611=IFCDIRECTION((0.,0.,1.));
#14612=IFCCARTESIANTRANSFORMATIONOPERATOR3D(#14609,#14610,#14608,1.,#14611);
#14613=IFCMAPPEDITEM(#14593,#14612);
#14614=IFCSHAPEREPRESENTATION(#13,'Box','MappedRepresentation',(#14613));
#14615=IFCCARTESIANPOINT((0.,0.,0.));
#14616=IFCDIRECTION((1.,0.,0.));
#14617=IFCDIRECTION((0.,1.,0.));
#14618=IFCDIRECTION((0.,0.,1.));
#14619=IFCCARTESIANTRANSFORMATIONOPERATOR3D(#14616,#14617,#14615,1.,#14618);
#14620=IFCMAPPEDITEM(#14593,#14619);
#14621=IFCSHAPEREPRESENTATION(#13,'Box','MappedRepresentation',(#14620));
#14622=IFCCARTESIANPOINT((0.,0.,0.));
#14623=IFCDIRECTION((1.,0.,0.));
#14624=IFCDIRECTION((0.,1.,0.));
#14625=IFCDIRECTION((0.,0.,1.));
#14626=IFCCARTESIANTRANSFORMATIONOPERATOR3D(#14623,#14624,#14622,1.,#14625);
#14627=IFCMAPPEDITEM(#14593,#14626);
#14628=IFCSHAPEREPRESENTATION(#13,'Box','MappedRepresentation',(#14627));
#14629=IFCCARTESIANPOINT((0.,0.,0.));
#14630=IFCDIRECTION((1.,0.,0.));
#14631=IFCDIRECTION((0.,1.,0.));
#14632=IFCDIRECTION((0.,0.,1.));
#14633=IFCCARTESIANTRANSFORMATIONOPERATOR3D(#14630,#14631,#14629,1.,#14632);
#14634=IFCMAPPEDITEM(#14593,#14633);
#14635=IFCSHAPEREPRESENTATION(#13,'Box','MappedRepresentation',(#14634));
#14636=IFCCARTESIANPOINT((0.,0.,0.));
#14637=IFCDIRECTION((1.,0.,0.));
#14638=IFCDIRECTION((0.,1.,0.));
#14639=IFCDIRECTION((0.,0.,1.));
#14640=IFCCARTESIANTRANSFORMATIONOPERATOR3D(#14637,#14638,#14636,1.,#14639);
#14641=IFCMAPPEDITEM(#14593,#14640);
#14642=IFCSHAPEREPRESENTATION(#13,'Box','MappedRepresentation',(#14641));
#14643=IFCCARTESIANPOINT((0.,0.,0.));
#14644=IFCDIRECTION((1.,0.,0.));
#14645=IFCDIRECTION((0.,1.,0.));
#14646=IFCDIRECTION((0.,0.,1.));
#14647=IFCCARTESIANTRANSFORMATIONOPERATOR3D(#14644,#14645,#14643,1.,#14646);
#14648=IFCMAPPEDITEM(#14593,#14647);
#14649=IFCSHAPEREPRESENTATION(#13,'Box','MappedRepresentation',(#14648));
#14650=IFCCARTESIANPOINT((2.3612422943115234,0.59111976623535156,0.86999714374542236));
#14651=IFCDIRECTION((0.,0.,1.));
#14652=IFCDIRECTION((1.,0.,0.));
#14653=IFCAXIS2PLACEMENT3D(#14650,#14651,#14652);
#14654=IFCLOCALPLACEMENT(#79,#14653);
#14655=IFCCARTESIANPOINT((4.2868890762329102,0.54257690906524658,1.8137397766113281));
#14656=IFCDIRECTION((0.,0.,1.));
#14657=IFCDIRECTION((1.,0.,0.));
#14658=IFCAXIS2PLACEMENT3D(#14655,#14656,#14657);
#14659=IFCLOCALPLACEMENT(#79,#14658);
#14660=IFCCARTESIANPOINT((4.2868738174438477,2.2807230949401855,1.8399935960769653));
#14661=IFCDIRECTION((0.,0.,1.));
#14662=IFCDIRECTION((1.,0.,0.));
#14663=IFCAXIS2PLACEMENT3D(#14660,#14661,#14662);
#14664=IFCLOCALPLACEMENT(#79,#14663);
#14665=IFCCARTESIANPOINT((2.7877047061920166,2.279627799987793,2.7000010013580322));
#14666=IFCDIRECTION((0.,0.,1.));
#14667=IFCDIRECTION((-0.99999999999994693,-3.2584136988587576E-07,0.));
#14668=IFCAXIS2PLACEMENT3D(#14665,#14666,#14667);
#14669=IFCLOCALPLACEMENT(#79,#14668);
#14670=IFCCARTESIANPOINT((2.7877047061920166,1.3612821102142334,2.7000010013580322));
#14671=IFCDIRECTION((0.,0.,1.));
#14672=IFCDIRECTION((-0.99999999999994693,-3.2584136988587576E-07,0.));
#14673=IFCAXIS2PLACEMENT3D(#14670,#14671,#14672);
#14674=IFCLOCALPLACEMENT(#79,#14673);
ENDSEC;
END-ISO-10303-21;
